Workbook
Name Excel_BuiltIn_Print_Area: '01F1_GTA_A'!$B$3:$P$127
Name Excel_BuiltIn_Print_Area: '01F1_GTA_P'!$B$3:$P$128
Name Excel_BuiltIn_Print_Area: '01F1_KGC_A'!$B$3:$P$126
Name Excel_BuiltIn_Print_Area: '01F1_KGC_P'!$B$3:$O$126
Name Excel_BuiltIn_Print_Area: '87B_AT'!$B$3:$O$40
Name Excel_BuiltIn_Print_Area: '87B_MT1'!$B$3:$P$55
Name Excel_BuiltIn_Print_Area: '87B_MT2'!$B$3:$O$55
Name Excel_BuiltIn_Print_Area: BC1_P1!$B$3:$O$72
Name Excel_BuiltIn_Print_Area: BC2_P1!$B$3:$P$72
Name Excel_BuiltIn_Print_Area: BC3_P2!$B$3:$O$72
Name Excel_BuiltIn_Print_Area: BC4_P2!$B$3:$O$72
Name Excel_BuiltIn_Print_Area: Capa!$B$3:$K$4
Name Excel_BuiltIn_Print_Area: Consistidos!$B$3:$L$44
Name Excel_BuiltIn_Print_Area: CTR!$B$3:$N$36
Name Excel_BuiltIn_Print_Area: GTD_11!$B$3:$O$94
Name Excel_BuiltIn_Print_Area: GTD_12!$B$3:$O$94
Name Excel_BuiltIn_Print_Area: GTD_13!$B$3:$O$94
Name Excel_BuiltIn_Print_Area: GTD_14!$B$3:$O$94
Name Excel_BuiltIn_Print_Area: GTD_15!$B$3:$O$94
Name Excel_BuiltIn_Print_Area: GTD_21!$B$3:$O$94
Name Excel_BuiltIn_Print_Area: GTD_22!$B$3:$O$94
Name Excel_BuiltIn_Print_Area: GTD_23!$B$3:$O$94
Name Excel_BuiltIn_Print_Area: GTD_24!$B$3:$O$94
Name Excel_BuiltIn_Print_Area: GTD_25!$B$3:$O$94
Name Excel_BuiltIn_Print_Area: IB_23kV!$B$3:$P$71
Name Excel_BuiltIn_Print_Area: PSACA_CC!$B$3:$N$79
Name Excel_BuiltIn_Print_Area: SPS_TR1_TR2!$B$3:$M$63
Name Excel_BuiltIn_Print_Area: TR1_A!$B$3:$P$203
Name Excel_BuiltIn_Print_Area: TR1_P!$B$3:$P$185
Name Excel_BuiltIn_Print_Area: TR1_RMT!$B$3:$P$28
Name Excel_BuiltIn_Print_Area: TR2_A!$B$3:$O$203
Name Excel_BuiltIn_Print_Area: TR2_P!$B$3:$N$185
Name Excel_BuiltIn_Print_Area: TR2_RMT!$B$3:$P$28
Name Excel_BuiltIn_Print_Area: 'TRF-1'!$B$3:$P$102
Name Excel_BuiltIn_Print_Area: 'TRF-2'!$B$3:$O$102
Name Excel_BuiltIn_Print_Area: TRF3_A!$B$3:$P$118
Name Excel_BuiltIn_Print_Area: TRF3_P!$B$3:$P$119
Name Excel_BuiltIn_Print_Area: UCCD1!$B$3:$O$48
Name Excel_BuiltIn_Print_Titles: '01F1_GTA_A'!$3:$5
Name Excel_BuiltIn_Print_Titles: '01F1_GTA_P'!$3:$5
Name Excel_BuiltIn_Print_Titles: '01F1_KGC_A'!$3:$5
Name Excel_BuiltIn_Print_Titles: '01F1_KGC_P'!$3:$5
Name Excel_BuiltIn_Print_Titles: '87B_AT'!$3:$5
Name Excel_BuiltIn_Print_Titles: '87B_MT1'!$3:$5
Name Excel_BuiltIn_Print_Titles: '87B_MT2'!$3:$5
Name Excel_BuiltIn_Print_Titles: BC1_P1!$3:$5
Name Excel_BuiltIn_Print_Titles: BC2_P1!$3:$5
Name Excel_BuiltIn_Print_Titles: BC3_P2!$3:$5
Name Excel_BuiltIn_Print_Titles: BC4_P2!$3:$5
Name Excel_BuiltIn_Print_Titles: Capa!$3:$4
Name Excel_BuiltIn_Print_Titles: Consistidos!$3:$5
Name Excel_BuiltIn_Print_Titles: CTR!$3:$5
Name Excel_BuiltIn_Print_Titles: GTD_11!$3:$5
Name Excel_BuiltIn_Print_Titles: GTD_12!$3:$5
Name Excel_BuiltIn_Print_Titles: GTD_13!$3:$5
Name Excel_BuiltIn_Print_Titles: GTD_14!$3:$5
Name Excel_BuiltIn_Print_Titles: GTD_15!$3:$5
Name Excel_BuiltIn_Print_Titles: GTD_21!$3:$5
Name Excel_BuiltIn_Print_Titles: GTD_22!$3:$5
Name Excel_BuiltIn_Print_Titles: GTD_23!$3:$5

Sheet Capa
A1: #VALUE! | C1: SUBESTAÇÃO RGE GRAVATAÍ 4 (SE_GTD)
C2: Lista de Pontos Supervisionados
J3: COS
B6: Rede
B7: IP Adress: | C7: 10.34.13.2
B8: Mascara: | C8: 255255255224
B9: Gateway: | C9: 10.34.13.1
B10: Endereço: | C10: 13
B11: Protocolo N3: | C11: DNP3
B12: Protocolo N2: | C12: Siemens
B13: Protocolo Relés: | C13: IEC-61850
B15: 1. Rede Link
B16: IED | C16: Painel | D16: Módulo | E16: Descrição | F16: Protocolo | G16: IP
B17: SICAM PAS | C17: PSSD | D17: CTR | E17: CONCENTRADORA / DISTRIBUIÇÃO | F17: IEC-61850/DNP3/Modbus | G17: 10.34.13.2
B18: SIEMENS RS900 | C18: PSSD | D18: SW3 | E18: SWITCH | F18: TCP/IP | G18: 10.34.13.3
G19: 10.34.13.4
G20: 10.34.13.5
B21: LANDIS + GYR | C21: PMT1 | D21: 37M1 | E21: MEDIÇÃO PERDAS TR1AT | F21: TCP/IP | G21: 0.0.0.0
B22: LANDIS + GYR | C22: PMT1 | D22: 37M2 | E22: MEDIÇÃO PERDAS TR1MT | F22: TCP/IP | G22: 0.0.0.0
B23: LANDIS + GYR | C23: PMT1 | D23: 37M3 | E23: MEDIÇÃO PERDAS GTD11 (AL11) | F23: TCP/IP | G23: 0.0.0.0
B24: LANDIS + GYR | C24: PMT1 | D24: 37M4 | E24: MEDIÇÃO PERDAS GTD12 (AL12) | F24: TCP/IP | G24: 0.0.0.0
B25: LANDIS + GYR | C25: PMT1 | D25: 37M5 | E25: MEDIÇÃO PERDAS GTD13 (AL13) | F25: TCP/IP | G25: 0.0.0.0
B26: LANDIS + GYR | C26: PMT1 | D26: 37M6 | E26: MEDIÇÃO PERDAS GTD14 (AL14) | F26: TCP/IP | G26: 0.0.0.0
B27: LANDIS + GYR | C27: PMT1 | D27: 37M7 | E27: MEDIÇÃO PERDAS GTD15 (AL15) | F27: TCP/IP | G27: 0.0.0.0
B28: LANDIS + GYR | C28: PMT1 | D28: 37M8 | E28: MEDIÇÃO PERDAS TRF MT1 | F28: TCP/IP | G28: 0.0.0.0
B29: LANDIS + GYR | C29: PMT1 | D29: 37M9 | E29: MEDIÇÃO PERDAS FUT | F29: TCP/IP | G29: 0.0.0.0
B30: LANDIS + GYR | C30: PMT1 | D30: 37M10 | E30: MEDIÇÃO PERDAS FUT | F30: TCP/IP | G30: 0.0.0.0
B31: LANDIS + GYR | C31: PMT1 | D31: 37M11 | E31: MEDIÇÃO PERDAS FUT | F31: TCP/IP | G31: 0.0.0.0
B32: LANDIS + GYR | C32: PMT1 | D32: 37M12 | E32: MEDIÇÃO PERDAS FUT | F32: TCP/IP | G32: 0.0.0.0
... B48: RS900 | C48: PMT2 | D48: SW2 | E48: SWITCH PMT2 | F48: TCP/IP | G48: 0.0.0.0
B52: 2. Rede Local | C52: GTW: 10.39.13.1 | D52: MSK: 255.255.255.192
B53: IED | C53: Painel | D53: Módulo | E53: Descrição | F53: Protocolo | G53: IP
B54: CTR | C54: PSSD | D54: SIEMENS SICAM PAS | E54: CONCENTRADORA / AQUISIÇÃO | F54: IEC-61850/DNP3/Modbus | G54: IP:10.39.13.2
B55: SOL | C55: PSSD | D55: SICAM SCC | E55: OPERAÇÃO, MONITORAMENTO E ANÁLISE LOCAL | F55: IEC-61850 | G55: IP:10.39.13.3
B56: UCCD | C56: PSSD | D56: SIEMENS SICAM A800/UAC | E56: UNIDADE TERMINAL | F56: IEC-61850 | G56: IP:10.39.13.4
B57: GE REASON RT430 | C57: PSSD | D57: GPS | E57: SINCRONIZADOR TEMPORAL | F57: TCP/IP | G57: IP:10.39.13.5
B58: SIEMENS RSG2100 | C58: PSSD | D58: SW T1 | E58: SWITCH | F58: TCP/IP | G58: IP:10.39.13.6
B59: SIEMENS RSG2100 | C59: PSSD | D59: SW T2 | E59: SWITCH | F59: TCP/IP | G59: IP:10.39.13.7
B60: SMAL | C60: PSSD | D60: Maquina Engenharia | E60: OPERAÇÃO, MONITORAMENTO E ANÁLISE LOCAL | F60: TCP/IP | G60: IP:10.39.13.8 | H60: ?
B61: 01F1 | C61: PPL1 | D61: LT_GTA_P | E61: RELÉ DE PROTEÇÃO 7SA86 | F61: IEC-61850 | G61: IP:10.39.13.9
B62: 01F2 | C62: PPL1 | D62: LT_GTA_A | E62: RELÉ DE PROTEÇÃO 7SA86 | F62: IEC-61850 | G62: IP:10.39.13.10
B63: 02F1 | C63: PPL2 | D63: LT_KGC_P | E63: RELÉ DE PROTEÇÃO 7SA86 | F63: IEC-61850 | G63: IP:10.39.13.11
B64: 02F2 | C64: PPL2 | D64: LT_KGC_A | E64: RELÉ DE PROTEÇÃO 7SA86 | F64: IEC-61850 | G64: IP:10.39.13.12
B65: 05F1 | C65: PPT-AT | D65: TRANSFERÊNCIA 69kV_P | E65: RELÉ DE PROTEÇÃO 7SA86 | F65: IEC-61850 | G65: IP:10.39.13.13
B66: 05F2 | C66: PPT-AT | D66: TRANSFERÊNCIA 69kV_A | E66: RELÉ DE PROTEÇÃO 7SA86 | F66: IEC-61850 | G66: IP:10.39.13.14
B67: 06F1 | C67: PPT1 | D67: TRANSFORMADOR 1_P | E67: RELÉ DE PROTEÇÃO 7UT85 | F67: IEC-61850 | G67: IP:10.39.13.15
B68: 06F2 | C68: PPT1 | D68: TRANSFORMADOR 1_A | E68: RELÉ DE PROTEÇÃO 7UT85 | F68: IEC-61850 | G68: IP:10.39.13.16
B69: 06F3 | C69: TR1 | D69: TR1 R90 MT | E69: CONT. TAP E MONITORAMENTO TÉRMICO SEL-2414 | F69: IEC-61850 | G69: IP:10.39.13.17
B70: 07F1 | C70: PPT2 | D70: TRANSFORMADOR 2_P | E70: RELÉ DE PROTEÇÃO 7UT85 | F70: IEC-61850 | G70: IP:10.39.13.18
B71: 07F2 | C71: PPT2 | D71: TRANSFORMADOR 2_A | E71: RELÉ DE PROTEÇÃO 7UT85 | F71: IEC-61850 | G71: IP:10.39.13.19
B72: 07F3 | C72: TR2 | D72: TR2 R90 MT | E72: CONT. TAP E MONITORAMENTO TÉRMICO SEL-2414 | F72: IEC-61850 | G72: IP:10.39.13.20
... B93: 40F1 | C93: PSACA | D93: SERVIÇO AUXILIAR CA/CC | E93: RELÉ DE PROTEÇÃO 7SJ85 | F93: IEC-61850 | G93: IP:10.39.13.41
B97: 3.Rede DNP3
B98: Identificação | E98: Faixa Protocolo
B99: IED | C99: Módulo | D99: Protocolo | E99: Analógicos | F99: Comandos | G99: Digitais
B100: 01F1/01F2 | C100: LT_GTA | D100: PROTOCOLO DNP3 - TCP/IP | E100: 0 - 199 | F100: 0 - 199 | G100: 0 - 199
B101: 02F1/02F2 | C101: LT_KGC | D101: PROTOCOLO DNP3 - TCP/IP | E101: 200 - 399 | F101: 200 - 399 | G101: 200 - 399
B102: 05F1/05F2 | C102: TRANSFERÊNCIA 69kV | D102: PROTOCOLO DNP3 - TCP/IP | E102: 400 - 599 | F102: 400 - 599 | G102: 400 - 599
B103: 06F1/06F2/06F3 | C103: TRANSFORMADOR 1 | D103: PROTOCOLO DNP3 - TCP/IP | E103: 600 - 899 | F103: 600 - 899 | G103: 600 - 899
B104: 07F1/07F2/07F3 | C104: TRANSFORMADOR 2 | D104: PROTOCOLO DNP3 - TCP/IP | E104: 900 - 1199 | F104: 900 - 1199 | G104: 900 - 1199
B105: - | C105: CONSISTIDOS | D105: PROTOCOLO DNP3 - TCP/IP | E105: 1200 - 1249 | F105: 1200 - 1299 | G105: 1200 - 1299
B106: - | C106: PMT1 | D106: PROTOCOLO DNP3 - TCP/IP | E106: 1250 - 1259 | F106: 1250 - 1259 | G106: 1250 - 1259
B107: - | C107: PMT2 | D107: PROTOCOLO DNP3 - TCP/IP | E107: 1260 - 1269 | F107: 1260 - 1269 | G107: 1260 - 1269
B108: - | C108: PSSD | D108: PROTOCOLO DNP3 - TCP/IP | E108: 1270 - 1299 | F108: 1270 - 1299 | G108: 1270 - 1299
B109: 34F1 | C109: PROTEÇÃO DE BARRAS AT | D109: PROTOCOLO DNP3 - TCP/IP | E109: 1300 - 1399 | F109: 1300 - 1399 | G109: 1300 - 1399
B110: 11F1 | C110: ALIMENTADOR 11 GTD11 | D110: PROTOCOLO DNP3 - TCP/IP | E110: 1500 - 1599 | F110: 1500 - 1599 | G110: 1500 - 1599
... B129: 40F1 | C129: SERVIÇO AUXILIAR CA/CC | D129: PROTOCOLO DNP3 - TCP/IP | E129: 3400 - 3499 | F129: 3400 - 3499 | G129: 3400 - 3499

Sheet CTR
A1: #VALUE! | C1: SUBESTAÇÃO RGE GRAVATAÍ 4 (SE_GTD)
C2: Lista de Pontos Supervisionados
C3: Falhas de Comunicação (Origem SICAM PAS) | G3: Concentradora: SICAM PAS | M3: COS
C4: Protocolo: DNP3 | G4: Protocolo: DNP3 IP:10.34.13.2 End:13
A5: IED | B5: Módulo | C5: Descrição do ponto | D5: Variável | E5: Endereço Variável | F5: Variação: | G5: Tipo | H5: Origem | I5: Lógica | J5: Endereço DNP3 | K5: N2 | L5: N3 | M5: NIVEL3
A6: Digitais
A7: 01F1 | B7: LT_GTA | C7: Falha Comunicação IED 01F1 - (Linha GTA - PPL1) | F7: 1 Atuado | G7: Digital Simples | H7: UCCD1 | I7: Direto | J7: *
A8: 01F2 | B8: LT_GTA | C8: Falha Comunicação IED 01F2 - (Linha GTA - PPL1) | F8: 1 Atuado | G8: Digital Simples | H8: UCCD1 | I8: Direto | J8: * | M8: =VLOOKUP(Z8,[1]ETerra_D!$A$1:$D$30000,4,0) -> #N/A
A9: 02F1 | B9: LT_KGC | C9: Falha Comunicação IED 02F1 - (Linha KGC - PPL2) | F9: 1 Atuado | G9: Digital Simples | H9: UCCD1 | I9: Direto | J9: * | M9: =VLOOKUP(Z9,[1]ETerra_D!$A$1:$D$30000,4,0) -> #N/A
A10: 02F2 | B10: LT_KGC | C10: Falha Comunicação IED 02F2 - (Linha KGC - PPL2) | F10: 1 Atuado | G10: Digital Simples | H10: UCCD1 | I10: Direto | J10: * | M10: =VLOOKUP(Z10,[1]ETerra_D!$A$1:$D$30000,4,0) -> #N/A
A11: 05F1 | B11: TRF-3 | C11: Falha Comunicação IED 05F1 - (Transferência 69kV - PPT-AT) | F11: 1 Atuado | G11: Digital Simples | H11: UCCD1 | I11: Direto | J11: * | M11: =VLOOKUP(Z11,[1]ETerra_D!$A$1:$D$30000,4,0) -> #N/A
A12: 05F2 | B12: TRF-3 | C12: Falha Comunicação IED 05F2 - (Transferência 69kV - PPT-AT) | F12: 1 Atuado | G12: Digital Simples | H12: UCCD1 | I12: Direto | J12: * | M12: =VLOOKUP(Z12,[1]ETerra_D!$A$1:$D$30000,4,0) -> #N/A
A13: 34F1 | B13: 87B_AT | C13: Falha Comunicação IED 34F1 - (Diferencial de Barras 69kV - PPBAT) | F13: 1 Atuado | G13: Digital Simples | H13: UCCD1 | I13: Direto | J13: * | M13: =VLOOKUP(Z13,[1]ETerra_D!$A$1:$D$30000,4,0) -> #N/A
A14: 06F1 | B14: TR1 | C14: Falha Comunicação IED 06F1 - (Transformador 1 - PPT1) | F14: 1 Atuado | G14: Digital Simples | H14: UCCD1 | I14: Direto | J14: * | M14: =VLOOKUP(Z14,[1]ETerra_D!$A$1:$D$30000,4,0) -> #N/A
A15: 06F2 | B15: TR1 | C15: Falha Comunicação IED 06F2 - (Transformador 1 - PPT1) | F15: 1 Atuado | G15: Digital Simples | H15: UCCD1 | I15: Direto | J15: * | M15: =VLOOKUP(Z15,[1]ETerra_D!$A$1:$D$30000,4,0) -> #N/A
A16: 06F3 | B16: TR1 | C16: Falha Comunicação IED 06F3 - (Transformador 1 - TR1) | F16: 1 Atuado | G16: Digital Simples | H16: UCCD1 | I16: Direto | J16: *
A17: 07F1 | B17: TR2 | C17: Falha Comunicação IED 07F1 - (Transformador 2 - PPT2) | F17: 1 Atuado | G17: Digital Simples | H17: UCCD1 | I17: Direto | J17: * | M17: =VLOOKUP(Z17,[1]ETerra_D!$A$1:$D$30000,4,0) -> #N/A
A18: 07F2 | B18: TR2 | C18: Falha Comunicação IED 07F2 - (Transformador 2 - PPT2) | F18: 1 Atuado | G18: Digital Simples | H18: UCCD1 | I18: Direto | J18: * | M18: =VLOOKUP(Z18,[1]ETerra_D!$A$1:$D$30000,4,0) -> #N/A
A19: 07F3 | B19: TR2 | C19: Falha Comunicação IED 07F3 - (Transformador 2 - TR2) | F19: 1 Atuado | G19: Digital Simples | H19: UCCD1 | I19: Direto | J19: *
A20: 11F1 | B20: GTD11 | C20: Falha Comunicação IED 11F1 - (Alimentador 11 - Barra P1 - PAL8) | F20: 1 Atuado | G20: Digital Simples | H20: UCCD1 | I20: Direto | J20: * | M20: =VLOOKUP(Z20,[1]ETerra_D!$A$1:$D$30000,4,0) -> #N/A
A21: 12F1 | B21: GTD12 | C21: Falha Comunicação IED 12F1 - (Alimentador 12 - Barra P1 - PAL8) | F21: 1 Atuado | G21: Digital Simples | H21: UCCD1 | I21: Direto | J21: * | M21: =VLOOKUP(Z25,[1]ETerra_D!$A$1:$D$30000,4,0) -> #N/A
A22: 13F1 | B22: GTD13 | C22: Falha Comunicação IED 13F1 - (Alimentador 13 - Barra P1 - PAL8) | F22: 1 Atuado | G22: Digital Simples | H22: UCCD1 | I22: Direto | J22: * | M22: =VLOOKUP(Z21,[1]ETerra_D!$A$1:$D$30000,4,0) -> #N/A
A23: 14F1 | B23: GTD14 | C23: Falha Comunicação IED 14F1 - (Alimentador 14 - Barra P1 - PAL10) | F23: 1 Atuado | G23: Digital Simples | H23: UCCD1 | I23: Direto | J23: * | M23: =VLOOKUP(Z23,[1]ETerra_D!$A$1:$D$30000,4,0) -> #N/A
A24: 15F1 | B24: GTD15 | C24: Falha Comunicação IED 15F1 - (Alimentador 15 - Barra P1 - PAL10) | F24: 1 Atuado | G24: Digital Simples | H24: UCCD1 | I24: Direto | J24: * | M24: =VLOOKUP(Z24,[1]ETerra_D!$A$1:$D$30000,4,0) -> #N/A
A25: 16F1 | B25: TRF-1 | C25: Falha Comunicação IED 16F1 - (Transferência 1 - Barra P1 - PAL10) | F25: 1 Atuado | G25: Digital Simples | H25: UCCD1 | I25: Direto | J25: * | M25: =VLOOKUP(Z22,[1]ETerra_D!$A$1:$D$30000,4,0) -> #N/A
A26: 18F1 | B26: BC1 | C26: Falha Comunicação IED 18F1 - (Banco de Capacitores 1 - Barra P1 - PAL8) | F26: 1 Atuado | G26: Digital Simples | H26: UCCD1 | I26: Direto | J26: * | M26: =VLOOKUP(Z26,[1]ETerra_D!$A$1:$D$30000,4,0) -> #N/A
A27: 19F1 | B27: BC2 | C27: Falha Comunicação IED 19F1 - (Banco de Capacitores 2 - Barra P1 - PAL10) | F27: 1 Atuado | G27: Digital Simples | H27: UCCD1 | I27: Direto | J27: * | M27: =VLOOKUP(Z27,[1]ETerra_D!$A$1:$D$30000,4,0) -> #N/A
A28: 20F1 | B28: IB_23kV | C28: Falha Comunicação IED 20F1 - (Interbarras - Barra P1/P2 - PAL12) | F28: 1 Atuado | G28: Digital Simples | H28: UCCD1 | I28: Direto | J28: * | M28: =VLOOKUP(Z28,[1]ETerra_D!$A$1:$D$30000,4,0) -> #N/A
A29: 21F1 | B29: GTD21 | C29: Falha Comunicação IED 21F1 - (Alimentador 21 - Barra P2 - PAL14) | F29: 1 Atuado | G29: Digital Simples | H29: UCCD1 | I29: Direto | J29: *
A30: 22F1 | B30: GTD22 | C30: Falha Comunicação IED 22F1 - (Alimentador 22 - Barra P2 - PAL14) | F30: 1 Atuado | G30: Digital Simples | H30: UCCD1 | I30: Direto | J30: * | M30: =VLOOKUP(Z30,[1]ETerra_D!$A$1:$D$30000,4,0) -> #N/A
A31: 23F1 | B31: GTD23 | C31: Falha Comunicação IED 23F1 - (Alimentador 23 - Barra P2 - PAL15) | F31: 1 Atuado | G31: Digital Simples | H31: UCCD1 | I31: Direto | J31: * | M31: =VLOOKUP(Z31,[1]ETerra_D!$A$1:$D$30000,4,0) -> #N/A
A32: 24F1 | B32: GTD24 | C32: Falha Comunicação IED 24F1 - (Alimentador 24 - Barra P2 - PAL15) | F32: 1 Atuado | G32: Digital Simples | H32: UCCD1 | I32: Direto | J32: * | M32: =VLOOKUP(Z32,[1]ETerra_D!$A$1:$D$30000,4,0) -> #N/A
A33: 25F1 | B33: GTD25 | C33: Falha Comunicação IED 25F1 - (Alimentador 25 - Barra P2 - PAL15) | F33: 1 Atuado | G33: Digital Simples | H33: UCCD1 | I33: Direto | J33: *
A34: 27F1 | B34: TRF-2 | C34: Falha Comunicação IED 27F1 - (Transferência 2 - Barra P2 - PAL14) | F34: 1 Atuado | G34: Digital Simples | H34: UCCD1 | I34: Direto | J34: * | M34: =VLOOKUP(Z34,[1]ETerra_D!$A$1:$D$30000,4,0) -> #N/A
A35: 28F1 | B35: BC3 | C35: Falha Comunicação IED 28F1 - (Banco de Capacitores 3 - Barra P2 - PAL14) | F35: 1 Atuado | G35: Digital Simples | H35: UCCD1 | I35: Direto | J35: * | M35: =VLOOKUP(Z35,[1]ETerra_D!$A$1:$D$30000,4,0) -> #N/A
A36: 29F1 | B36: BC4 | C36: Falha Comunicação IED 29F1 - (Banco de Capacitores 4 - Barra P2 - PAL15) | F36: 1 Atuado | G36: Digital Simples | H36: UCCD1 | I36: Direto | J36: *
A37: 35F1 | B37: 87B_MT1 | C37: Falha Comunicação IED 35F1 - (Diferencial de Barras 23kV - PPBMT1) | F37: 1 Atuado | G37: Digital Simples | H37: UCCD1 | I37: Direto | J37: * | M37: =VLOOKUP(Z37,[1]ETerra_D!$A$1:$D$30000,4,0) -> #N/A
A38: 36F1 | B38: 87B_MT2 | C38: Falha Comunicação IED 36F1 - (Diferencial de Barras 23kV - PPBMT2) | F38: 1 Atuado | G38: Digital Simples | H38: UCCD1 | I38: Direto | J38: *
A39: 40F1 | B39: PSACA | C39: Falha Interna Relé 40F1 - Painel Serviço Auxiliar - (PSACA) | F39: 1 Atuado | G39: Digital Simples | H39: UCCD1 | I39: Direto | J39: *

Sheet UCCD1
A1: #VALUE! | C1: SUBESTAÇÃO RGE GRAVATAÍ 4 (SE_GTD)
C2: Lista de Pontos Supervisionados A8000
C3: Relé: Siemens A8000 IP: 192.168.0.11 | H3: Concentradora: SICAM PAS | N3: COS
C4: Protocolo: IEC 61850 Versão:2.1 | H4: Protocolo: DNP3 IP:10.34.13.2 End:13
A5: IED | B5: Módulo | C5: Descrição do ponto | D5: Entrada BI.nária | E5: Variável | F5: Endereço Variável | G5: Variação: | H5: Tipo | I5: Origem | J5: Lógica | K5: Endereço DNP3 | L5: N2 | M5: N3 | N5: NIVEL3
A6: Comandos
A7: UCCD1 | B7: 86FD-P | C7: Comando de reset do relé de bloqueio da Barra P 69kV | E7: OUT1D0_Reset_86FDP | F7: UTRCTRL/BO0GGIO0.SPCSO0.ctlVal | G7: On: Reset | H7: Comando S | J7: Direto | K7: 1270
A8: UCCD1 | B8: 86FD-P1 | C8: Comando de reset do relé de bloqueio da Barra P1 23kV | E8: OUT1D1_Reset_86FDP1 | F8: UTRCTRL/BO0GGIO1.SPCSO0.ctlVal | G8: On: Reset | H8: Comando S | J8: Direto | K8: 1271
A9: UCCD1 | B9: 86FD-P2 | C9: Comando de reset do relé de bloqueio da Barra P2 23kV | E9: OUT1D2_Reset_86FDP2 | F9: UTRCTRL/BO0GGIO2.SPCSO0.ctlVal | G9: On: Reset | H9: Comando S | J9: Direto | K9: 1272
A10: Digitais
A11: SW1 | B11: PMT1 | C11: Falha Interna Switch 1 - Painel de medição de perdas 1 - (PMT1) | D11: IN1D0 | E11: IN1D0_PMT1_Falha_SW1 | F11: UTRCTRL/BI0GGIO0.Ind0.stVal | G11: 1 Atuado | H11: Digital Simples | I11: UCCD1 | J11: Direto | K11: 1250 | N11: =VLOOKUP(AA11,[1]ETerra_D!$A$1:$D$30000,4,0) -> #N/A
A12: SW2 | B12: PMT1 | C12: Falha Interna Switch 2 - Painel de medição de perdas 1 - (PMT1) | D12: IN1D1 | E12: IN1D0_PMT1_Falha_SW1 | F12: UTRCTRL/BI0GGIO0.Ind1.stVal | G12: 1 Atuado | H12: Digital Simples | I12: UCCD1 | J12: Direto | K12: 1251 | N12: =VLOOKUP(AA12,[1]ETerra_D!$A$1:$D$30000,4,0) -> #N/A
A13: SW1 | B13: PMT2 | C13: Falha Interna Switch 1 - Painel de medição de perdas 2 - (PMT2) | D13: IN1D2 | E13: IN1D2_PMT2_Falha_SW1 | F13: UTRCTRL/BI0GGIO0.Ind2.stVal | G13: 1 Atuado | H13: Digital Simples | I13: UCCD1 | J13: Direto | K13: 1260 | N13: =VLOOKUP(AA13,[1]ETerra_D!$A$1:$D$30000,4,0) -> #N/A
A14: SW2 | B14: PMT2 | C14: Falha Interna Switch 2 - Painel de medição de perdas 2 - (PMT2) | D14: IN1D3 | E14: IN1D3_PMT2_Falha_SW2 | F14: UTRCTRL/BI0GGIO0.Ind3.stVal | G14: 1 Atuado | H14: Digital Simples | I14: UCCD1 | J14: Direto | K14: 1261 | N14: =VLOOKUP(AA14,[1]ETerra_D!$A$1:$D$30000,4,0) -> #N/A
A15: 01F1 | B15: LT_GTA | C15: Falha Interna Relé 01F1 - (Linha GTA - PPL1) | D15: IN1D4 | E15: IN1D4_PPL1_Falha_01F1 | F15: UTRCTRL/BI0GGIO0.Ind4.stVal | G15: 1 Atuado | H15: Digital Simples | I15: UCCD1 | J15: Direto | K15: *
A16: 01F2 | B16: LT_GTA | C16: Falha Interna Relé 01F2 - (Linha GTA - PPL1) | D16: IN1D5 | E16: IN1D5_PPL1_Falha_01F2 | F16: UTRCTRL/BI0GGIO0.Ind5.stVal | G16: 1 Atuado | H16: Digital Simples | I16: UCCD1 | J16: Direto | K16: * | N16: =VLOOKUP(AA16,[1]ETerra_D!$A$1:$D$30000,4,0) -> #N/A
A17: 02F1 | B17: LT_KGC | C17: Falha Interna Relé 02F1 - (Linha KGC - PPL2) | D17: IN1D6 | E17: IN1D6_PPL2_Falha_02F1 | F17: UTRCTRL/BI0GGIO0.Ind6.stVal | G17: 1 Atuado | H17: Digital Simples | I17: UCCD1 | J17: Direto | K17: * | N17: =VLOOKUP(AA17,[1]ETerra_D!$A$1:$D$30000,4,0) -> #N/A
A18: 02F2 | B18: LT_KGC | C18: Falha Interna Relé 02F2 - (Linha KGC - PPL2) | D18: IN1D7 | E18: IN1D7_PPL2_Falha_02F2 | F18: UTRCTRL/BI0GGIO0.Ind7.stVal | G18: 1 Atuado | H18: Digital Simples | I18: UCCD1 | J18: Direto | K18: * | N18: =VLOOKUP(AA18,[1]ETerra_D!$A$1:$D$30000,4,0) -> #N/A
A19: 05F1 | B19: TRF-3 | C19: Falha Interna Relé 05F1 - (Transferência 69kV - PPT-AT) | D19: IN1D10 | E19: IN1D10_PPTAT_Falha_05F1 | F19: UTRCTRL/BI0GGIO0.Ind10.stVal | G19: 1 Atuado | H19: Digital Simples | I19: UCCD1 | J19: Direto | K19: * | N19: =VLOOKUP(AA19,[1]ETerra_D!$A$1:$D$30000,4,0) -> #N/A
A20: 05F2 | B20: TRF-3 | C20: Falha Interna Relé 05F2 - (Transferência 69kV - PPT-AT) | D20: IN1D11 | E20: IN1D11_PPTAT_Falha_05F2 | F20: UTRCTRL/BI0GGIO0.Ind11.stVal | G20: 1 Atuado | H20: Digital Simples | I20: UCCD1 | J20: Direto | K20: * | N20: =VLOOKUP(AA20,[1]ETerra_D!$A$1:$D$30000,4,0) -> #N/A
A21: 34F1 | B21: 87B_AT | C21: Falha Interna Relé 34F1 - (Diferencial de Barras 69kV - PPBAT) | D21: IN1D12 | E21: IN1D12_PPBAT_Falha_34F1 | F21: UTRCTRL/BI0GGIO0.Ind12.stVal | G21: 1 Atuado | H21: Digital Simples | I21: UCCD1 | J21: Direto | K21: * | N21: =VLOOKUP(AA21,[1]ETerra_D!$A$1:$D$30000,4,0) -> #N/A
A22: 06F1 | B22: TR1 | C22: Falha Interna Relé 06F1 - (Transformador 1 - PPT1) | D22: IN1D13 | E22: IN1D13_PPT1_Falha_06F1 | F22: UTRCTRL/BI0GGIO0.Ind13.stVal | G22: 1 Atuado | H22: Digital Simples | I22: UCCD1 | J22: Direto | K22: * | N22: =VLOOKUP(AA22,[1]ETerra_D!$A$1:$D$30000,4,0) -> #N/A
A23: 06F2 | B23: TR1 | C23: Falha Interna Relé 06F2 - (Transrfomador 1 - PPT1) | D23: IN1D14 | E23: IN1D14_PPT1_Falha_06F2 | F23: UTRCTRL/BI0GGIO0.Ind14.stVal | G23: 1 Atuado | H23: Digital Simples | I23: UCCD1 | J23: Direto | K23: * | N23: =VLOOKUP(AA23,[1]ETerra_D!$A$1:$D$30000,4,0) -> #N/A
A24: 07F1 | B24: TR2 | C24: Falha Interna Relé 07F1 - (Transrfomador 2 - PPT2) | D24: IN1D15 | E24: IN1D15_PPT2_Falha_07F1 | F24: UTRCTRL/BI0GGIO0.Ind15.stVal | G24: 1 Atuado | H24: Digital Simples | I24: UCCD1 | J24: Direto | K24: * | N24: =VLOOKUP(AA24,[1]ETerra_D!$A$1:$D$30000,4,0) -> #N/A
A25: 07F2 | B25: TR2 | C25: Falha Interna Relé 07F2 - (Transrfomador 2 - PPT2) | D25: IN1D16 | E25: IN1D16_PPT2_Falha_07F2 | F25: UTRCTRL/BI0GGIO0.Ind16.stVal | G25: 1 Atuado | H25: Digital Simples | I25: UCCD1 | J25: Direto | K25: * | N25: =VLOOKUP(AA25,[1]ETerra_D!$A$1:$D$30000,4,0) -> #N/A
A26: 35F1 | B26: 87B_MT1 | C26: Falha Interna Relé 35F1 - (Diferencial de Barras 23kV - PPBMT1) | D26: IN1D17 | E26: IN1D17_PPBMT1_Falha_35F1 | F26: UTRCTRL/BI0GGIO0.Ind17.stVal | G26: 1 Atuado | H26: Digital Simples | I26: UCCD1 | J26: Direto | K26: * | N26: =VLOOKUP(AA26,[1]ETerra_D!$A$1:$D$30000,4,0) -> #N/A
A27: 36F1 | B27: 87B_MT2 | C27: Falha Interna Relé 36F1 - (Diferencial de Barras 23kV - PPBMT2) | D27: IN2D0 | E27: IN2D0_PPBMT2_Falha_36F1 | F27: UTRCTRL/BI1GGIO1.Ind0.stVal | G27: 1 Atuado | H27: Digital Simples | I27: UCCD1 | J27: Direto | K27: *
A28: 11F1 | B28: GTD11 | C28: Falha Interna Relé 11F1 - (Alimentador 11 - Barra P1 - PAL8) | D28: IN2D2 | E28: IN2D2_PAL8_Falha_11F1 | F28: UTRCTRL/BI1GGIO1.Ind2.stVal | G28: 1 Atuado | H28: Digital Simples | I28: UCCD1 | J28: Direto | K28: * | N28: =VLOOKUP(AA28,[1]ETerra_D!$A$1:$D$30000,4,0) -> #N/A
A29: 12F1 | B29: GTD12 | C29: Falha Interna Relé 12F1 - (Alimentador 12 - Barra P1 - PAL8) | D29: IN2D3 | E29: IN2D3_PAL8_Falha_12F1 | F29: UTRCTRL/BI1GGIO1.Ind3.stVal | G29: 1 Atuado | H29: Digital Simples | I29: UCCD1 | J29: Direto | K29: * | N29: =VLOOKUP(AA33,[1]ETerra_D!$A$1:$D$30000,4,0) -> #N/A
A30: 13F1 | B30: GTD13 | C30: Falha Interna Relé 13F1 - (Alimentador 13 - Barra P1 - PAL8) | D30: IN2D4 | E30: IN2D4_PAL8_Falha_13F1 | F30: UTRCTRL/BI1GGIO1.Ind4.stVal | G30: 1 Atuado | H30: Digital Simples | I30: UCCD1 | J30: Direto | K30: * | N30: =VLOOKUP(AA29,[1]ETerra_D!$A$1:$D$30000,4,0) -> #N/A
A31: 14F1 | B31: GTD14 | C31: Falha Interna Relé 14F1 - (Alimentador 14 - Barra P1 - PAL10) | D31: IN2D6 | E31: IN2D6_PAL10_Falha_14F1 | F31: UTRCTRL/BI1GGIO1.Ind6.stVal | G31: 1 Atuado | H31: Digital Simples | I31: UCCD1 | J31: Direto | K31: * | N31: =VLOOKUP(AA31,[1]ETerra_D!$A$1:$D$30000,4,0) -> #N/A
A32: 15F1 | B32: GTD15 | C32: Falha Interna Relé 15F1 - (Alimentador 15 - Barra P1 - PAL10) | D32: IN2D7 | E32: IN2D7_PAL10_Falha_15F1 | F32: UTRCTRL/BI1GGIO1.Ind7.stVal | G32: 1 Atuado | H32: Digital Simples | I32: UCCD1 | J32: Direto | K32: * | N32: =VLOOKUP(AA32,[1]ETerra_D!$A$1:$D$30000,4,0) -> #N/A
A33: 16F1 | B33: TRF-1 | C33: Falha Interna Relé 16F1 - (Transferência 1 - Barra P1 - PAL10) | D33: IN2D5 | E33: IN2D5_PAL10_Falha_16F1 | F33: UTRCTRL/BI1GGIO1.Ind5.stVal | G33: 1 Atuado | H33: Digital Simples | I33: UCCD1 | J33: Direto | K33: * | N33: =VLOOKUP(AA30,[1]ETerra_D!$A$1:$D$30000,4,0) -> #N/A
A34: 18F1 | B34: BC1 | C34: Falha Interna Relé 18F1 - (Banco de Capacitores 1 - Barra P1 - PAL8) | D34: IN2D1 | E34: IN2D1_PAL8_Falha_18F1 | F34: UTRCTRL/BI1GGIO1.Ind1.stVal | G34: 1 Atuado | H34: Digital Simples | I34: UCCD1 | J34: Direto | K34: * | N34: =VLOOKUP(AA34,[1]ETerra_D!$A$1:$D$30000,4,0) -> #N/A
A35: 19F1 | B35: BC2 | C35: Falha Interna Relé 19F1 - (Banco de Capacitores 2 - Barra P1 - PAL10) | D35: IN2D10 | E35: IN2D10_PAL10_Falha_19F1 | F35: UTRCTRL/BI1GGIO1.Ind10.stVal | G35: 1 Atuado | H35: Digital Simples | I35: UCCD1 | J35: Direto | K35: * | N35: =VLOOKUP(AA35,[1]ETerra_D!$A$1:$D$30000,4,0) -> #N/A
A36: 20F1 | B36: IB_23kV | C36: Falha Interna Relé 20F1 - (Interbarras - Barra P1/P2 - PAL12) | D36: IN2D11 | E36: IN2D11_PAL12_Falha_20F1 | F36: UTRCTRL/BI1GGIO1.Ind11.stVal | G36: 1 Atuado | H36: Digital Simples | I36: UCCD1 | J36: Direto | K36: * | N36: =VLOOKUP(AA36,[1]ETerra_D!$A$1:$D$30000,4,0) -> #N/A
A37: 21F1 | B37: GTD21 | C37: Falha Interna Relé 21F1 - (Alimentador 21 - Barra P2 - PAL14) | D37: IN2D13 | E37: IN2D13_PAL14_Falha_21F1 | F37: UTRCTRL/BI1GGIO1.Ind13.stVal | G37: 1 Atuado | H37: Digital Simples | I37: UCCD1 | J37: Direto | K37: *
A38: 22F1 | B38: GTD22 | C38: Falha Interna Relé 22F1 - (Alimentador 22 - Barra P2 - PAL14) | D38: IN2D14 | E38: IN2D14_PAL14_Falha_22F1 | F38: UTRCTRL/BI1GGIO1.Ind14.stVal | G38: 1 Atuado | H38: Digital Simples | I38: UCCD1 | J38: Direto | K38: * | N38: =VLOOKUP(AA38,[1]ETerra_D!$A$1:$D$30000,4,0) -> #N/A
A39: 23F1 | B39: GTD23 | C39: Falha Interna Relé 23F1 - (Alimentador 23 - Barra P2 - PAL15) | D39: IN2D16 | E39: IN2D16_PAL15_Falha_23F1 | F39: UTRCTRL/BI1GGIO1.Ind16.stVal | G39: 1 Atuado | H39: Digital Simples | I39: UCCD1 | J39: Direto | K39: * | N39: =VLOOKUP(AA39,[1]ETerra_D!$A$1:$D$30000,4,0) -> #N/A
A40: 24F1 | B40: GTD24 | C40: Falha Interna Relé 24F1 - (Alimentador 24 - Barra P2 - PAL15) | D40: IN2D17 | E40: IN2D17_PAL15_Falha_24F1 | F40: UTRCTRL/BI1GGIO1.Ind17.stVal | G40: 1 Atuado | H40: Digital Simples | I40: UCCD1 | J40: Direto | K40: * | N40: =VLOOKUP(AA40,[1]ETerra_D!$A$1:$D$30000,4,0) -> #N/A
A41: 25F1 | B41: GTD25 | C41: Falha Interna Relé 25F1 - (Alimentador 25 - Barra P2 - PAL15) | D41: IN3D0 | E41: IN3D0_PAL15_Falha_25F1 | F41: UTRCTRL/BI2GGIO2.Ind0.stVal | G41: 1 Atuado | H41: Digital Simples | I41: UCCD1 | J41: Direto | K41: *
A42: 27F1 | B42: TRF-2 | C42: Falha Interna Relé 27F1 - (Transferência 2 - Barra P2 - PAL14) | D42: IN2D15 | E42: IN2D15_PAL14_Falha_27F1 | F42: UTRCTRL/BI1GGIO1.Ind15.stVal | G42: 1 Atuado | H42: Digital Simples | I42: UCCD1 | J42: Direto | K42: * | N42: =VLOOKUP(AA42,[1]ETerra_D!$A$1:$D$30000,4,0) -> #N/A
A43: 28F1 | B43: BC3 | C43: Falha Interna Relé 28F1 - (Banco de Capacitores 3 - Barra P2 - PAL14) | D43: IN2D12 | E43: IN2D12_PAL14_Falha_28F1 | F43: UTRCTRL/BI1GGIO1.Ind12.stVal | G43: 1 Atuado | H43: Digital Simples | I43: UCCD1 | J43: Direto | K43: * | N43: =VLOOKUP(AA43,[1]ETerra_D!$A$1:$D$30000,4,0) -> #N/A
A44: 29F1 | B44: BC4 | C44: Falha Interna Relé 29F1 - (Banco de Capacitores 4 - Barra P2 - PAL15) | D44: IN3D1 | E44: IN3D1_PAL15_Falha_29F1 | F44: UTRCTRL/BI2GGIO2.Ind1.stVal | G44: 1 Atuado | H44: Digital Simples | I44: UCCD1 | J44: Direto | K44: *
A45: SW1 | B45: PSSD | C45: Falha Interna Switch 1 - Painel Concentradora - (PSSD) | D45: IN3D2 | E45: IN3D2_PSSD_Falha_SWT1 | F45: UTRCTRL/BI2GGIO2.Ind2.stVal | G45: 1 Atuado | H45: Digital Simples | I45: UCCD1 | J45: Direto | K45: 1270 | N45: =VLOOKUP(AA45,[1]ETerra_D!$A$1:$D$30000,4,0) -> #N/A
A46: SW2 | B46: PSSD | C46: Falha Interna Switch - 2 Painel Concentradora - (PSSD) | D46: IN3D3 | E46: IN3D3_PSSD_Falha_SWT2 | F46: UTRCTRL/BI2GGIO2.Ind3.stVal | G46: 1 Atuado | H46: Digital Simples | I46: UCCD1 | J46: Direto | K46: 1271 | N46: =VLOOKUP(AA46,[1]ETerra_D!$A$1:$D$30000,4,0) -> #N/A
A47: GPS | B47: PSSD | C47: Falha Interna Sincronizador de Tempo - Painel Concentradora - (PSSD) | D47: IN3D4 | E47: IN3D4_PSSD_Falha_GPS | F47: UTRCTRL/BI2GGIO2.Ind4.stVal | G47: 1 Atuado | H47: Digital Simples | I47: UCCD1 | J47: Direto | K47: 1272 | N47: =VLOOKUP(AA47,[1]ETerra_D!$A$1:$D$30000,4,0) -> #N/A
A48: 40F1 | B48: PSACA | C48: Falha Interna Relé 40F1 - Painel Serviço Auxiliar - (PSACA) | D48: IN3D5 | E48: IN3D5_PSACA_Falha_40F1 | F48: UTRCTRL/BI2GGIO2.Ind5.stVal | G48: 1 Atuado | H48: Digital Simples | I48: UCCD1 | J48: Direto | K48: * | N48: =VLOOKUP(AA48,[1]ETerra_D!$A$1:$D$30000,4,0) -> #N/A

Sheet Consistidos
A1: #VALUE! | C1: SUBESTAÇÃO RGE GRAVATAÍ 4 (SE_GTD)
C2: Lista de Pontos Consistidos para Barras P/P1/P2
F3: Concentradora: SICAM PAS | K3: COS
C4: Protocolo: IEC 61850 Versão:2.1 | F4: Protocolo: DNP3 IP:10.34.13.2 End:13
A5: IED | B5: Módulo | C5: Descrição do ponto | D5: Variável | E5: Endereço Variável | F5: Tipo | G5: Lógica | H5: Endereço DNP3 | I5: N2 | J5: N3 | K5: NIVEL3
A6: Digitais Barra P 69kV
A7: 01F1 | B7: LT_GTA | C7: 87FD-P Atuado | D7: BI.4.10 86FDP Atuado | E7: GTA_01F1/Application/USER1/BI410 | G7: Consistido | H7: 1200 | K7: =VLOOKUP(X7,[1]ETerra_D!$A$1:$D$30000,4,0) -> #N/A
A8: 34F1 | B8: 87B-AT | C8: 86FD-P Atuado | D8: ='87B_AT'!F18 -> BI.2.2 86FDP Atuado | E8: ='87B_AT'!G18 -> Barra_87B_AT/ApplicationBusBarProt/USER1/BI202 | K8: =VLOOKUP(X8,[1]ETerra_D!$A$1:$D$30000,4,0) -> #N/A
A9: Digitais Barra P1 23kV
A10: 06F2 | B10: TR1_MT | C10: 86FD-P1 Atuado | D10: BI.6.37 86FD-P1 Atuado | E10: TR1_06F2/Application/USER1/BI637 | G10: Consistido | H10: 1201 | K10: =VLOOKUP(X10,[1]ETerra_D!$A$1:$D$30000,4,0) -> #N/A
A11: 35F1 | B11: 87B-MT1 | C11: 86FD-P1 Atuado | D11: ='87B_MT1'!F18 -> BI.2.2 86FDP1 Atuado | E11: ='87B_MT1'!G18 -> Barra_87B_MT1/ApplicationBusBarProt/USER1/BI202
A12: Digitais Barra P2 23kV
A13: 07F2 | B13: TR2-MT | C13: 86FD-P2 Atuado | D13: BI.6.37 86FD-P2 Atuado | E13: TR2_07F2/Application/USER1/BI637 | G13: Consistido | H13: 1202 | K13: =VLOOKUP(X13,[1]ETerra_D!$A$1:$D$30000,4,0) -> #N/A
A14: 26F1 | B14: 87B-MT2 | C14: 86FD-P2 Atuado | D14: ='87B_MT2'!F18 -> BI.2.2 86FDP2 Atuado | E14: ='87B_MT2'!G18 -> Barra_87B_MT2/ApplicationBusBarProt/USER1/BI202 | K14: =VLOOKUP(X14,[1]ETerra_D!$A$1:$D$30000,4,0) -> #N/A
A15: Analógicos Barra P 69kV
A16: 07F1 | B16: B69P | C16: Tensão Barra P Fases AB | D16: Vpp:AB | E16: TR2_07F1/PTS1_OperationalValues/RPRE_MMXU1/PPV/phsAB | F16: Analógico | G16: Consistido | H16: 1200 | K16: =VLOOKUP(X16,[1]ETerra_D!$A$1:$D$30000,4,0) -> #N/A
A17: 06F1 | B17: B69P | C17: Tensão Barra P Fases AB | D17: Vpp:AB | E17: TR1_06F1/PTS1_OperationalValues/RPRE_MMXU1/PPV/phsAB | F17: Analógico | K17: =VLOOKUP(X17,[1]ETerra_D!$A$1:$D$30000,4,0) -> #N/A
A18: Analógicos Barra P1 23kV
A19: 06F2 | B19: P1_23kV | C19: Tensão Barra P1 Fases AB | D19: Vpp:AB | E19: TR1_06F2/PTS2_OperationalValues/RPRE_MMXU1/PPV/phsAB | F19: Analógico | G19: Consistido | H19: 1201 | K19: =VLOOKUP(X19,[1]ETerra_D!$A$1:$D$30000,4,0) -> #N/A
A20: 16F1 | B20: B23P1 | C20: Tensão Barra P1 Fases AB | D20: Vpp:AB | E20: TRF1/VI3p1_OperationalValues/RPRE_MMXU1/PPV/phsAB | F20: Analógico | K20: =VLOOKUP(X20,[1]ETerra_D!$A$1:$D$30000,4,0) -> #N/A
A21: Analógicos Barra P2 23kV
A22: 07F2 | B22: P2_23kV | C22: Tensão Barra P2 Fases AB | D22: Vpp:AB | E22: TR2_07F2/PTS2_OperationalValues/RPRE_MMXU1/PPV/phsAB | F22: Analógico | G22: Consistido | H22: 1202 | K22: =VLOOKUP(X22,[1]ETerra_D!$A$1:$D$30000,4,0) -> #N/A
A23: 27F1 | B23: B23P2 | C23: Tensão Barra P2 Fases AB | D23: Vpp:AB | E23: TRF2/VI3p1_OperationalValues/RPRE_MMXU1/PPV/phsAB | F23: Analógico
K24: =VLOOKUP(X24,[1]ETerra_D!$A$1:$D$30000,4,0) -> #N/A
K25: =VLOOKUP(X25,[1]ETerra_D!$A$1:$D$30000,4,0) -> #N/A
K26: =VLOOKUP(X28,[1]ETerra_D!$A$1:$D$30000,4,0) -> #N/A
K27: =VLOOKUP(X26,[1]ETerra_D!$A$1:$D$30000,4,0) -> #N/A
K28: =VLOOKUP(X27,[1]ETerra_D!$A$1:$D$30000,4,0) -> #N/A
K29: =VLOOKUP(X29,[1]ETerra_D!$A$1:$D$30000,4,0) -> #N/A
K30: =VLOOKUP(X30,[1]ETerra_D!$A$1:$D$30000,4,0) -> #N/A
K31: =VLOOKUP(X31,[1]ETerra_D!$A$1:$D$30000,4,0) -> #N/A
K32: =VLOOKUP(X32,[1]ETerra_D!$A$1:$D$30000,4,0) -> #N/A
K33: =VLOOKUP(X33,[1]ETerra_D!$A$1:$D$30000,4,0) -> #N/A
K35: =VLOOKUP(X35,[1]ETerra_D!$A$1:$D$30000,4,0) -> #N/A
K36: =VLOOKUP(X36,[1]ETerra_D!$A$1:$D$30000,4,0) -> #N/A
K37: =VLOOKUP(X37,[1]ETerra_D!$A$1:$D$30000,4,0) -> #N/A
K38: =VLOOKUP(X38,[1]ETerra_D!$A$1:$D$30000,4,0) -> #N/A
K41: =VLOOKUP(X41,[1]ETerra_D!$A$1:$D$30000,4,0) -> #N/A
K42: =VLOOKUP(X42,[1]ETerra_D!$A$1:$D$30000,4,0) -> #N/A
K43: =VLOOKUP(X43,[1]ETerra_D!$A$1:$D$30000,4,0) -> #N/A
K44: =VLOOKUP(X44,[1]ETerra_D!$A$1:$D$30000,4,0) -> #N/A

Sheet 01F1_GTA_P
A1: #VALUE! | C1: SUBESTAÇÃO RGE GRAVATAÍ 4 (SE_GTD) | K1: Consistido: Consistir IED Principal e Alternado (DNP em Vermelho) Direto: Aquisição direta do IED CMD. Direto: Comando Direct (Enviar para Principal e Alternado
C2: Lista de Pontos Supervisionados LT_GTA Unidade Principal
C3: Relé: Siemens 7SA86 Shorcode: P1A639088 | G3: =Capa!G61 -> IP:10.39.13.9 | I3: Concentradora: SICAM PAS | O3: COS
C4: Protocolo: IEC 61850 Versão:2.1 FW: V9.8 FW Comm: V9.8 | I4: Protocolo: DNP3 IP:10.34.13.2 End:13
A5: IED | B5: Módulo | C5: Descrição do ponto | D5: Entrada BI.nária | E5: Saída BI.nária | F5: Variável | G5: Endereço Variável | H5: Variação: | I5: Tipo | J5: Origem | K5: Lógica | L5: Endereço DNP3 | M5: N2 | N5: N3 | O5: NIVEL3
A6: Analógicas
A7: 01F1 | B7: LT_GTA | C7: Corrente Fase A | D7: 1IA | F7: Iph:A | G7: GTA_01F1/CB1_Fundamental/FPRE_MMXU1/A/phsA | I7: Analógico | J7: 1F1/1F2 | K7: Consistido | L7: 0 | O7: =VLOOKUP(AB7,[1]ETerra_A!$A$1:$D$30000,3,0) -> #N/A
A8: 01F1 | B8: LT_GTA | C8: Corrente Fase B | D8: 1IB | F8: Iph:B | G8: GTA_01F1/CB1_Fundamental/FPRE_MMXU1/A/phsB | I8: Analógico | J8: 1F1/1F2 | K8: Consistido | L8: 1 | O8: =VLOOKUP(AB8,[1]ETerra_A!$A$1:$D$30000,3,0) -> #N/A
A9: 01F1 | B9: LT_GTA | C9: Corrente Fase C | D9: 1IC | F9: Iph:C | G9: GTA_01F1/CB1_Fundamental/FPRE_MMXU1/A/phsC | I9: Analógico | J9: 1F1/1F2 | K9: Consistido | L9: 2 | O9: =VLOOKUP(AB9,[1]ETerra_A!$A$1:$D$30000,3,0) -> #N/A
A10: 01F1 | B10: B69P | C10: Tensão Barra Fases AB | D10: 1V1 | F10: Vpp:AB | G10: GTA_01F1/CB1_Fundamental/FPRE_MMXU1/PPV/phsAB | I10: Analógico | J10: 1F1/1F2 | K10: Consistido | L10: 3 | O10: =VLOOKUP(AB10,[1]ETerra_A!$A$1:$D$30000,3,0) -> #N/A
A11: 01F1 | B11: B69P | C11: Tensão Barra Fases BC | D11: 1V2 | F11: Vpp:BC | G11: GTA_01F1/CB1_Fundamental/FPRE_MMXU1/PPV/phsBC | I11: Analógico | J11: 1F1/1F2 | K11: Consistido | L11: 4 | O11: =VLOOKUP(AB11,[1]ETerra_A!$A$1:$D$30000,3,0) -> #N/A
A12: 01F1 | B12: B69P | C12: Tensão Barra Fases CA | D12: 1V3 | F12: Vpp:CA | G12: GTA_01F1/CB1_Fundamental/FPRE_MMXU1/PPV/phsCA | I12: Analógico | J12: 1F1/1F2 | K12: Consistido | L12: 5 | O12: =VLOOKUP(AB12,[1]ETerra_A!$A$1:$D$30000,3,0) -> #N/A
A13: 01F1 | B13: LT_GTA | C13: Tensão Linha (Fase B) | D13: 1V4 | F13: V2 | G13: GTA_01F1/CB1_25Synchronization/GENRSYN1/V2Clc | I13: Analógico | J13: 1F1/1F2 | K13: Consistido | L13: 6 | O13: =VLOOKUP(AB13,[1]ETerra_A!$A$1:$D$30000,3,0) -> #N/A
A14: 01F1 | B14: LT_GTA | C14: Potência Ativa | F14: P tot | G14: GTA_01F1/Ln1_OperationalValues/PPRE_MMXU1/TotW | I14: Analógico | J14: 1F1/1F2 | K14: Consistido | L14: 7 | O14: =VLOOKUP(AB14,[1]ETerra_A!$A$1:$D$30000,3,0) -> #N/A
A15: 01F1 | B15: LT_GTA | C15: Potência Reativa | F15: Q tot | G15: GTA_01F1/Ln1_OperationalValues/PPRE_MMXU1/TotVAr | I15: Analógico | J15: 1F1/1F2 | K15: Consistido | L15: 8 | O15: =VLOOKUP(AB15,[1]ETerra_A!$A$1:$D$30000,3,0) -> #N/A
A16: 01F1 | B16: LT_GTA | C16: Distancia da Última Falta | F16: VD.091 Distância da Falta | G16: GTA_01F1/Application/USER3/VA001 | I16: Analógico | J16: 1F1 | K16: Direto | L16: 9 | O16: =VLOOKUP(AB16,[1]ETerra_A!$A$1:$D$30000,3,0) -> #N/A
A17: Comandos
A18: 01F1 | B18: LT_GTA | C18: Disj. 52-1 (01Q0) - Desligar / Ligar | E18: 1.3/1.1 | F18: Comando DJ/Pos | G18: GTA_01F1/CB1/CSWI1/Pos | H18: ON: Ligar / OFF: Desligar | I18: Comando D | J18: 1F1/1F2 | K18: CMD Direto | L18: 0 | O18: =VLOOKUP(AB18,[1]ETerra_C!$A$1:$D$30000,2,0) -> #N/A
A19: 01F1 | B19: LT_GTA | C19: Secc. 89-2 (01Q1 Barra) - Abrir / Fechar | E19: 3.2/3.3 | F19: Comando 89 Barra | G19: GTA_01F1/Dc1/CSWI1/Pos | H19: ON: Fechar / OFF: Abrir | I19: Comando D | J19: 1F1/1F2 | K19: CMD Direto | L19: 1 | O19: =VLOOKUP(AB19,[1]ETerra_C!$A$1:$D$30000,2,0) -> #N/A
A20: 01F1 | B20: LT_GTA | C20: Secc. 89-4 (01Q2 Linha) - Abrir / Fechar | E20: 4.2/4.3 | F20: Comando 89 Linha | G20: GTA_01F1/Dc2/CSWI1/Pos | H20: ON: Fechar / OFF: Abrir | I20: Comando D | J20: 1F1/1F2 | K20: CMD Direto | L20: 2 | O20: =VLOOKUP(AB20,[1]ETerra_C!$A$1:$D$30000,2,0) -> #N/A
A21: 01F1 | B21: LT_GTA | C21: Secc. 89-6 (01Q3 Contorno) - Abrir / Fechar | E21: 3.5/3.6 | F21: Comando 89 Contorno | G21: GTA_01F1/Dc3/CSWI1/Pos | H21: ON: Fechar / OFF: Abrir | I21: Comando D | J21: 1F1/1F2 | K21: CMD Direto | L21: 3 | O21: =VLOOKUP(AB21,[1]ETerra_C!$A$1:$D$30000,2,0) -> #N/A
A22: 01F1 | B22: LT_GTA | C22: Religamento Automático (79) - Excluir / Incluir | F22: CMD RMT.01 79 Excluír/Incluír | G22: GTA_01F1/Application/USER7/CMD001 | H22: ON: Incluí / OFF: Excluí | I22: Comando D | J22: 1F1/1F2 | K22: CMD Direto | L22: 4 | O22: =VLOOKUP(AB22,[1]ETerra_C!$A$1:$D$30000,2,0) -> #N/A
A23: 01F1 | B23: LT_GTA | C23: Grupo de Ajustes 2 - Excluir / Incluir | F23: CMD RMT.02 Troca de Grupo | G23: GTA_01F1/Application/USER7/CMD002 | H23: ON: Incluí / OFF: Excluí | I23: Comando D | J23: 1F1/1F2 | K23: CMD Direto | L23: 5 | O23: =VLOOKUP(AB23,[1]ETerra_C!$A$1:$D$30000,2,0) -> #N/A
A24: 01F1 | B24: LT_GTA | C24: Check de Sincronismo (25) - Bloquear / Desbloquear | F24: CMD RMT.03 25 Bloqueio/Desbloqueio | G24: GTA_01F1/Application/USER7/CMD003 | H24: ON: Incluí / OFF: Excluí | I24: Comando D | J24: 1F1/1F2 | K24: CMD Direto | L24: 6
A25: 01F1 | B25: LT_GTA | C25: Reserva para Aplicação Futura RGE | F25: CMD RMT.004 Reserva | G25: GTA_01F1/Application/USER7/CMD004 | H25: ON: Incluí / OFF: Excluí | I25: Comando D | J25: 1F1/1F2 | K25: CMD Direto | L25: 7
A26: 01F1 | B26: LT_GTA | C26: Reserva para Aplicação Futura RGE | F26: CMD RMT.005 Reserva | G26: GTA_01F1/Application/USER7/CMD005 | H26: ON: Incluí / OFF: Excluí | I26: Comando D | J26: 1F1/1F2 | K26: CMD Direto | L26: 8
A27: Digitais (Controle)
A28: Disjuntor 52-1 (01Q0)
A29: 01F1 | B29: LT_GTA | C29: Disj. 52-1 (01Q0) - Desligado | D29: 3.1 | F29: VD.001 DJ 52 Desligado Consistido | G29: GTA_01F1/Application/USER3/VD001 | H29: 1 Desligado | I29: Digital Simples | J29: 1F1/1F2 | K29: Consistido | L29: 1 | O29: =VLOOKUP(AB29,[1]ETerra_D!$A$1:$D$30000,4,0) -> #N/A
A30: 01F1 | B30: LT_GTA | C30: Disj. 52-1 (01Q0) - Ligado | D30: 3.2 | F30: VD.002 DJ 52 Ligado Consistido | G30: GTA_01F1/Application/USER3/VD002 | H30: 1 Ligado | I30: Digital Simples | J30: 1F1/1F2 | K30: Consistido | L30: 2 | O30: =VLOOKUP(AB30,[1]ETerra_D!$A$1:$D$30000,4,0) -> #N/A
A31: 01F1 | B31: LT_GTA | C31: Disj. 52-1 (01Q0) - Indefinido | F31: VD.003 DJ 52 Indefinido | G31: GTA_01F1/Application/USER3/VD003 | H31: 1 Alarme | I31: Digital Simples | J31: 1F1/1F2 | K31: Consistido | L31: - | M31: N2
A32: 01F1 | B32: LT_GTA | C32: Disj. 52-1 (01Q0) - Baixa Pressão SF6 - Alarme | D32: 3.3 | F32: BI.3.3 DJ 52 SF6 1º Estagio | G32: GTA_01F1/Application/USER1/BI303 | H32: 1 Alarme | I32: Digital Simples | J32: 1F1/1F2 | K32: Consistido | L32: 3 | O32: =VLOOKUP(AB32,[1]ETerra_D!$A$1:$D$30000,4,0) -> #N/A
A33: 01F1 | B33: LT_GTA | C33: Disj. 52-1 (01Q0) - Baixa Pressão SF6 - Bloqueio | D33: 3.4 | F33: BI.3.4 DJ 52 SF6 2º Estagio | G33: GTA_01F1/Application/USER1/BI304 | H33: 1 Alarme | I33: Digital Simples | J33: 1F1/1F2 | K33: Consistido | L33: 4 | O33: =VLOOKUP(AB33,[1]ETerra_D!$A$1:$D$30000,4,0) -> #N/A
A34: 01F1 | B34: LT_GTA | C34: Disj. 52-1 (01Q0) - Mola Descarregada ou FVCC CMD. Bob. Ab. 1 ou 2 | D34: 3.5 | F34: VD.036 52 Mola Descarregada Temporizada | G34: GTA_01F1/Application/USER3/VD036 | H34: 1 Alarme | I34: Digital Simples | J34: 1F1/1F2 | K34: Consistido | L34: 5 | O34: =VLOOKUP(AB34,[1]ETerra_D!$A$1:$D$30000,4,0) -> #N/A
A35: 01F1 | B35: LT_GTA | C35: Disj. 52-1 (01Q0) - Chave 43LR Pos. Remoto | D35: 3.6 | F35: BI.3.6 DJ 52 43LR Remoto | G35: GTA_01F1/Application/USER1/BI306 | H35: 1 Normal | I35: Digital Simples | J35: 1F1/1F2 | K35: Consistido | L35: 6 | O35: =VLOOKUP(AB35,[1]ETerra_D!$A$1:$D$30000,4,0) -> #N/A
A36: 01F1 | B36: LT_GTA | C36: Disj. 52-1 (01Q0) – Supervisão Bobina de Ligar | D36: 4.1 | F36: VD.035 52 Falha Bob. Ligar | G36: GTA_01F1/Application/USER3/VD035 | H36: 1 Alarme | I36: Digital Simples | J36: 1F1/1F2 | K36: Consistido | L36: 7 | O36: =VLOOKUP(AB36,[1]ETerra_D!$A$1:$D$30000,4,0) -> #N/A
A37: 01F1 | B37: LT_GTA | C37: Disj. 52-1 (01Q0) - Supervisão Bobina Desligar 1 | D37: 4.2 | F37: VD.033 52 Falha Bob. Aber. 1 | G37: GTA_01F1/Application/USER3/VD033 | H37: 1 Alarme | I37: Digital Simples | J37: 1F1/1F2 | K37: Consistido | L37: 8
A38: 01F1 | B38: LT_GTA | C38: Disj. 52-1 (01Q0) - Supervisão Bobina Desligar 2 | D38: 4.3 | F38: VD.034 52 Falha Bob. Abert. 2 | G38: GTA_01F1/Application/USER3/VD034 | H38: 1 Alarme | I38: Digital Simples | J38: 1F1/1F2 | K38: Consistido | L38: 9 | O38: =VLOOKUP(AB38,[1]ETerra_D!$A$1:$D$30000,4,0) -> #N/A
A39: 01F1 | B39: LT_GTA | C39: Disj. 52-1 (01Q0) - Intertravamento | E39: 1.2 | F39: VD.088 DJ 52 Intertravamento | G39: GTA_01F1/Application/USER3/VD088 | H39: 1 Libera | I39: Digital Simples | J39: 1F1/1F2 | K39: Consistido | L39: 10 | M39: N2
A40: 01F1 | B40: LT_GTA | C40: Disj. 52-1 (01Q0) - Falha Comando de Desligar | F40: VD.032 52 Falha Comando de Desligar | G40: GTA_01F1/Application/USER3/VD032 | H40: 1 Falha | I40: Digital Simples | J40: 1F1/1F2 | K40: Consistido | L40: 11 | M40: N2
A41: 01F1 | B41: LT_GTA | C41: Disj. 52-1 (01Q0) - Falha Comando de Ligar | F41: VD.031 52 Falha Comando de Ligar | G41: GTA_01F1/Application/USER3/VD031 | H41: 1 Falha | I41: Digital Simples | J41: 1F1/1F2 | K41: Consistido | L41: 12 | M41: N2
A42: Seccionadora Barra 89-2 (01Q1)
A43: 01F1 | B43: LT_GTA | C43: Secc. 89-2 (01Q1 Barra) - Aberta | D43: 1.1 | F43: VD.004 Sec 89 Barra Aberta Consistida | G43: GTA_01F1/Application/USER3/VD004 | H43: 1 Aberta | I43: Digital Simples | J43: 1F1/1F2 | K43: Consistido | L43: 13 | O43: =VLOOKUP(AB43,[1]ETerra_D!$A$1:$D$30000,4,0) -> #N/A
A44: 01F1 | B44: LT_GTA | C44: Secc. 89-2 (01Q1 Barra) - Fechado | D44: 1.2 | F44: VD.005 Sec 89 Barra Fechada Consistida | G44: GTA_01F1/Application/USER3/VD005 | H44: 1 Fechada | I44: Digital Simples | J44: 1F1/1F2 | K44: Consistido | L44: 14 | O44: =VLOOKUP(AB44,[1]ETerra_D!$A$1:$D$30000,4,0) -> #N/A
A45: 01F1 | B45: LT_GTA | C45: Secc. 89-2 (01Q1 Barra) - Indefinida | F45: VD.006 Sec 89 Barra Indefinida | G45: GTA_01F1/Application/USER3/VD006 | H45: 1 Alarme | I45: Digital Simples | J45: 1F1/1F2 | K45: Consistido | L45: 15 | M45: N2
A46: 01F1 | B46: LT_GTA | C46: Secc. 89-2 (01Q1 Barra) - Alarme (43LR/Lo, FVCC Motor, FVCC CMD.) | D46: 1.3 | F46: BI.1.3 Sec 89 Barra Alarmes | G46: GTA_01F1/Application/USER1/BI103 | H46: 1 Alarme | I46: Digital Simples | J46: 1F1/1F2 | K46: Consistido | L46: 16 | O46: =VLOOKUP(AB46,[1]ETerra_D!$A$1:$D$30000,4,0) -> #N/A
A47: 01F1 | B47: LT_GTA | C47: Secc. 89-2 (01Q1 Barra) - Libera Manobra | E47: 3.1 | F47: BO.3.1 Sec 89 Barra Intertravamento | G47: GTA_01F1/Application/USER2/BO301 | H47: 1 Liberada | I47: Digital Simples | J47: 1F1/1F2 | K47: Consistido | L47: 17 | M47: N2 | O47: =VLOOKUP(AB47,[1]ETerra_D!$A$1:$D$30000,4,0) -> #N/A
A48: Seccionadora Linha 89-4 (01Q2)
A49: 01F1 | B49: LT_GTA | C49: Secc. 89-4 (01Q2 Linha) - Aberta | D49: 1.5 | F49: VD.007 Sec 89 Linha Aberta Consistida | G49: GTA_01F1/Application/USER3/VD007 | H49: 1 Aberta | I49: Digital Simples | J49: 1F1/1F2 | K49: Consistido | L49: 18 | O49: =VLOOKUP(AB49,[1]ETerra_D!$A$1:$D$30000,4,0) -> #N/A
A50: 01F1 | B50: LT_GTA | C50: Secc. 89-4 (01Q2 Linha) - Fechado | D50: 1.6 | F50: VD.008 Sec 89 Linha Fechada Consistida | G50: GTA_01F1/Application/USER3/VD008 | H50: 1 Fechada | I50: Digital Simples | J50: 1F1/1F2 | K50: Consistido | L50: 19 | O50: =VLOOKUP(AB50,[1]ETerra_D!$A$1:$D$30000,4,0) -> #N/A
A51: 01F1 | B51: LT_GTA | C51: Secc. 89-4 (01Q2 Linha) - Indefinida | F51: VD.009 Sec 89 Linha Indefinida | G51: GTA_01F1/Application/USER3/VD009 | H51: 1 Alarme | I51: Digital Simples | J51: 1F1/1F2 | K51: Consistido | L51: 20 | M51: N2
A52: 01F1 | B52: LT_GTA | C52: Secc. 89-4 (01Q2 Linha) - Alarme (43LR/Lo, FVCC Motor, FVCC CMD.) | D52: 1.7 | F52: BI.1.7 Sec 89 Linha Alarmes | G52: GTA_01F1/Application/USER1/BI107 | H52: 1 Alarme | I52: Digital Simples | J52: 1F1/1F2 | K52: Consistido | L52: 21 | O52: =VLOOKUP(AB52,[1]ETerra_D!$A$1:$D$30000,4,0) -> #N/A
A53: 01F1 | B53: LT_GTA | C53: Secc. 89-4 (01Q2 Linha) - Libera Manobra | E53: 3.4 | F53: BO.3.4 Sec 89 Linha Intertravamento | G53: GTA_01F1/Application/USER2/BO304 | H53: 1 Liberada | I53: Digital Simples | J53: 1F1/1F2 | K53: Consistido | L53: 22 | M53: N2 | O53: =VLOOKUP(AB53,[1]ETerra_D!$A$1:$D$30000,4,0) -> #N/A
A54: Seccionadora Contorno 89-6 (01Q3)
A55: 01F1 | B55: LT_GTA | C55: Secc. 89-6 (01Q3 Contorno) - Aberta | D55: 4.6 | F55: VD.010 Sec 89 Contorno Aberta Consistida | G55: GTA_01F1/Application/USER3/VD010 | H55: 1 Aberta | I55: Digital Simples | J55: 1F1/1F2 | K55: Consistido | L55: 23 | O55: =VLOOKUP(AB55,[1]ETerra_D!$A$1:$D$30000,4,0) -> #N/A
A56: 01F1 | B56: LT_GTA | C56: Secc. 89-6 (01Q3 Contorno) - Fechado | D56: 4.7 | F56: VD.011 Sec 89 Contorno Fechada Consistida | G56: GTA_01F1/Application/USER3/VD011 | H56: 1 Fechada | I56: Digital Simples | J56: 1F1/1F2 | K56: Consistido | L56: 24 | O56: =VLOOKUP(AB56,[1]ETerra_D!$A$1:$D$30000,4,0) -> #N/A
A57: 01F1 | B57: LT_GTA | C57: Secc. 89-6 (01Q3 Contorno) - Indefinida | F57: VD.012 Sec 89 Contorno Indefinida | G57: GTA_01F1/Application/USER3/VD012 | H57: 1 Alarme | I57: Digital Simples | J57: 1F1/1F2 | K57: Consistido | L57: 25 | M57: N2
A58: 01F1 | B58: LT_GTA | C58: Secc. 89-6 (01Q3 Contorno) - Alarme (43LR/Lo, FVCC Motor, FVCC CMD.) | D58: 4.8 | F58: BI.4.8 Sec 89 Contorno Alarmes | G58: GTA_01F1/Application/USER1/BI408 | H58: 1 Alarme | I58: Digital Simples | J58: 1F1/1F2 | K58: Consistido | L58: 26
A59: 01F1 | B59: LT_GTA | C59: Secc. 89-6 (01Q3 Contorno) - Libera Manobra | E59: 4.2 | F59: BO.4.1 Sec 89 Contorno Intertravamento | G59: GTA_01F1/Application/USER2/BO401 | H59: 1 Liberada | I59: Digital Simples | J59: 1F1/1F2 | K59: Consistido | L59: 27 | M59: N2 | O59: =VLOOKUP(AB59,[1]ETerra_D!$A$1:$D$30000,4,0) -> #N/A
A60: Lâmina de Terra 29-1 (01Q4)
A61: 01F1 | B61: LT_GTA | C61: Secc. 29-1 (01Q4 Terra) - Aberta | D61: 4.4 | F61: VD.013 Sec 29 Terra Aberta Consistida | G61: GTA_01F1/Application/USER3/VD013 | H61: 1 Aberta | I61: Digital Simples | J61: 1F1/1F2 | K61: Consistido | L61: 28 | O61: =VLOOKUP(AB61,[1]ETerra_D!$A$1:$D$30000,4,0) -> #N/A
A62: 01F1 | B62: LT_GTA | C62: Secc. 29-1 (01Q4 Terra) - Fechado | D62: 4.5 | F62: VD.014 Sec 29 Terra Fechada Consistida | G62: GTA_01F1/Application/USER3/VD014 | H62: 1 Fechada | I62: Digital Simples | J62: 1F1/1F2 | K62: Consistido | L62: 29 | O62: =VLOOKUP(AB62,[1]ETerra_D!$A$1:$D$30000,4,0) -> #N/A
A63: 01F1 | B63: LT_GTA | C63: Secc. 29-1 (01Q4 Terra) - Indefinida | F63: VD.015 Sec 29 Terra Indefinida | G63: GTA_01F1/Application/USER3/VD015 | H63: 1 Alarme | I63: Digital Simples | J63: 1F1/1F2 | K63: Consistido | L63: 30 | M63: N2
A64: 01F1 | B64: LT_GTA | C64: Secc. 29-1 (01Q4 Terra) - Libera Manobra | F64: VD..077 29 Terra Libera Fechar | G64: GTA_01F1/Application/USER3/VD077 | H64: 1 Liberada | I64: Digital Simples | J64: 1F1/1F2 | K64: Consistido | L64: 31 | M64: N2 | O64: =VLOOKUP(AB64,[1]ETerra_D!$A$1:$D$30000,4,0) -> #N/A
A65: Alarmes e Sinalizações IED
A66: 01F1 | B66: LT_GTA | C66: Chave 43TC Excluida | F66: VD.016 43TC Excluída | G66: GTA_01F1/Application/USER3/VD016 | H66: 1 Alarme | I66: Digital Simples | J66: 1F1/1F2 | K66: Consistido | L66: 32 | O66: =VLOOKUP(AB66,[1]ETerra_D!$A$1:$D$30000,4,0) -> #N/A
A67: 01F1 | B67: LT_GTA | C67: Módulo Normal (Disparo no 52 da LT) | F67: VD.079 Módulo Normal | G67: GTA_01F1/Application/USER3/VD079 | H67: 1 Ativo | I67: Digital Simples | J67: 1F1/1F2 | K67: Consistido | L67: 33 | M67: Disp.
A68: 01F1 | B68: LT_GTA | C68: Módulo Intermediário (Disparo no 52 da LT e Disparo no 52 TRF-3) | F68: VD.080 Módulo Intermediário | G68: GTA_01F1/Application/USER3/VD080 | H68: 1 Ativo | I68: Digital Simples | J68: 1F1/1F2 | K68: Consistido | L68: 34 | M68: N2
A69: 01F1 | B69: LT_GTA | C69: Módulo Transferido (Disparo no 52 do TRF-3) | F69: VD.081 Módulo Transferido | G69: GTA_01F1/Application/USER3/VD081 | H69: 1 Ativo | I69: Digital Simples | J69: 1F1/1F2 | K69: Consistido | L69: 35
A70: 01F1 | B70: LT_GTA | C70: Transferência Incompleta | F70: VD.082 Transferencia Incompleta | G70: GTA_01F1/Application/USER3/VD082 | H70: 1 Alarme | I70: Digital Simples | J70: 1F1/1F2 | K70: Consistido | L70: 36
A71: 01F1 | B71: LT_GTA | C71: Operação Indevida Isoladoras | F71: VD..086 Operação Indevida | G71: GTA_01F1/Application/USER3/VD086 | H71: 1 Atuado | I71: Digital Simples | J71: 1F1/1F2 | K71: Consistido | L71: 37
A72: 01F1 | B72: LT_GTA | C72: MCB TP Linha Desligado | D72: 4.15 | F72: BI.4.15 MCB LT Desligado | G72: GTA_01F1/Application/USER1/BI415 | H72: 1 Alarme | I72: Digital Simples | J72: 1F1/1F2 | K72: Consistido | L72: 38
A73: 01F1 | B73: LT_GTA | C73: 87FD-P Atuado | D73: 4.10 | F73: BI.4.10 86FDP Atuado | G73: GTA_01F1/Application/USER1/BI410 | H73: 1 Alarme | I73: Digital Simples | J73: 34F1/1F1 | K73: Consistido | L73: *
A74: 01F1 | B74: LT_GTA | C74: Alarme - Seccionadoras Isoladoras em interposição | F74: VD..087 Alarme Isoladoras em Interposição | G74: GTA_01F1/Application/USER3/VD087 | H74: 1 Alarme | I74: Digital Simples | J74: 1F1/1F2 | K74: Consistido | L74: Somente a Nível 2 (WinCC)
A75: 01F1 | B75: LT_GTA | C75: Grupo de Ajustes 1 - Ativo | F75: VD.017 Grupo 1 Ativo | G75: GTA_01F1/Application/USER3/VD017 | H75: 1 Ativo | I75: Digital Simples | J75: 1F1/1F2 | K75: Consistido | L75: 50
A76: 01F1 | B76: LT_GTA | C76: Grupo de Ajustes 1 - Ativo | F76: VD.017 Grupo 1 Ativo | G76: GTA_01F1/Application/USER3/VD017 | H76: 1 Ativo | I76: Digital Simples | J76: 1F1 | K76: Direto | L76: - | M76: N2
A77: 01F1 | B77: LT_GTA | C77: Grupo de Ajustes 2 - Ativo | F77: VD.018 Grupo 2 Ativo | G77: GTA_01F1/Application/USER3/VD018 | H77: 1 Ativo | I77: Digital Simples | J77: 1F1/1F2 | K77: Consistido | L77: 51 | O77: =VLOOKUP(AB77,[1]ETerra_D!$A$1:$D$30000,4,0) -> #N/A
A78: 01F1 | B78: LT_GTA | C78: Grupo de Ajustes 2 - Ativo | F78: VD.018 Grupo 2 Ativo | G78: GTA_01F1/Application/USER3/VD018 | H78: 1 Ativo | I78: Digital Simples | J78: 1F1 | K78: Direto | L78: - | M78: N2
A79: 01F1 | B79: LT_GTA | C79: Falha GOOSE (Falha Recepção IED Adjacente) | F79: VD.069 Falha Goose | G79: GTA_01F1/Application/USER3/VD069 | H79: 1 Alarme | I79: Digital Simples | J79: 1F1 | K79: Direto | L79: 52 | O79: =VLOOKUP(AB79,[1]ETerra_D!$A$1:$D$30000,4,0) -> #N/A
A80: 01F1 | B80: LT_GTA | C80: GOOSE Bloqueado (Bloqueio de envio de goose para IED adjacente) | F80: VD.083 Goose Bloqueado | G80: GTA_01F1/Application/USER3/VD083 | H80: 1 Alarme | I80: Digital Simples | J80: 1F1 | K80: Direto | L80: 53 | M80: N2
A81: 01F1 | B81: LT_GTA | C81: Falha GPS (Falha na Sincronização Temporal) | F81: VD.070 Falha GPS Sincronização de Tempo | G81: GTA_01F1/Application/USER3/VD070 | H81: 1 Alarme | I81: Digital Simples | J81: 1F1 | K81: Direto | L81: 54
A82: 01F1 | B82: LT_GTA | C82: Defeito Interno Relé | F82: =UCCD1!E15 -> IN1D4_PPL1_Falha_01F1 | G82: =UCCD1!F15 -> UTRCTRL/BI0GGIO0.Ind4.stVal | H82: 1 Alarme | I82: Digital Simples | J82: UCCD1 | K82: Externo | L82: 55
A83: 01F1 | B83: LT_GTA | C83: Falha de comunicação IED | H83: 1 Alarme | I83: Digital Simples | J83: CTR | K83: Externo | L83: 56
A84: Digitais (Proteção)
A85: 01F1 | B85: LT_GTA | C85: Proteção 62BF - Atuado | F85: VD.066 62BF Atuado | G85: GTA_01F1/Application/USER3/VD066 | H85: 1 Atuado | I85: Digital Simples | J85: 1F1 | K85: Direto | L85: 57 | O85: =VLOOKUP(AB85,[1]ETerra_D!$A$1:$D$30000,4,0) -> #N/A
A86: 01F1 | B86: LT_GTA | C86: Proteção Fase A - Atuado | F86: VD.040 TRIP Fase A | G86: GTA_01F1/Application/USER3/VD.040 | H86: 1 Atuado | I86: Digital Simples | J86: 1F1 | K86: Direto | L86: 58 | O86: =VLOOKUP(AB86,[1]ETerra_D!$A$1:$D$30000,4,0) -> #N/A
A87: 01F1 | B87: LT_GTA | C87: Proteção Fase B - Atuado | F87: VD.041 TRIP Fase B | G87: GTA_01F1/Application/USER3/VD041 | H87: 1 Atuado | I87: Digital Simples | J87: 1F1 | K87: Direto | L87: 59 | O87: =VLOOKUP(AB87,[1]ETerra_D!$A$1:$D$30000,4,0) -> #N/A
A88: 01F1 | B88: LT_GTA | C88: Proteção Fase C - Atuado | F88: VD.042 TRIP Fase C | G88: GTA_01F1/Application/USER3/VD042 | H88: 1 Atuado | I88: Digital Simples | J88: 1F1 | K88: Direto | L88: 60 | O88: =VLOOKUP(AB88,[1]ETerra_D!$A$1:$D$30000,4,0) -> #N/A
A89: 01F1 | B89: LT_GTA | C89: Proteção Neutro - Atuado | F89: VD.043 TRIP Neutro | G89: GTA_01F1/Application/USER3/VD043 | H89: 1 Atuado | I89: Digital Simples | J89: 1F1 | K89: Direto | L89: 61
A90: 01F1 | B90: LT_GTA | C90: Proteção 50 ABC - Estágio 1 - Atuado | F90: VD.044 50 E1 Atuado | G90: GTA_01F1/Application/USER3/VD044 | H90: 1 Atuado | I90: Digital Simples | J90: 1F1 | K90: Direto | L90: 62 | O90: =VLOOKUP(AB90,[1]ETerra_D!$A$1:$D$30000,4,0) -> #N/A
A91: 01F1 | B91: LT_GTA | C91: Proteção 50 ABC - Estágio 2 - Atuado | F91: VD.045 50 E2 Atuado | G91: GTA_01F1/Application/USER3/VD045 | H91: 1 Atuado | I91: Digital Simples | J91: 1F1 | K91: Direto | L91: 63 | O91: =VLOOKUP(AB91,[1]ETerra_D!$A$1:$D$30000,4,0) -> #N/A
A92: 01F1 | B92: LT_GTA | C92: Proteção 51 ABC - Atuado | F92: VD.046 51 Atuado | G92: GTA_01F1/Application/USER3/VD046 | H92: 1 Atuado | I92: Digital Simples | J92: 1F1 | K92: Direto | L92: 64 | O92: =VLOOKUP(AB92,[1]ETerra_D!$A$1:$D$30000,4,0) -> #N/A
A93: 01F1 | B93: LT_GTA | C93: Proteção 50 N - Estágio 1 - Atuado | F93: VD.047 50N E1 Atuado | G93: GTA_01F1/Application/USER3/VD047 | H93: 1 Atuado | I93: Digital Simples | J93: 1F1 | K93: Direto | L93: 65 | O93: =VLOOKUP(AB93,[1]ETerra_D!$A$1:$D$30000,4,0) -> #N/A
A94: 01F1 | B94: LT_GTA | C94: Proteção 50 N - Estágio 2 - Atuado | F94: VD.048 50N E2 Atuado | G94: GTA_01F1/Application/USER3/VD048 | H94: 1 Atuado | I94: Digital Simples | J94: 1F1 | K94: Direto | L94: 66 | O94: =VLOOKUP(AB94,[1]ETerra_D!$A$1:$D$30000,4,0) -> #N/A
A95: 01F1 | B95: LT_GTA | C95: Proteção 51 N - Atuado | F95: VD.049 51N Atuado | G95: GTA_01F1/Application/USER3/VD049 | H95: 1 Atuado | I95: Digital Simples | J95: 1F1 | K95: Direto | L95: 67 | O95: =VLOOKUP(AB95,[1]ETerra_D!$A$1:$D$30000,4,0) -> #N/A
A96: 01F1 | B96: LT_GTA | C96: Proteção 21 - Bloqueado | F96: VD.021 21 Bloqueado | G96: GTA_01F1/Application/USER3/VD021 | H96: 1 Atuado | I96: Digital Simples | J96: 1F1 | K96: Direto | L96: 68 | O96: =VLOOKUP(AB96,[1]ETerra_D!$A$1:$D$30000,4,0) -> #N/A
A97: 01F1 | B97: LT_GTA | C97: Proteção 21 Zona 1 - Atuado | F97: VD.050 21Z1 Atuado | G97: GTA_01F1/Application/USER3/VD050 | H97: 1 Atuado | I97: Digital Simples | J97: 1F1 | K97: Direto | L97: 69 | O97: =VLOOKUP(AB97,[1]ETerra_D!$A$1:$D$30000,4,0) -> #N/A
A98: 01F1 | B98: LT_GTA | C98: Proteção 21 Zona 2 - Atuado | F98: VD.051 21Z2 Atuado | G98: GTA_01F1/Application/USER3/VD051 | H98: 1 Atuado | I98: Digital Simples | J98: 1F1 | K98: Direto | L98: 70 | O98: =VLOOKUP(AB98,[1]ETerra_D!$A$1:$D$30000,4,0) -> #N/A
A99: 01F1 | B99: LT_GTA | C99: Proteção 21 Zona 3 - Atuado | F99: VD.052 21Z3 Atuado | G99: GTA_01F1/Application/USER3/VD052 | H99: 1 Atuado | I99: Digital Simples | J99: 1F1 | K99: Direto | L99: 71 | O99: =VLOOKUP(AB99,[1]ETerra_D!$A$1:$D$30000,4,0) -> #N/A
A100: 01F1 | B100: LT_GTA | C100: Proteção 21 Zona 4 - Atuado | F100: VD.053 21Z4 Atuado | G100: GTA_01F1/Application/USER3/VD053 | H100: 1 Atuado | I100: Digital Simples | J100: 1F1 | K100: Direto | L100: 72 | O100: =VLOOKUP(AB100,[1]ETerra_D!$A$1:$D$30000,4,0) -> #N/A
...

Sheet 01F1_GTA_A
A1: #VALUE! | C1: SUBESTAÇÃO RGE GRAVATAÍ 4 (SE_GTD) | K1: Consistido: Consistir IED Principal e Alternado (DNP em Vermelho) Direto: Aquisição direta do IED CMD. Direto: Comando Direct (Enviar para Principal e Alternado
C2: Lista de Pontos Supervisionados LT_GTA Unidade Alternada
C3: Relé: Siemens 7SA86 Shorcode: P1A639088 | G3: =Capa!G62 -> IP:10.39.13.10 | I3: Concentradora: SICAM PAS | O3: COS
C4: Protocolo: IEC 61850 Versão:2.1 FW: V9.8 FW Comm: V9.8 | I4: Protocolo: DNP3 IP:10.34.13.2 End:13
A5: IED | B5: Módulo | C5: Descrição do ponto | D5: Entrada Binária | E5: Saída Binária | F5: Variável | G5: Endereço Variável | H5: Variação: | I5: Tipo | J5: Origem | K5: Lógica | L5: Endereço DNP3 | M5: N2 | N5: N3 | O5: NIVEL3
A6: Analógicas
A7: 01F2 | B7: LT_GTA | C7: Corrente Fase A | D7: 1IA | F7: Iph:A | G7: GTA_01F2/CB1_Fundamental/FPRE_MMXU1/A/phsA | I7: Analógico | J7: 1F1/1F2 | K7: Consistido | L7: * | O7: =VLOOKUP(AB7,[1]ETerra_A!$A$1:$D$30000,3,0) -> #N/A
A8: 01F2 | B8: LT_GTA | C8: Corrente Fase B | D8: 1IB | F8: Iph:B | G8: GTA_01F2/CB1_Fundamental/FPRE_MMXU1/A/phsB | I8: Analógico | J8: 1F1/1F2 | K8: Consistido | L8: * | O8: =VLOOKUP(AB8,[1]ETerra_A!$A$1:$D$30000,3,0) -> #N/A
A9: 01F2 | B9: LT_GTA | C9: Corrente Fase C | D9: 1IC | F9: Iph:C | G9: GTA_01F2/CB1_Fundamental/FPRE_MMXU1/A/phsC | I9: Analógico | J9: 1F1/1F2 | K9: Consistido | L9: * | O9: =VLOOKUP(AB9,[1]ETerra_A!$A$1:$D$30000,3,0) -> #N/A
A10: 01F2 | B10: B69P | C10: Tensão Barra Fases AB | D10: 1V1 | F10: Vpp:AB | G10: GTA_01F2/CB1_Fundamental/FPRE_MMXU1/PPV/phsAB | I10: Analógico | J10: 1F1/1F2 | K10: Consistido | L10: * | O10: =VLOOKUP(AB10,[1]ETerra_A!$A$1:$D$30000,3,0) -> #N/A
A11: 01F2 | B11: B69P | C11: Tensão Barra Fases BC | D11: 1V2 | F11: Vpp:BC | G11: GTA_01F2/CB1_Fundamental/FPRE_MMXU1/PPV/phsBC | I11: Analógico | J11: 1F1/1F2 | K11: Consistido | L11: * | O11: =VLOOKUP(AB11,[1]ETerra_A!$A$1:$D$30000,3,0) -> #N/A
A12: 01F2 | B12: B69P | C12: Tensão Barra Fases CA | D12: 1V3 | F12: Vpp:CA | G12: GTA_01F2/CB1_Fundamental/FPRE_MMXU1/PPV/phsCA | I12: Analógico | J12: 1F1/1F2 | K12: Consistido | L12: * | O12: =VLOOKUP(AB12,[1]ETerra_A!$A$1:$D$30000,3,0) -> #N/A
A13: 01F2 | B13: LT_GTA | C13: Tensão Linha (Fase B) | D13: 1V4 | F13: V2 | G13: GTA_01F2/CB1_25Synchronization/GENRSYN1/V2Clc | I13: Analógico | J13: 1F1/1F2 | K13: Consistido | L13: * | O13: =VLOOKUP(AB13,[1]ETerra_A!$A$1:$D$30000,3,0) -> #N/A
A14: 01F2 | B14: LT_GTA | C14: Potência Ativa | F14: P tot | G14: GTA_01F2/Ln1_OperationalValues/PPRE_MMXU1/TotW | I14: Analógico | J14: 1F1/1F2 | K14: Consistido | L14: * | O14: =VLOOKUP(AB14,[1]ETerra_A!$A$1:$D$30000,3,0) -> #N/A
A15: 01F2 | B15: LT_GTA | C15: Potência Reativa | F15: Q tot | G15: GTA_01F2/Ln1_OperationalValues/PPRE_MMXU1/TotVAr | I15: Analógico | J15: 1F1/1F2 | K15: Consistido | L15: * | O15: =VLOOKUP(AB15,[1]ETerra_A!$A$1:$D$30000,3,0) -> #N/A
A16: 01F2 | B16: LT_GTA | C16: Distancia da Última Falta | F16: VD..091 Distância da Falta | G16: GTA_01F2/Application/USER3/VA001 | I16: Analógico | J16: 1F2 | K16: Direto | L16: 10 | O16: =VLOOKUP(AB16,[1]ETerra_A!$A$1:$D$30000,3,0) -> #N/A
A17: Comandos
A18: 01F2 | B18: LT_GTA | C18: Disj. 52-1 (01Q0) - Desligar / Ligar | E18: 1.3/1.1 | F18: Comando DJ/Pos | G18: GTA_01F2/CB1/CSWI1/Pos | H18: ON: Ligar / OFF: Desligar | I18: Comando D | J18: 1F1/1F2 | K18: CMD Direto | L18: * | O18: =VLOOKUP(AB18,[1]ETerra_C!$A$1:$D$30000,2,0) -> #N/A
A19: 01F2 | B19: LT_GTA | C19: Secc. 89-2 (01Q1 Barra) - Abrir / Fechar | E19: 3.2/3.3 | F19: Comando 89 Barra | G19: GTA_01F2/Dc1/CSWI1/Pos | H19: ON: Fechar / OFF: Abrir | I19: Comando D | J19: 1F1/1F2 | K19: CMD Direto | L19: * | O19: =VLOOKUP(AB19,[1]ETerra_C!$A$1:$D$30000,2,0) -> #N/A
A20: 01F2 | B20: LT_GTA | C20: Secc. 89-4 (01Q2 Linha) - Abrir / Fechar | E20: 4.2/4.3 | F20: Comando 89 Linha | G20: GTA_01F2/Dc2/CSWI1/Pos | H20: ON: Fechar / OFF: Abrir | I20: Comando D | J20: 1F1/1F2 | K20: CMD Direto | L20: * | O20: =VLOOKUP(AB20,[1]ETerra_C!$A$1:$D$30000,2,0) -> #N/A
A21: 01F2 | B21: LT_GTA | C21: Secc. 89-6 (01Q3 Contorno) - Abrir / Fechar | E21: 3.5/3.6 | F21: Comando 89 Contorno | G21: GTA_01F2/Dc3/CSWI1/Pos | H21: ON: Fechar / OFF: Abrir | I21: Comando D | J21: 1F1/1F2 | K21: CMD Direto | L21: * | O21: =VLOOKUP(AB21,[1]ETerra_C!$A$1:$D$30000,2,0) -> #N/A
A22: 01F2 | B22: LT_GTA | C22: Religamento Automático (79) - Excluir / Incluir | F22: CMD RMT.01 79 Excluír/Incluír | G22: GTA_01F2/Application/USER7/CMD001 | H22: ON: Incluí / OFF: Excluí | I22: Comando D | J22: 1F1/1F2 | K22: CMD Direto | L22: * | O22: =VLOOKUP(AB22,[1]ETerra_C!$A$1:$D$30000,2,0) -> #N/A
A23: 01F2 | B23: LT_GTA | C23: Grupo de Ajustes 2 - Excluir / Incluir | F23: CMD RMT.02 Troca de Grupo | G23: GTA_01F2/Application/USER7/CMD002 | H23: ON: Incluí / OFF: Excluí | I23: Comando D | J23: 1F1/1F2 | K23: CMD Direto | L23: * | O23: =VLOOKUP(AB23,[1]ETerra_C!$A$1:$D$30000,2,0) -> #N/A
A24: 01F2 | B24: LT_GTA | C24: Check de Sincronismo (25) - Bloquear / Desbloquear | F24: CMD RMT.03 25 Bloqueio/Desbloqueio | G24: GTA_01F2/Application/USER7/CMD003 | H24: ON: Incluí / OFF: Excluí | I24: Comando D | J24: 1F1/1F2 | K24: CMD Direto | L24: *
A25: 01F2 | B25: LT_GTA | C25: Reserva para Aplicação Futura RGE | F25: CMD RMT.004 Reserva | G25: GTA_01F2/Application/USER7/CMD004 | H25: ON: Incluí / OFF: Excluí | I25: Comando D | J25: 1F1/1F2 | K25: CMD Direto | L25: *
A26: 01F2 | B26: LT_GTA | C26: Reserva para Aplicação Futura RGE | F26: CMD RMT.005 Reserva | G26: GTA_01F2/Application/USER7/CMD005 | H26: ON: Incluí / OFF: Excluí | I26: Comando D | J26: 1F1/1F2 | K26: CMD Direto | L26: *
A27: Digitais (Controle)
A28: Disjuntor 52-1 (01Q0)
A29: 01F2 | B29: LT_GTA | C29: Disj. 52-1 (01Q0) - Desligado | D29: 3.1 | F29: VD.001 DJ 52 Desligado Consistido | G29: GTA_01F2/Application/USER3/VD001 | H29: 1 Desligado | I29: Digital Simples | J29: 1F1/1F2 | K29: Consistido | L29: * | O29: =VLOOKUP(AB29,[1]ETerra_D!$A$1:$D$30000,4,0) -> #N/A
A30: 01F2 | B30: LT_GTA | C30: Disj. 52-1 (01Q0) - Ligado | D30: 3.2 | F30: VD.002 DJ 52 Ligado Consistido | G30: GTA_01F2/Application/USER3/VD002 | H30: 1 Ligado | I30: Digital Simples | J30: 1F1/1F2 | K30: Consistido | L30: * | O30: =VLOOKUP(AB30,[1]ETerra_D!$A$1:$D$30000,4,0) -> #N/A
A31: 01F2 | B31: LT_GTA | C31: Disj. 52-1 (01Q0) - Indefinido | F31: VD.003 DJ 52 Indefinido | G31: GTA_01F2/Application/USER3/VD003 | H31: 1 Alarme | I31: Digital Simples | J31: 1F1/1F2 | K31: Consistido | L31: * | M31: N2
A32: 01F2 | B32: LT_GTA | C32: Disj. 52-1 (01Q0) - Baixa Pressão SF6 - Alarme | D32: 3.3 | F32: BI.3.3 DJ 52 SF6 1º Estagio | G32: GTA_01F2/Application/USER1/BI303 | H32: 1 Alarme | I32: Digital Simples | J32: 1F1/1F2 | K32: Consistido | L32: * | O32: =VLOOKUP(AB32,[1]ETerra_D!$A$1:$D$30000,4,0) -> #N/A
A33: 01F2 | B33: LT_GTA | C33: Disj. 52-1 (01Q0) - Baixa Pressão SF6 - Bloqueio | D33: 3.4 | F33: BI.3.4 DJ 52 SF6 2º Estagio | G33: GTA_01F2/Application/USER1/BI304 | H33: 1 Alarme | I33: Digital Simples | J33: 1F1/1F2 | K33: Consistido | L33: * | O33: =VLOOKUP(AB33,[1]ETerra_D!$A$1:$D$30000,4,0) -> #N/A
A34: 01F2 | B34: LT_GTA | C34: Disj. 52-1 (01Q0) - Mola Descarregada ou FVCC CMD. Bob. Ab. 1 ou 2 | D34: 3.5 | F34: VD.036 52 Mola Descarregada Temporizada | G34: GTA_01F2/Application/USER3/VD036 | H34: 1 Alarme | I34: Digital Simples | J34: 1F1/1F2 | K34: Consistido | L34: * | O34: =VLOOKUP(AB34,[1]ETerra_D!$A$1:$D$30000,4,0) -> #N/A
A35: 01F2 | B35: LT_GTA | C35: Disj. 52-1 (01Q0) - Chave 43LR Pos. Remoto | D35: 3.6 | F35: BI.3.6 DJ 52 43LR Remoto | G35: GTA_01F2/Application/USER1/BI306 | H35: 1 Normal | I35: Digital Simples | J35: 1F1/1F2 | K35: Consistido | L35: * | O35: =VLOOKUP(AB35,[1]ETerra_D!$A$1:$D$30000,4,0) -> #N/A
A36: 01F2 | B36: LT_GTA | C36: Disj. 52-1 (01Q0) – Supervisão Bobina de Ligar | D36: 4.1 | F36: VD.035 52 Falha Bob. Ligar | G36: GTA_01F2/Application/USER3/VD035 | H36: 1 Alarme | I36: Digital Simples | J36: 1F1/1F2 | K36: Consistido | L36: * | O36: =VLOOKUP(AB36,[1]ETerra_D!$A$1:$D$30000,4,0) -> #N/A
A37: 01F2 | B37: LT_GTA | C37: Disj. 52-1 (01Q0) - Supervisão Bobina Desligar 1 | D37: 4.2 | F37: VD.033 52 Falha Bob. Aber. 1 | G37: GTA_01F2/Application/USER3/VD033 | H37: 1 Alarme | I37: Digital Simples | J37: 1F1/1F2 | K37: Consistido | L37: *
A38: 01F2 | B38: LT_GTA | C38: Disj. 52-1 (01Q0) - Supervisão Bobina Desligar 2 | D38: 4.3 | F38: VD.034 52 Falha Bob. Abert. 2 | G38: GTA_01F2/Application/USER3/VD034 | H38: 1 Alarme | I38: Digital Simples | J38: 1F1/1F2 | K38: Consistido | L38: * | O38: =VLOOKUP(AB38,[1]ETerra_D!$A$1:$D$30000,4,0) -> #N/A
A39: 01F2 | B39: LT_GTA | C39: Disj. 52-1 (01Q0) - Intertravamento | E39: 1.2 | F39: VD.088 DJ 52 Intertravamento | G39: GTA_01F2/Application/USER3/VD088 | H39: 1 Libera | I39: Digital Simples | J39: 1F1/1F2 | K39: Consistido | L39: * | M39: N2
A40: 01F2 | B40: LT_GTA | C40: Disj. 52-1 (01Q0) - Falha Comando de Desligar | F40: VD.032 52 Falha Comando de Desligar | G40: GTA_01F2/Application/USER3/VD032 | H40: 1 Falha | I40: Digital Simples | J40: 1F1/1F2 | K40: Consistido | L40: * | M40: N2
A41: 01F2 | B41: LT_GTA | C41: Disj. 52-1 (01Q0) - Falha Comando de Ligar | F41: VD.031 52 Falha Comando de Ligar | G41: GTA_01F2/Application/USER3/VD031 | H41: 1 Falha | I41: Digital Simples | J41: 1F1/1F2 | K41: Consistido | L41: * | M41: N2
A42: Seccionadora Barra 89-2 (01Q1)
A43: 01F2 | B43: LT_GTA | C43: Secc. 89-2 (01Q1 Barra) - Aberta | D43: 1.1 | F43: VD.004 Sec 89 Barra Aberta Consistida | G43: GTA_01F2/Application/USER3/VD004 | H43: 1 Aberta | I43: Digital Simples | J43: 1F1/1F2 | K43: Consistido | L43: * | O43: =VLOOKUP(AB43,[1]ETerra_D!$A$1:$D$30000,4,0) -> #N/A
A44: 01F2 | B44: LT_GTA | C44: Secc. 89-2 (01Q1 Barra) - Fechado | D44: 1.2 | F44: VD.005 Sec 89 Barra Fechada Consistida | G44: GTA_01F2/Application/USER3/VD005 | H44: 1 Fechada | I44: Digital Simples | J44: 1F1/1F2 | K44: Consistido | L44: * | O44: =VLOOKUP(AB44,[1]ETerra_D!$A$1:$D$30000,4,0) -> #N/A
A45: 01F2 | B45: LT_GTA | C45: Secc. 89-2 (01Q1 Barra) - Indefinida | F45: VD.006 Sec 89 Barra Indefinida | G45: GTA_01F2/Application/USER3/VD006 | H45: 1 Alarme | I45: Digital Simples | J45: 1F1/1F2 | K45: Consistido | L45: * | M45: N2
A46: 01F2 | B46: LT_GTA | C46: Secc. 89-2 (01Q1 Barra) - Alarme (43LR/Lo, FVCC Motor, FVCC CMD.) | D46: 1.3 | F46: BI.1.3 Sec 89 Barra Alarmes | G46: GTA_01F2/Application/USER1/BI103 | H46: 1 Alarme | I46: Digital Simples | J46: 1F1/1F2 | K46: Consistido | L46: * | O46: =VLOOKUP(AB46,[1]ETerra_D!$A$1:$D$30000,4,0) -> #N/A
A47: 01F2 | B47: LT_GTA | C47: Secc. 89-2 (01Q1 Barra) - Libera Manobra | E47: 3.1 | F47: BO.3.1 Sec 89 Barra Intertravamento | G47: GTA_01F2/Application/USER2/BO301 | H47: 1 Liberada | I47: Digital Simples | J47: 1F1/1F2 | K47: Consistido | L47: * | M47: N2 | O47: =VLOOKUP(AB47,[1]ETerra_D!$A$1:$D$30000,4,0) -> #N/A
A48: Seccionadora Linha 89-4 (01Q2)
A49: 01F2 | B49: LT_GTA | C49: Secc. 89-4 (01Q2 Linha) - Aberta | D49: 1.5 | F49: VD.007 Sec 89 Linha Aberta Consistida | G49: GTA_01F2/Application/USER3/VD007 | H49: 1 Aberta | I49: Digital Simples | J49: 1F1/1F2 | K49: Consistido | L49: * | O49: =VLOOKUP(AB49,[1]ETerra_D!$A$1:$D$30000,4,0) -> #N/A
A50: 01F2 | B50: LT_GTA | C50: Secc. 89-4 (01Q2 Linha) - Fechado | D50: 1.6 | F50: VD.008 Sec 89 Linha Fechada Consistida | G50: GTA_01F2/Application/USER3/VD008 | H50: 1 Fechada | I50: Digital Simples | J50: 1F1/1F2 | K50: Consistido | L50: * | O50: =VLOOKUP(AB50,[1]ETerra_D!$A$1:$D$30000,4,0) -> #N/A
A51: 01F2 | B51: LT_GTA | C51: Secc. 89-4 (01Q2 Linha) - Indefinida | F51: VD.009 Sec 89 Linha Indefinida | G51: GTA_01F2/Application/USER3/VD009 | H51: 1 Alarme | I51: Digital Simples | J51: 1F1/1F2 | K51: Consistido | L51: * | M51: N2
A52: 01F2 | B52: LT_GTA | C52: Secc. 89-4 (01Q2 Linha) - Alarme (43LR/Lo, FVCC Motor, FVCC CMD.) | D52: 1.7 | F52: BI.1.7 Sec 89 Linha Alarmes | G52: GTA_01F2/Application/USER1/BI107 | H52: 1 Alarme | I52: Digital Simples | J52: 1F1/1F2 | K52: Consistido | L52: * | O52: =VLOOKUP(AB52,[1]ETerra_D!$A$1:$D$30000,4,0) -> #N/A
A53: 01F2 | B53: LT_GTA | C53: Secc. 89-4 (01Q2 Linha) - Libera Manobra | E53: 3.4 | F53: BO.3.4 Sec 89 Linha Intertravamento | G53: GTA_01F2/Application/USER2/BO304 | H53: 1 Liberada | I53: Digital Simples | J53: 1F1/1F2 | K53: Consistido | L53: * | M53: N2 | O53: =VLOOKUP(AB53,[1]ETerra_D!$A$1:$D$30000,4,0) -> #N/A
A54: Seccionadora Contorno 89-6 (01Q3)
A55: 01F2 | B55: LT_GTA | C55: Secc. 89-6 (01Q3 Contorno) - Aberta | D55: 4.6 | F55: VD.010 Sec 89 Contorno Aberta Consistida | G55: GTA_01F2/Application/USER3/VD010 | H55: 1 Aberta | I55: Digital Simples | J55: 1F1/1F2 | K55: Consistido | L55: * | O55: =VLOOKUP(AB55,[1]ETerra_D!$A$1:$D$30000,4,0) -> #N/A
A56: 01F2 | B56: LT_GTA | C56: Secc. 89-6 (01Q3 Contorno) - Fechado | D56: 4.7 | F56: VD.011 Sec 89 Contorno Fechada Consistida | G56: GTA_01F2/Application/USER3/VD011 | H56: 1 Fechada | I56: Digital Simples | J56: 1F1/1F2 | K56: Consistido | L56: * | O56: =VLOOKUP(AB56,[1]ETerra_D!$A$1:$D$30000,4,0) -> #N/A
A57: 01F2 | B57: LT_GTA | C57: Secc. 89-6 (01Q3 Contorno) - Indefinida | F57: VD.012 Sec 89 Contorno Indefinida | G57: GTA_01F2/Application/USER3/VD012 | H57: 1 Alarme | I57: Digital Simples | J57: 1F1/1F2 | K57: Consistido | L57: * | M57: N2
A58: 01F2 | B58: LT_GTA | C58: Secc. 89-6 (01Q3 Contorno) - Alarme (43LR/Lo, FVCC Motor, FVCC CMD.) | D58: 4.8 | F58: BI.4.8 Sec 89 Contorno Alarmes | G58: GTA_01F2/Application/USER1/BI408 | H58: 1 Alarme | I58: Digital Simples | J58: 1F1/1F2 | K58: Consistido | L58: *
A59: 01F2 | B59: LT_GTA | C59: Secc. 89-6 (01Q3 Contorno) - Libera Manobra | E59: 4.2 | F59: BO.4.1 Sec 89 Contorno Intertravamento | G59: GTA_01F2/Application/USER2/BO401 | H59: 1 Liberada | I59: Digital Simples | J59: 1F1/1F2 | K59: Consistido | L59: * | M59: N2 | O59: =VLOOKUP(AB59,[1]ETerra_D!$A$1:$D$30000,4,0) -> #N/A
A60: Lâmina de Terra 29-1 (01Q4)
A61: 01F2 | B61: LT_GTA | C61: Secc. 29-1 (01Q4 Terra) - Aberta | D61: 4.4 | F61: VD.013 Sec 29 Terra Aberta Consistida | G61: GTA_01F2/Application/USER3/VD013 | H61: 1 Aberta | I61: Digital Simples | J61: 1F1/1F2 | K61: Consistido | L61: * | O61: =VLOOKUP(AB61,[1]ETerra_D!$A$1:$D$30000,4,0) -> #N/A
A62: 01F2 | B62: LT_GTA | C62: Secc. 29-1 (01Q4 Terra) - Fechado | D62: 4.5 | F62: VD.014 Sec 29 Terra Fechada Consistida | G62: GTA_01F2/Application/USER3/VD014 | H62: 1 Fechada | I62: Digital Simples | J62: 1F1/1F2 | K62: Consistido | L62: * | O62: =VLOOKUP(AB62,[1]ETerra_D!$A$1:$D$30000,4,0) -> #N/A
A63: 01F2 | B63: LT_GTA | C63: Secc. 29-1 (01Q4 Terra) - Indefinida | F63: VD.015 Sec 29 Terra Indefinida | G63: GTA_01F2/Application/USER3/VD015 | H63: 1 Alarme | I63: Digital Simples | J63: 1F1/1F2 | K63: Consistido | L63: * | M63: N2
A64: 01F2 | B64: LT_GTA | C64: Secc. 29-1 (01Q4 Terra) - Libera Manobra | F64: VD..077 29 Terra Libera Fechar | G64: GTA_01F2/Application/USER3/VD077 | H64: 1 Liberada | I64: Digital Simples | J64: 1F1/1F2 | K64: Consistido | L64: * | M64: N2 | O64: =VLOOKUP(AB64,[1]ETerra_D!$A$1:$D$30000,4,0) -> #N/A
A65: Alarmes e Sinalizações IED
A66: 01F2 | B66: LT_GTA | C66: Chave 43TC Excluida | F66: VD.016 43TC Excluída | G66: GTA_01F2/Application/USER3/VD016 | H66: 1 Alarme | I66: Digital Simples | J66: 1F1/1F2 | K66: Consistido | L66: * | O66: =VLOOKUP(AB66,[1]ETerra_D!$A$1:$D$30000,4,0) -> #N/A
A67: 01F2 | B67: LT_GTA | C67: Módulo Normal (Disparo no 52 da LT) | F67: VD.079 Módulo Normal | G67: GTA_01F2/Application/USER3/VD079 | H67: 1 Ativo | I67: Digital Simples | J67: 1F1/1F2 | K67: Consistido | L67: * | M67: Disp.
A68: 01F2 | B68: LT_GTA | C68: Módulo Intermediário (Disparo no 52 da LT e Disparo no 52 TRF-3) | F68: VD.080 Módulo Intermediário | G68: GTA_01F2/Application/USER3/VD080 | H68: 1 Ativo | I68: Digital Simples | J68: 1F1/1F2 | K68: Consistido | L68: * | M68: N2
A69: 01F2 | B69: LT_GTA | C69: Módulo Transferido (Disparo no 52 do TRF-3) | F69: VD.081 Módulo Transferido | G69: GTA_01F2/Application/USER3/VD081 | H69: 1 Ativo | I69: Digital Simples | J69: 1F1/1F2 | K69: Consistido | L69: *
A70: 01F2 | B70: LT_GTA | C70: Transferência Incompleta | F70: VD.082 Transferencia Incompleta | G70: GTA_01F2/Application/USER3/VD082 | H70: 1 Alarme | I70: Digital Simples | J70: 1F1/1F2 | K70: Consistido | L70: *
A71: 01F2 | B71: LT_GTA | C71: Operação Indevida Isoladoras | F71: VD.086 Operação Indevida | G71: GTA_01F2/Application/USER3/VD086 | H71: 1 Atuado | I71: Digital Simples | J71: 1F1/1F2 | K71: Consistido | L71: *
A72: 01F2 | B72: LT_GTA | C72: MCB TP Linha Desligado | D72: 4.15 | F72: BI4.15 MCB LT Desligado | G72: GTA_01F2/Application/USER1/BI415 | H72: 1 Alarme | I72: Digital Simples | J72: 1F1/1F2 | K72: Consistido | L72: *
A73: 01F2 | B73: LT_GTA | C73: Alarme - Seccionadoras Isoladoras em interposição | F73: VD.087 Alarme Isoladoras em Interposição | G73: GTA_01F2/Application/USER3/VD087 | H73: 1 Alarme | I73: Digital Simples | J73: 1F1/1F2 | K73: Consistido | L73: Somente a Nível 2 (WinCC)
A74: 01F2 | B74: LT_GTA | C74: Grupo de Ajustes 1 - Ativo | F74: VD.017 Grupo 1 Ativo | G74: GTA_01F2/Application/USER3/VD017 | H74: 1 Ativo | I74: Digital Simples | J74: 1F2 | K74: Consistido | L74: *
A75: 01F2 | B75: LT_GTA | C75: Grupo de Ajustes 1 - Ativo | F75: VD.017 Grupo 1 Ativo | G75: GTA_01F2/Application/USER3/VD017 | H75: 1 Ativo | I75: Digital Simples | J75: 1F2 | K75: Direto | L75: - | M75: N2
A76: 01F2 | B76: LT_GTA | C76: Grupo de Ajustes 2 - Ativo | F76: VD.018 Grupo 2 Ativo | G76: GTA_01F2/Application/USER3/VD018 | H76: 1 Ativo | I76: Digital Simples | J76: 1F2 | K76: Consistido | L76: * | O76: =VLOOKUP(AB76,[1]ETerra_D!$A$1:$D$30000,4,0) -> #N/A
A77: 01F2 | B77: LT_GTA | C77: Grupo de Ajustes 2 - Ativo | F77: VD.018 Grupo 2 Ativo | G77: GTA_01F2/Application/USER3/VD018 | H77: 1 Ativo | I77: Digital Simples | J77: 1F2 | K77: Direto | L77: - | M77: N2
A78: 01F2 | B78: LT_GTA | C78: Falha GOOSE (Falha Recepção IED Adjacente) | F78: VD.069 Falha Goose | G78: GTA_01F2/Application/USER3/VD069 | H78: 1 Alarme | I78: Digital Simples | J78: 1F2 | K78: Direto | L78: 122 | O78: =VLOOKUP(AB78,[1]ETerra_D!$A$1:$D$30000,4,0) -> #N/A
A79: 01F2 | B79: LT_GTA | C79: GOOSE Bloqueado (Bloqueio de envio de goose para IED adjacente) | F79: VD.083 Goose Bloqueado | G79: GTA_01F2/Application/USER3/VD083 | H79: 1 Alarme | I79: Digital Simples | J79: 1F2 | K79: Direto | L79: 123 | M79: N2
A80: 01F2 | B80: LT_GTA | C80: Falha GPS (Falha na Sincronização Temporal) | F80: VD.070 Falha GPS Sincronização de Tempo | G80: GTA_01F2/Application/USER3/VD070 | H80: 1 Alarme | I80: Digital Simples | J80: 1F2 | K80: Direto | L80: 124
A81: 01F2 | B81: LT_GTA | C81: Defeito Interno Relé | F81: =UCCD1!E16 -> IN1D5_PPL1_Falha_01F2 | G81: =UCCD1!F16 -> UTRCTRL/BI0GGIO0.Ind5.stVal | H81: 1 Alarme | I81: Digital Simples | J81: UCCD1 | K81: Externo | L81: 125
A82: 01F2 | B82: LT_GTA | C82: Falha de comunicação IED | H82: 1 Alarme | I82: Digital Simples | J82: CTR | K82: Externo | L82: 126
A83: Digitais (Proteção)
A84: 01F2 | B84: LT_GTA | C84: Proteção 62BF - Atuado | F84: VD.066 62BF Atuado | G84: GTA_01F2/Application/USER3/VD066 | H84: 1 Atuado | I84: Digital Simples | J84: 1F2 | K84: Direto | L84: 127 | O84: =VLOOKUP(AB84,[1]ETerra_D!$A$1:$D$30000,4,0) -> #N/A
A85: 01F2 | B85: LT_GTA | C85: Proteção Fase A - Atuado | F85: VD.040 TRIP Fase A | G85: GTA_01F2/Application/USER3/VD040 | H85: 1 Atuado | I85: Digital Simples | J85: 1F2 | K85: Direto | L85: 128 | O85: =VLOOKUP(AB85,[1]ETerra_D!$A$1:$D$30000,4,0) -> #N/A
A86: 01F2 | B86: LT_GTA | C86: Proteção Fase B - Atuado | F86: VD.041 TRIP Fase B | G86: GTA_01F2/Application/USER3/VD041 | H86: 1 Atuado | I86: Digital Simples | J86: 1F2 | K86: Direto | L86: 129 | O86: =VLOOKUP(AB86,[1]ETerra_D!$A$1:$D$30000,4,0) -> #N/A
A87: 01F2 | B87: LT_GTA | C87: Proteção Fase C - Atuado | F87: VD.042 TRIP Fase C | G87: GTA_01F2/Application/USER3/VD042 | H87: 1 Atuado | I87: Digital Simples | J87: 1F2 | K87: Direto | L87: 130 | O87: =VLOOKUP(AB87,[1]ETerra_D!$A$1:$D$30000,4,0) -> #N/A
A88: 01F2 | B88: LT_GTA | C88: Proteção Neutro - Atuado | F88: VD.043 TRIP Neutro | G88: GTA_01F2/Application/USER3/VD043 | H88: 1 Atuado | I88: Digital Simples | J88: 1F2 | K88: Direto | L88: 131
A89: 01F2 | B89: LT_GTA | C89: Proteção 50 ABC - Estágio 1 - Atuado | F89: VD.044 50 E1 Atuado | G89: GTA_01F2/Application/USER3/VD044 | H89: 1 Atuado | I89: Digital Simples | J89: 1F2 | K89: Direto | L89: 132 | O89: =VLOOKUP(AB89,[1]ETerra_D!$A$1:$D$30000,4,0) -> #N/A
A90: 01F2 | B90: LT_GTA | C90: Proteção 50 ABC - Estágio 2 - Atuado | F90: VD.045 50 E2 Atuado | G90: GTA_01F2/Application/USER3/VD045 | H90: 1 Atuado | I90: Digital Simples | J90: 1F2 | K90: Direto | L90: 133 | O90: =VLOOKUP(AB90,[1]ETerra_D!$A$1:$D$30000,4,0) -> #N/A
A91: 01F2 | B91: LT_GTA | C91: Proteção 51 ABC - Atuado | F91: VD.046 51 Atuado | G91: GTA_01F2/Application/USER3/VD046 | H91: 1 Atuado | I91: Digital Simples | J91: 1F2 | K91: Direto | L91: 134 | O91: =VLOOKUP(AB91,[1]ETerra_D!$A$1:$D$30000,4,0) -> #N/A
A92: 01F2 | B92: LT_GTA | C92: Proteção 50 N - Estágio 1 - Atuado | F92: VD.047 50N E1 Atuado | G92: GTA_01F2/Application/USER3/VD047 | H92: 1 Atuado | I92: Digital Simples | J92: 1F2 | K92: Direto | L92: 135 | O92: =VLOOKUP(AB92,[1]ETerra_D!$A$1:$D$30000,4,0) -> #N/A
A93: 01F2 | B93: LT_GTA | C93: Proteção 50 N - Estágio 2 - Atuado | F93: VD.048 50N E2 Atuado | G93: GTA_01F2/Application/USER3/VD048 | H93: 1 Atuado | I93: Digital Simples | J93: 1F2 | K93: Direto | L93: 136 | O93: =VLOOKUP(AB93,[1]ETerra_D!$A$1:$D$30000,4,0) -> #N/A
A94: 01F2 | B94: LT_GTA | C94: Proteção 51 N - Atuado | F94: VD.049 51N Atuado | G94: GTA_01F2/Application/USER3/VD049 | H94: 1 Atuado | I94: Digital Simples | J94: 1F2 | K94: Direto | L94: 137 | O94: =VLOOKUP(AB94,[1]ETerra_D!$A$1:$D$30000,4,0) -> #N/A
A95: 01F2 | B95: LT_GTA | C95: Proteção 21 - Bloqueado | F95: VD.021 21 Bloqueado | G95: GTA_01F2/Application/USER3/VD021 | H95: 1 Atuado | I95: Digital Simples | J95: 1F2 | K95: Direto | L95: 138 | O95: =VLOOKUP(AB95,[1]ETerra_D!$A$1:$D$30000,4,0) -> #N/A
A96: 01F2 | B96: LT_GTA | C96: Proteção 21 Zona 1 - Atuado | F96: VD.050 21Z1 Atuado | G96: GTA_01F2/Application/USER3/VD050 | H96: 1 Atuado | I96: Digital Simples | J96: 1F2 | K96: Direto | L96: 139 | O96: =VLOOKUP(AB96,[1]ETerra_D!$A$1:$D$30000,4,0) -> #N/A
A97: 01F2 | B97: LT_GTA | C97: Proteção 21 Zona 2 - Atuado | F97: VD.051 21Z2 Atuado | G97: GTA_01F2/Application/USER3/VD051 | H97: 1 Atuado | I97: Digital Simples | J97: 1F2 | K97: Direto | L97: 140 | O97: =VLOOKUP(AB97,[1]ETerra_D!$A$1:$D$30000,4,0) -> #N/A
A98: 01F2 | B98: LT_GTA | C98: Proteção 21 Zona 3 - Atuado | F98: VD.052 21Z3 Atuado | G98: GTA_01F2/Application/USER3/VD052 | H98: 1 Atuado | I98: Digital Simples | J98: 1F2 | K98: Direto | L98: 141 | O98: =VLOOKUP(AB98,[1]ETerra_D!$A$1:$D$30000,4,0) -> #N/A
A99: 01F2 | B99: LT_GTA | C99: Proteção 21 Zona 4 - Atuado | F99: VD.053 21Z4 Atuado | G99: GTA_01F2/Application/USER3/VD053 | H99: 1 Atuado | I99: Digital Simples | J99: 1F2 | K99: Direto | L99: 142 | O99: =VLOOKUP(AB99,[1]ETerra_D!$A$1:$D$30000,4,0) -> #N/A
A100: 01F2 | B100: LT_GTA | C100: Proteção 67 - Bloqueado | F100: VD.022 67 Bloqueado | G100: GTA_01F2/Application/USER3/VD022 | H100: 1 Atuado | I100: Digital Simples | J100: 1F2 | K100: Direto | L100: 143
...

Sheet 01F1_KGC_P
A1: #VALUE! | C1: SUBESTAÇÃO RGE GRAVATAÍ 4 (SE_GTD) | K1: Consistido: Consistir IED Principal e Alternado (DNP em Vermelho) Direto: Aquisição direta do IED Cmd Direto: Comando Direct (Enviar para Principal e Alternado
C2: Lista de Pontos Supervisionados LT_KGC Unidade Principal
C3: Relé: Siemens 7SA86 Shorcode: P1A639088 | G3: =Capa!G63 -> IP:10.39.13.11 | I3: Concentradora: SICAM PAS
C4: Protocolo: IEC 61850 Versão:2.1 FW: V9.8 FW Comm: V9.8 | I4: Protocolo: DNP3 IP:10.34.13.2 End:13
A5: IED | B5: Módulo | C5: Descrição do ponto | D5: Entrada Binária | E5: Saída Binária | F5: Variável | G5: Endereço Variável | H5: Variação: | I5: Tipo | J5: Origem | K5: Lógica | L5: Endereço DNP3 | M5: N2 | N5: N3
A6: Analógicas
A7: 02F1 | B7: LT_KGC | C7: Corrente Fase A | D7: 1IA | F7: Iph:A | G7: KGC_02F1/CB1_Fundamental/FPRE_MMXU1/A/phsA | I7: Analógico | J7: 2F1/2F2 | K7: Consistido | L7: 200
A8: 02F1 | B8: LT_KGC | C8: Corrente Fase B | D8: 1IB | F8: Iph:B | G8: KGC_02F1/CB1_Fundamental/FPRE_MMXU1/A/phsB | I8: Analógico | J8: 2F1/2F2 | K8: Consistido | L8: 201
A9: 02F1 | B9: LT_KGC | C9: Corrente Fase C | D9: 1IC | F9: Iph:C | G9: KGC_02F1/CB1_Fundamental/FPRE_MMXU1/A/phsC | I9: Analógico | J9: 2F1/2F2 | K9: Consistido | L9: 202
A10: 02F1 | B10: B69P | C10: Tensão Barra Fases AB | D10: 1V1 | F10: Vpp:AB | G10: KGC_02F1/CB1_Fundamental/FPRE_MMXU1/PPV/phsAB | I10: Analógico | J10: 2F1/2F2 | K10: Consistido | L10: 203
A11: 02F1 | B11: B69P | C11: Tensão Barra Fases BC | D11: 1V2 | F11: Vpp:BC | G11: KGC_02F1/CB1_Fundamental/FPRE_MMXU1/PPV/phsBC | I11: Analógico | J11: 2F1/2F2 | K11: Consistido | L11: 204
A12: 02F1 | B12: B69P | C12: Tensão Barra Fases CA | D12: 1V3 | F12: Vpp:CA | G12: KGC_02F1/CB1_Fundamental/FPRE_MMXU1/PPV/phsCA | I12: Analógico | J12: 2F1/2F2 | K12: Consistido | L12: 205
A13: 02F1 | B13: LT_KGC | C13: Tensão Linha (Fase B) | D13: 1V4 | F13: V2 | G13: KGC_02F1/CB1_25Synchronization/GENRSYN1/V2Clc | I13: Analógico | J13: 2F1/2F2 | K13: Consistido | L13: 206
A14: 02F1 | B14: LT_KGC | C14: Potência Ativa | F14: P tot | G14: KGC_02F1/Ln1_OperationalValues/PPRE_MMXU1/TotW | I14: Analógico | J14: 2F1/2F2 | K14: Consistido | L14: 207
A15: 02F1 | B15: LT_KGC | C15: Potência Reativa | F15: Q tot | G15: KGC_02F1/Ln1_OperationalValues/PPRE_MMXU1/TotVAr | I15: Analógico | J15: 2F1/2F2 | K15: Consistido | L15: 208
A16: 02F1 | B16: LT_KGC | C16: Distancia da Última Falta | F16: VD..091 Distância da Falta | G16: KGC_02F1/Application/USER3/VA001 | I16: Analógico | J16: 2F1 | K16: Direto | L16: 209
A17: Comandos
A18: 02F1 | B18: LT_KGC | C18: Disj. 52-3 (02Q0) - Desligar / Ligar | E18: 1.3/1.1 | F18: Comando DJ/Pos | G18: KGC_02F1/CB1/CSWI1/Pos | H18: ON: Ligar / OFF: Desligar | I18: Comando D | J18: 2F1/2F2 | K18: Cmd Direto | L18: 200
A19: 02F1 | B19: LT_KGC | C19: Secc. 89-14 (02Q1 Barra) - Abrir / Fechar | E19: 3.2/3.3 | F19: Comando 89 Barra | G19: KGC_02F1/Dc1/CSWI1/Pos | H19: ON: Fechar / OFF: Abrir | I19: Comando D | J19: 2F1/2F2 | K19: Cmd Direto | L19: 201
A20: 02F1 | B20: LT_KGC | C20: Secc. 89-16 (02Q2 Linha) - Abrir / Fechar | E20: 4.2/4.3 | F20: Comando 89 Linha | G20: KGC_02F1/Dc2/CSWI1/Pos | H20: ON: Fechar / OFF: Abrir | I20: Comando D | J20: 2F1/2F2 | K20: Cmd Direto | L20: 202
A21: 02F1 | B21: LT_KGC | C21: Secc. 89-18 (02Q3 Contorno) - Abrir / Fechar | E21: 3.5/3.6 | F21: Comando 89 Contorno | G21: KGC_02F1/Dc3/CSWI1/Pos | H21: ON: Fechar / OFF: Abrir | I21: Comando D | J21: 2F1/2F2 | K21: Cmd Direto | L21: 203
A22: 02F1 | B22: LT_KGC | C22: Religamento Automático (79) - Excluir / Incluir | F22: CMD RMT.01 79 Excluír/Incluír | G22: KGC_02F1/Application/USER7/CMD001 | H22: ON: Incluí / OFF: Excluí | I22: Comando D | J22: 2F1/2F2 | K22: Cmd Direto | L22: 204
A23: 02F1 | B23: LT_KGC | C23: Grupo de Ajustes 2 - Excluir / Incluir | F23: CMD RMT.02 Troca de Grupo | G23: KGC_02F1/Application/USER7/CMD002 | H23: ON: Incluí / OFF: Excluí | I23: Comando D | J23: 2F1/2F2 | K23: Cmd Direto | L23: 205
A24: 02F1 | B24: LT_KGC | C24: Check de Sincronismo (25) - Bloquear / Desbloquear | F24: CMD RMT.03 25 Bloqueio/Desbloqueio | G24: KGC_02F1/Application/USER7/CMD003 | H24: ON: Incluí / OFF: Excluí | I24: Comando D | J24: 2F1/2F2 | K24: Cmd Direto | L24: 206
A25: 02F1 | B25: LT_KGC | C25: Reserva para Aplicação Futura RGE | F25: CMD RMT.004 Reserva | G25: KGC_02F1/Application/USER7/CMD004 | H25: ON: Incluí / OFF: Excluí | I25: Comando D | J25: 2F1/2F3 | K25: Cmd Direto | L25: 207
A26: 02F1 | B26: LT_KGC | C26: Reserva para Aplicação Futura RGE | F26: CMD RMT.005 Reserva | G26: KGC_02F1/Application/USER7/CMD005 | H26: ON: Incluí / OFF: Excluí | I26: Comando D | J26: 2F1/2F4 | K26: Cmd Direto | L26: 208
A27: Digitais (Controle)
A28: Disjuntor 52-3 (02Q0)
A29: 02F1 | B29: LT_KGC | C29: Disj. 52-3 (02Q0) - Desligado | D29: 3.1 | F29: VD.001 DJ 52 Desligado Consistido | G29: KGC_02F1/Application/USER3/VD001 | H29: 1 Desligado | I29: Digital Simples | J29: 2F1/2F2 | K29: Consistido | L29: 200
A30: 02F1 | B30: LT_KGC | C30: Disj. 52-3 (02Q0) - Ligado | D30: 3.2 | F30: VD.002 DJ 52 Ligado Consistido | G30: KGC_02F1/Application/USER3/VD002 | H30: 1 Ligado | I30: Digital Simples | J30: 2F1/2F2 | K30: Consistido | L30: 201
A31: 02F1 | B31: LT_KGC | C31: Disj. 52-3 (02Q0) - Indefinido | F31: VD.003 DJ 52 Indefinido | G31: KGC_02F1/Application/USER3/VD003 | H31: 1 Alarme | I31: Digital Simples | J31: 2F1/2F2 | K31: Consistido | L31: 202 | M31: N2
A32: 02F1 | B32: LT_KGC | C32: Disj. 52-3 (02Q0) - Baixa Pressão SF6 - Alarme | D32: 3.3 | F32: BI.3.3 DJ 52 SF6 1º Estagio | G32: KGC_02F1/Application/USER1/BI303 | H32: 1 Alarme | I32: Digital Simples | J32: 2F1/2F2 | K32: Consistido | L32: 203
A33: 02F1 | B33: LT_KGC | C33: Disj. 52-3 (02Q0) - Baixa Pressão SF6 - Bloqueio | D33: 3.4 | F33: BI.3.4 DJ 52 SF6 2º Estagio | G33: KGC_02F1/Application/USER1/BI304 | H33: 1 Alarme | I33: Digital Simples | J33: 2F1/2F2 | K33: Consistido | L33: 204
A34: 02F1 | B34: LT_KGC | C34: Disj. 52-3 (02Q0) - Mola Descarregada ou FVCC CMD Bob. Ab. 1 ou 2 | D34: 3.5 | F34: VD.036 52 Mola Descarregada Temporizada | G34: KGC_02F1/Application/USER3/VD036 | H34: 1 Alarme | I34: Digital Simples | J34: 2F1/2F2 | K34: Consistido | L34: 205
A35: 02F1 | B35: LT_KGC | C35: Disj. 52-3 (02Q0) - Chave 43LR Pos. Remoto | D35: 3.6 | F35: BI.3.6 DJ 52 43LR Remoto | G35: KGC_02F1/Application/USER1/BI306 | H35: 1 Normal | I35: Digital Simples | J35: 2F1/2F2 | K35: Consistido | L35: 206
A36: 02F1 | B36: LT_KGC | C36: Disj. 52-3 (02Q0) – Supervisão Bobina de Ligar | D36: 4.1 | F36: VD.035 52 Falha Bob. Ligar | G36: KGC_02F1/Application/USER3/VD035 | H36: 1 Alarme | I36: Digital Simples | J36: 2F1/2F2 | K36: Consistido | L36: 207
A37: 02F1 | B37: LT_KGC | C37: Disj. 52-3 (02Q0) - Supervisão Bobina Desligar 1 | D37: 4.2 | F37: VD.033 52 Falha Bob. Aber. 1 | G37: KGC_02F1/Application/USER3/VD033 | H37: 1 Alarme | I37: Digital Simples | J37: 2F1/2F2 | K37: Consistido | L37: 208
A38: 02F1 | B38: LT_KGC | C38: Disj. 52-3 (02Q0) - Supervisão Bobina Desligar 2 | D38: 4.3 | F38: VD.034 52 Falha Bob. Abert. 2 | G38: KGC_02F1/Application/USER3/VD034 | H38: 1 Alarme | I38: Digital Simples | J38: 2F1/2F2 | K38: Consistido | L38: 209
A39: 02F1 | B39: LT_KGC | C39: Disj. 52-3 (02Q0) - Intertravamento | E39: 1.2 | F39: VD.088 DJ 52 Intertravamento | G39: KGC_02F1/Application/USER3/VD088 | H39: 1 Libera | I39: Digital Simples | J39: 1F1/1F2 | K39: Consistido | L39: 210 | M39: N2
A40: 02F1 | B40: LT_KGC | C40: Disj. 52-3 (02Q0) - Falha Comando de Desligar | F40: VD.032 52 Falha Comando de Desligar | G40: KGC_02F1/Application/USER3/VD032 | H40: 1 Falha | I40: Digital Simples | J40: 2F1/2F2 | K40: Consistido | L40: 211 | M40: N2
A41: 02F1 | B41: LT_KGC | C41: Disj. 52-3 (02Q0) - Falha Comando de Ligar | F41: VD.031 52 Falha Comando de Ligar | G41: KGC_02F1/Application/USER3/VD031 | H41: 1 Falha | I41: Digital Simples | J41: 2F1/2F2 | K41: Consistido | L41: 212 | M41: N2
A42: Seccionadora Barra 89-14 (02Q1)
A43: 02F1 | B43: LT_KGC | C43: Secc. 89-14 (02Q1 Barra) - Aberta | D43: 1.1 | F43: VD.004 Sec 89 Barra Aberta Consistida | G43: KGC_02F1/Application/USER3/VD004 | H43: 1 Aberta | I43: Digital Simples | J43: 2F1/2F2 | K43: Consistido | L43: 213
A44: 02F1 | B44: LT_KGC | C44: Secc. 89-14 (02Q1 Barra) - Fechado | D44: 1.2 | F44: VD.005 Sec 89 Barra Fechada Consistida | G44: KGC_02F1/Application/USER3/VD005 | H44: 1 Fechada | I44: Digital Simples | J44: 2F1/2F2 | K44: Consistido | L44: 214
A45: 02F1 | B45: LT_KGC | C45: Secc. 89-14 (02Q1 Barra) - Indefinida | F45: VD.006 Sec 89 Barra Indefinida | G45: KGC_02F1/Application/USER3/VD006 | H45: 1 Alarme | I45: Digital Simples | J45: 2F1/2F2 | K45: Consistido | L45: 215 | M45: N2
A46: 02F1 | B46: LT_KGC | C46: Secc. 89-14 (02Q1 Barra) - Alarme (43LR/Lo, FVCC Motor, FVCC Cmd) | D46: 1.3 | F46: BI.1.3 Sec 89 Barra Alarmes | G46: KGC_02F1/Application/USER1/BI103 | H46: 1 Alarme | I46: Digital Simples | J46: 2F1/2F2 | K46: Consistido | L46: 216
A47: 02F1 | B47: LT_KGC | C47: Secc. 89-14 (02Q1 Barra) - Libera Manobra | E47: 3.1 | F47: BO.3.1 Sec 89 Barra Intertravamento | G47: KGC_02F1/Application/USER2/BO301 | H47: 1 Liberada | I47: Digital Simples | J47: 2F1/2F2 | K47: Consistido | L47: 217 | M47: N2
A48: Seccionadora Linha 89-16 (02Q2)
A49: 02F1 | B49: LT_KGC | C49: Secc. 89-16 (02Q2 Linha) - Aberta | D49: 1.5 | F49: VD.007 Sec 89 Linha Aberta Consistida | G49: KGC_02F1/Application/USER3/VD007 | H49: 1 Aberta | I49: Digital Simples | J49: 2F1/2F2 | K49: Consistido | L49: 218
A50: 02F1 | B50: LT_KGC | C50: Secc. 89-16 (02Q2 Linha) - Fechado | D50: 1.6 | F50: VD.008 Sec 89 Linha Fechada Consistida | G50: KGC_02F1/Application/USER3/VD008 | H50: 1 Fechada | I50: Digital Simples | J50: 2F1/2F2 | K50: Consistido | L50: 219
A51: 02F1 | B51: LT_KGC | C51: Secc. 89-16 (02Q2 Linha) - Indefinida | F51: VD.009 Sec 89 Linha Indefinida | G51: KGC_02F1/Application/USER3/VD009 | H51: 1 Alarme | I51: Digital Simples | J51: 2F1/2F2 | K51: Consistido | L51: 220 | M51: N2
A52: 02F1 | B52: LT_KGC | C52: Secc. 89-16 (02Q2 Linha) - Alarme (43LR/Lo, FVCC Motor, FVCC Cmd) | D52: 1.7 | F52: BI.1.7 Sec 89 Linha Alarmes | G52: KGC_02F1/Application/USER1/BI107 | H52: 1 Alarme | I52: Digital Simples | J52: 2F1/2F2 | K52: Consistido | L52: 221
A53: 02F1 | B53: LT_KGC | C53: Secc. 89-16 (02Q2 Linha) - Libera Manobra | E53: 3.4 | F53: BO.3.4 Sec 89 Linha Intertravamento | G53: KGC_02F1/Application/USER2/BO304 | H53: 1 Liberada | I53: Digital Simples | J53: 2F1/2F2 | K53: Consistido | L53: 222 | M53: N2
A54: Seccionadora Contorno 89-18 (02Q3)
A55: 02F1 | B55: LT_KGC | C55: Secc. 89-18 (02Q3 Contorno) - Aberta | D55: 4.6 | F55: VD.010 Sec 89 Contorno Aberta Consistida | G55: KGC_02F1/Application/USER3/VD010 | H55: 1 Aberta | I55: Digital Simples | J55: 2F1/2F2 | K55: Consistido | L55: 223
A56: 02F1 | B56: LT_KGC | C56: Secc. 89-18 (02Q3 Contorno) - Fechado | D56: 4.7 | F56: VD.011 Sec 89 Contorno Fechada Consistida | G56: KGC_02F1/Application/USER3/VD011 | H56: 1 Fechada | I56: Digital Simples | J56: 2F1/2F2 | K56: Consistido | L56: 224
A57: 02F1 | B57: LT_KGC | C57: Secc. 89-18 (02Q3 Contorno) - Indefinida | F57: VD.012 Sec 89 Contorno Indefinida | G57: KGC_02F1/Application/USER3/VD012 | H57: 1 Alarme | I57: Digital Simples | J57: 2F1/2F2 | K57: Consistido | L57: 225 | M57: N2
A58: 02F1 | B58: LT_KGC | C58: Secc. 89-18 (02Q3 Contorno) - Alarme (43LR/Lo, FVCC Motor, FVCC Cmd) | D58: 4.8 | F58: BI.4.8 Sec 89 Contorno Alarmes | G58: KGC_02F1/Application/USER1/BI408 | H58: 1 Alarme | I58: Digital Simples | J58: 2F1/2F2 | K58: Consistido | L58: 226
A59: 02F1 | B59: LT_KGC | C59: Secc. 89-18 (02Q3 Contorno) - Libera Manobra | E59: 4.2 | F59: BO.4.1 Sec 89 Contorno Intertravamento | G59: KGC_02F1/Application/USER2/BO401 | H59: 1 Liberada | I59: Digital Simples | J59: 2F1/2F2 | K59: Consistido | L59: 227 | M59: N2
A60: Lâmina de Terra 29-3 (02Q4)
A61: 02F1 | B61: LT_KGC | C61: Secc. 29-3 (02Q4 Terra) - Aberta | D61: 4.4 | F61: VD.013 Sec 29 Terra Aberta Consistida | G61: KGC_02F1/Application/USER3/VD013 | H61: 1 Aberta | I61: Digital Simples | J61: 2F1/2F2 | K61: Consistido | L61: 228
A62: 02F1 | B62: LT_KGC | C62: Secc. 29-3 (02Q4 Terra) - Fechado | D62: 4.5 | F62: VD.014 Sec 29 Terra Fechada Consistida | G62: KGC_02F1/Application/USER3/VD014 | H62: 1 Fechada | I62: Digital Simples | J62: 2F1/2F2 | K62: Consistido | L62: 229
A63: 02F1 | B63: LT_KGC | C63: Secc. 29-3 (02Q4 Terra) - Indefinida | F63: VD.015 Sec 29 Terra Indefinida | G63: KGC_02F1/Application/USER3/VD015 | H63: 1 Alarme | I63: Digital Simples | J63: 2F1/2F2 | K63: Consistido | L63: 230 | M63: N2
A64: 02F1 | B64: LT_KGC | C64: Secc. 29-3 (02Q4 Terra) - Libera Manobra | F64: VD..077 29 Terra Libera Fechar | G64: KGC_02F1/Application/USER3/VD077 | H64: 1 Liberada | I64: Digital Simples | J64: 2F1/2F2 | K64: Consistido | L64: 231 | M64: N2
A65: Alarmes e Sinalizações IED
A66: 02F1 | B66: LT_KGC | C66: Chave 43TC Excluida | F66: VD.016 43TC Excluída | G66: KGC_02F1/Application/USER3/VD016 | H66: 1 Alarme | I66: Digital Simples | J66: 2F1/2F2 | K66: Consistido | L66: 232
A67: 02F1 | B67: LT_KGC | C67: Módulo Normal (Disparo no 52 da LT) | F67: VD.079 Módulo Normal | G67: KGC_02F1/Application/USER3/VD079 | H67: 1 Ativo | I67: Digital Simples | J67: 2F1/2F2 | K67: Consistido | L67: 233 | M67: Disp.
A68: 02F1 | B68: LT_KGC | C68: Módulo Intermediário (Disparo no 52 da LT e Disparo no 52 TRF-3) | F68: VD.080 Módulo Intermediário | G68: KGC_02F1/Application/USER3/VD080 | H68: 1 Ativo | I68: Digital Simples | J68: 2F1/2F2 | K68: Consistido | L68: 234 | M68: N2
A69: 02F1 | B69: LT_KGC | C69: Módulo Transferido (Disparo no 52 do TRF-3) | F69: VD.081 Módulo Transferido | G69: KGC_02F1/Application/USER3/VD081 | H69: 1 Ativo | I69: Digital Simples | J69: 2F1/2F2 | K69: Consistido | L69: 235
A70: 02F1 | B70: LT_KGC | C70: Transferência Incompleta | F70: VD.082 Transferencia Incompleta | G70: KGC_02F1/Application/USER3/VD082 | H70: 1 Alarme | I70: Digital Simples | J70: 2F1/2F2 | K70: Consistido | L70: 236
A71: 02F1 | B71: LT_KGC | C71: Operação Indevida Isoladoras | F71: VD.086 Operação Indevida | G71: KGC_02F1/Application/USER3/VD.086 | H71: 1 Atuado | I71: Digital Simples | J71: 2F1/2F2 | K71: Consistido | L71: 237
A72: 02F1 | B72: LT_KGC | C72: MCB TP Linha Desligado | D72: 4.15 | F72: BI4.15 MCB LT Desligado | G72: KGC_02F1/Application/USER1/BI415 | H72: 1 Alarme | I72: Digital Simples | J72: 2F1/2F2 | K72: Consistido | L72: 238
A73: 02F1 | B73: LT_KGC | C73: Alarme - Seccionadoras Isoladoras em interposição | F73: VD.087 Alarme Isoladoras em Interposição | G73: KGC_02F1/Application/USER3/VD087 | H73: 1 Alarme | I73: Digital Simples | J73: 2F1/2F2 | K73: Consistido | L73: Somente a Nível 2 (WinCC)
A74: 02F1 | B74: LT_KGC | C74: Grupo de Ajustes 1 - Ativo | F74: VD.017 Grupo 1 Ativo | G74: KGC_02F1/Application/USER3/VD017 | H74: 1 Ativo | I74: Digital Simples | J74: 2F1/2F2 | K74: Consistido | L74: 250
A75: 02F1 | B75: LT_KGC | C75: Grupo de Ajustes 1 - Ativo | F75: VD.017 Grupo 1 Ativo | G75: KGC_02F1/Application/USER3/VD017 | H75: 1 Ativo | I75: Digital Simples | J75: 2F1 | K75: Direto | L75: - | M75: N2
A76: 02F1 | B76: LT_KGC | C76: Grupo de Ajustes 2 - Ativo | F76: VD.018 Grupo 2 Ativo | G76: KGC_02F1/Application/USER3/VD018 | H76: 1 Ativo | I76: Digital Simples | J76: 2F1/2F2 | K76: Consistido | L76: 251
A77: 02F1 | B77: LT_KGC | C77: Grupo de Ajustes 2 - Ativo | F77: VD.018 Grupo 2 Ativo | G77: KGC_02F1/Application/USER3/VD018 | H77: 1 Ativo | I77: Digital Simples | J77: 2F1 | K77: Direto | L77: - | M77: N2
A78: 02F1 | B78: LT_KGC | C78: Falha GOOSE (Falha Recepção IED Adjacente) | F78: VD.069 Falha Goose | G78: KGC_02F1/Application/USER3/VD069 | H78: 1 Alarme | I78: Digital Simples | J78: 2F1 | K78: Direto | L78: 252
A79: 02F1 | B79: LT_KGC | C79: GOOSE Bloqueado (Bloqueio de envio de goose para IED adjacente) | F79: VD.083 Goose Bloqueado | G79: KGC_02F1/Application/USER3/VD083 | H79: 1 Alarme | I79: Digital Simples | J79: 2F1 | K79: Direto | L79: 253 | M79: N2
A80: 02F1 | B80: LT_KGC | C80: Falha GPS (Falha na Sincronização Temporal) | F80: VD.070 Falha GPS Sincronização de Tempo | G80: KGC_02F1/Application/USER3/VD070 | H80: 1 Alarme | I80: Digital Simples | J80: 2F1 | K80: Direto | L80: 254
A81: 02F1 | B81: LT_KGC | C81: Defeito Interno Relé | F81: =UCCD1!E17 -> IN1D6_PPL2_Falha_02F1 | G81: =UCCD1!F17 -> UTRCTRL/BI0GGIO0.Ind6.stVal | H81: 1 Alarme | I81: Digital Simples | J81: UCCD1 | K81: Externo | L81: 255
A82: 02F1 | B82: LT_KGC | C82: Falha de comunicação IED | H82: 1 Alarme | I82: Digital Simples | J82: CTR | K82: Externo | L82: 256
A83: Digitais (Proteção)
A84: 02F1 | B84: LT_KGC | C84: Proteção 62BF - Atuado | F84: VD.066 62BF Atuado | G84: KGC_02F1/Application/USER3/VD066 | H84: 1 Atuado | I84: Digital Simples | J84: 2F1 | K84: Direto | L84: 257
A85: 02F1 | B85: LT_KGC | C85: Proteção Fase A - Atuado | F85: VD.040 TRIP Fase A | G85: KGC_02F1/Application/USER3/VD040 | H85: 1 Atuado | I85: Digital Simples | J85: 2F1 | K85: Direto | L85: 258
A86: 02F1 | B86: LT_KGC | C86: Proteção Fase B - Atuado | F86: VD.041 TRIP Fase B | G86: KGC_02F1/Application/USER3/VD041 | H86: 1 Atuado | I86: Digital Simples | J86: 2F1 | K86: Direto | L86: 259
A87: 02F1 | B87: LT_KGC | C87: Proteção Fase C - Atuado | F87: VD.042 TRIP Fase C | G87: KGC_02F1/Application/USER3/VD042 | H87: 1 Atuado | I87: Digital Simples | J87: 2F1 | K87: Direto | L87: 260
A88: 02F1 | B88: LT_KGC | C88: Proteção Neutro - Atuado | F88: VD.043 TRIP Neutro | G88: KGC_02F1/Application/USER3/VD043 | H88: 1 Atuado | I88: Digital Simples | J88: 2F1 | K88: Direto | L88: 261
A89: 02F1 | B89: LT_KGC | C89: Proteção 50 ABC - Estágio 1 - Atuado | F89: VD.044 50 E1 Atuado | G89: KGC_02F1/Application/USER3/VD044 | H89: 1 Atuado | I89: Digital Simples | J89: 2F1 | K89: Direto | L89: 262
A90: 02F1 | B90: LT_KGC | C90: Proteção 50 ABC - Estágio 2 - Atuado | F90: VD.045 50 E2 Atuado | G90: KGC_02F1/Application/USER3/VD045 | H90: 1 Atuado | I90: Digital Simples | J90: 2F1 | K90: Direto | L90: 263
A91: 02F1 | B91: LT_KGC | C91: Proteção 51 ABC - Atuado | F91: VD.046 51 Atuado | G91: KGC_02F1/Application/USER3/VD046 | H91: 1 Atuado | I91: Digital Simples | J91: 2F1 | K91: Direto | L91: 264
A92: 02F1 | B92: LT_KGC | C92: Proteção 50 N - Estágio 1 - Atuado | F92: VD.047 50N E1 Atuado | G92: KGC_02F1/Application/USER3/VD047 | H92: 1 Atuado | I92: Digital Simples | J92: 2F1 | K92: Direto | L92: 265
A93: 02F1 | B93: LT_KGC | C93: Proteção 50 N - Estágio 2 - Atuado | F93: VD.048 50N E2 Atuado | G93: KGC_02F1/Application/USER3/VD048 | H93: 1 Atuado | I93: Digital Simples | J93: 2F1 | K93: Direto | L93: 266
A94: 02F1 | B94: LT_KGC | C94: Proteção 51 N - Atuado | F94: VD.049 51N Atuado | G94: KGC_02F1/Application/USER3/VD049 | H94: 1 Atuado | I94: Digital Simples | J94: 2F1 | K94: Direto | L94: 267
A95: 02F1 | B95: LT_KGC | C95: Proteção 21 - Bloqueado | F95: VD.021 21 Bloqueado | G95: KGC_02F1/Application/USER3/VD021 | H95: 1 Atuado | I95: Digital Simples | J95: 2F1 | K95: Direto | L95: 268
... A112: 02F1 | B112: LT_KGC | C112: Religamento Automático (79) - Excluido | F112: VD.019 79 Excluído | G112: KGC_02F1/Application/USER3/VD019 | H112: 1 Atuado | I112: Digital Simples | J112: 2F1/2F2 | K112: Consistido | L112: 285
A113: 02F1 | B113: LT_KGC | C113: Religamento Automático (79) - Excluido | F113: VD.019 79 Excluído | G113: KGC_02F1/Application/USER3/VD019 | H113: 1 Atuado | I113: Digital Simples | J113: 2F1 | K113: Direto | L113: - | M113: N2
A114: 02F1 | B114: LT_KGC | C114: Religamento (79) - Religar | F114: VD.067 79 Religamento | G114: KGC_02F1/Application/USER3/VD067 | H114: 1 Atuado | I114: Digital Simples | J114: 2F1 | K114: Direto | L114: 286
A115: 02F1 | B115: LT_KGC | C115: Religamento (79) - Bem Sucedido | F115: VD.068 79 Ciclo Bem Sucedido | G115: KGC_02F1/Application/USER3/VD068 | H115: 1 Atuado | I115: Digital Simples | J115: 2F1 | K115: Direto | L115: 287
A116: 02F1 | B116: LT_KGC | C116: Religamento (79) - Bloqueado | F116: VD.023 79 Bloqueado | G116: KGC_02F1/Application/USER3/VD023 | H116: 1 Atuado | I116: Digital Simples | J116: 2F1 | K116: Direto | L116: 288
...

Sheet 01F1_KGC_A
A1: #VALUE! | C1: SUBESTAÇÃO RGE GRAVATAÍ 4 (SE_GTD) | K1: Consistido: Consistir IED Principal e Alternado (DNP em Vermelho) Direto: Aquisição direta do IED Cmd Direto: Comando Direct (Enviar para Principal e Alternado
C2: Lista de Pontos Supervisionados LT_KGC Unidade Alternado
C3: Relé: Siemens 7SA86 Shorcode: P1A639088 | G3: =Capa!G64 -> IP:10.39.13.12 | I3: Concentradora: SICAM PAS | O3: COS
C4: Protocolo: IEC 61850 Versão:2.1 FW: V9.8 FW Comm: V9.8 | I4: Protocolo: DNP3 IP:10.34.13.2 End:13
A5: IED | B5: Módulo | C5: Descrição do ponto | D5: Entrada Binária | E5: Saída Binária | F5: Variável | G5: Endereço Variável | H5: Variação: | I5: Tipo | J5: Origem | K5: Lógica | L5: Endereço DNP3 | M5: N2 | N5: N3 | O5: NIVEL3
A6: Analógicas
A7: 02F2 | B7: LT_KGC | C7: Corrente Fase A | D7: 1IA | F7: Iph:A | G7: KGC_02F2/CB1_Fundamental/FPRE_MMXU1/A/phsA | I7: Analógico | J7: 2F1/2F2 | K7: Consistido | L7: * | O7: =VLOOKUP(AB7,[1]ETerra_A!$A$1:$D$30000,3,0) -> #N/A
A8: 02F2 | B8: LT_KGC | C8: Corrente Fase B | D8: 1IB | F8: Iph:B | G8: KGC_02F2/CB1_Fundamental/FPRE_MMXU1/A/phsB | I8: Analógico | J8: 2F1/2F2 | K8: Consistido | L8: * | O8: =VLOOKUP(AB8,[1]ETerra_A!$A$1:$D$30000,3,0) -> #N/A
A9: 02F2 | B9: LT_KGC | C9: Corrente Fase C | D9: 1IC | F9: Iph:C | G9: KGC_02F2/CB1_Fundamental/FPRE_MMXU1/A/phsC | I9: Analógico | J9: 2F1/2F2 | K9: Consistido | L9: * | O9: =VLOOKUP(AB9,[1]ETerra_A!$A$1:$D$30000,3,0) -> #N/A
A10: 02F2 | B10: B69P | C10: Tensão Barra Fases AB | D10: 1V1 | F10: Vpp:AB | G10: KGC_02F2/CB1_Fundamental/FPRE_MMXU1/PPV/phsAB | I10: Analógico | J10: 2F1/2F2 | K10: Consistido | L10: * | O10: =VLOOKUP(AB10,[1]ETerra_A!$A$1:$D$30000,3,0) -> #N/A
A11: 02F2 | B11: B69P | C11: Tensão Barra Fases BC | D11: 1V2 | F11: Vpp:BC | G11: KGC_02F2/CB1_Fundamental/FPRE_MMXU1/PPV/phsBC | I11: Analógico | J11: 2F1/2F2 | K11: Consistido | L11: * | O11: =VLOOKUP(AB11,[1]ETerra_A!$A$1:$D$30000,3,0) -> #N/A
A12: 02F2 | B12: B69P | C12: Tensão Barra Fases CA | D12: 1V3 | F12: Vpp:CA | G12: KGC_02F2/CB1_Fundamental/FPRE_MMXU1/PPV/phsCA | I12: Analógico | J12: 2F1/2F2 | K12: Consistido | L12: * | O12: =VLOOKUP(AB12,[1]ETerra_A!$A$1:$D$30000,3,0) -> #N/A
A13: 02F2 | B13: LT_KGC | C13: Tensão Linha (Fase B) | D13: 1V4 | F13: V2 | G13: KGC_02F2/CB1_25Synchronization/GENRSYN1/V2Clc | I13: Analógico | J13: 2F1/2F2 | K13: Consistido | L13: * | O13: =VLOOKUP(AB13,[1]ETerra_A!$A$1:$D$30000,3,0) -> #N/A
A14: 02F2 | B14: LT_KGC | C14: Potência Ativa | F14: P tot | G14: KGC_02F2/Ln1_OperationalValues/PPRE_MMXU1/TotW | I14: Analógico | J14: 2F1/2F2 | K14: Consistido | L14: * | O14: =VLOOKUP(AB14,[1]ETerra_A!$A$1:$D$30000,3,0) -> #N/A
A15: 02F2 | B15: LT_KGC | C15: Potência Reativa | F15: Q tot | G15: KGC_02F2/Ln1_OperationalValues/PPRE_MMXU1/TotVAr | I15: Analógico | J15: 2F1/2F2 | K15: Consistido | L15: * | O15: =VLOOKUP(AB15,[1]ETerra_A!$A$1:$D$30000,3,0) -> #N/A
A16: 02F2 | B16: LT_KGC | C16: Distancia da Última Falta | F16: VD..091 Distância da Falta | G16: KGC_02F2/Application/USER3/VA001 | I16: Analógico | J16: 2F2 | K16: Direto | L16: 209 | O16: =VLOOKUP(AB16,[1]ETerra_A!$A$1:$D$30000,3,0) -> #N/A
A17: Comandos
A18: 02F2 | B18: LT_KGC | C18: Disj. 52-3 (02Q0) - Desligar / Ligar | E18: 1.3/1.1 | F18: Comando DJ/Pos | G18: KGC_02F2/CB1/CSWI1/Pos | H18: ON: Ligar / OFF: Desligar | I18: Comando D | J18: 2F1/2F2 | K18: Cmd Direto | L18: * | O18: =VLOOKUP(AB18,[1]ETerra_C!$A$1:$D$30000,2,0) -> #N/A
A19: 02F2 | B19: LT_KGC | C19: Secc. 89-14 (02Q1 Barra) - Abrir / Fechar | E19: 3.2/3.3 | F19: Comando 89 Barra | G19: KGC_02F2/Dc1/CSWI1/Pos | H19: ON: Fechar / OFF: Abrir | I19: Comando D | J19: 2F1/2F2 | K19: Cmd Direto | L19: * | O19: =VLOOKUP(AB19,[1]ETerra_C!$A$1:$D$30000,2,0) -> #N/A
A20: 02F2 | B20: LT_KGC | C20: Secc. 89-16 (02Q2 Linha) - Abrir / Fechar | E20: 4.2/4.3 | F20: Comando 89 Linha | G20: KGC_02F2/Dc2/CSWI1/Pos | H20: ON: Fechar / OFF: Abrir | I20: Comando D | J20: 2F1/2F2 | K20: Cmd Direto | L20: * | O20: =VLOOKUP(AB20,[1]ETerra_C!$A$1:$D$30000,2,0) -> #N/A
A21: 02F2 | B21: LT_KGC | C21: Secc. 89-18 (02Q3 Contorno) - Abrir / Fechar | E21: 3.5/3.6 | F21: Comando 89 Contorno | G21: KGC_02F2/Dc3/CSWI1/Pos | H21: ON: Fechar / OFF: Abrir | I21: Comando D | J21: 2F1/2F2 | K21: Cmd Direto | L21: * | O21: =VLOOKUP(AB21,[1]ETerra_C!$A$1:$D$30000,2,0) -> #N/A
A22: 02F2 | B22: LT_KGC | C22: Religamento Automático (79) - Excluir / Incluir | F22: CMD RMT.01 79 Excluír/Incluír | G22: KGC_02F2/Application/USER7/CMD001 | H22: ON: Incluí / OFF: Excluí | I22: Comando D | J22: 2F1/2F2 | K22: Cmd Direto | L22: * | O22: =VLOOKUP(AB22,[1]ETerra_C!$A$1:$D$30000,2,0) -> #N/A
A23: 02F2 | B23: LT_KGC | C23: Grupo de Ajustes 2 - Excluir / Incluir | F23: CMD.02 Troca de Grupo | G23: KGC_02F2/Application/USER7/CMD002 | H23: ON: Incluí / OFF: Excluí | I23: Comando D | J23: 2F1/2F2 | K23: Cmd Direto | L23: * | O23: =VLOOKUP(AB23,[1]ETerra_C!$A$1:$D$30000,2,0) -> #N/A
A24: 02F2 | B24: LT_KGC | C24: Check de Sincronismo (25) - Bloquear / Desbloquear | F24: CMD.03 25 Bloqueio/Desbloqueio | G24: KGC_02F2/Application/USER7/CMD003 | H24: ON: Incluí / OFF: Excluí | I24: Comando D | J24: 2F1/2F2 | K24: Cmd Direto | L24: *
A25: 02F2 | B25: LT_KGC | C25: Reserva para Aplicação Futura RGE | F25: CMD RMT.004 Reserva | G25: KGC_02F2/Application/USER7/CMD004 | H25: ON: Incluí / OFF: Excluí | I25: Comando D | J25: 2F1/2F2 | K25: Cmd Direto | L25: *
A26: 02F2 | B26: LT_KGC | C26: Reserva para Aplicação Futura RGE | F26: CMD RMT.005 Reserva | G26: KGC_02F2/Application/USER7/CMD005 | H26: ON: Incluí / OFF: Excluí | I26: Comando D | J26: 2F1/2F2 | K26: Cmd Direto | L26: *
A27: Digitais (Controle)
A28: Disjuntor 52-3 (02Q0)
A29: 02F2 | B29: LT_KGC | C29: Disj. 52-3 (02Q0) - Desligado | D29: 3.1 | F29: VD.001 DJ 52 Desligado Consistido | G29: KGC_02F2/Application/USER3/VD001 | H29: 1 Desligado | I29: Digital Simples | J29: 2F1/2F2 | K29: Consistido | L29: * | O29: =VLOOKUP(AB29,[1]ETerra_D!$A$1:$D$30000,4,0) -> #N/A
A30: 02F2 | B30: LT_KGC | C30: Disj. 52-3 (02Q0) - Ligado | D30: 3.2 | F30: VD.002 DJ 52 Ligado Consistido | G30: KGC_02F2/Application/USER3/VD002 | H30: 1 Ligado | I30: Digital Simples | J30: 2F1/2F2 | K30: Consistido | L30: * | O30: =VLOOKUP(AB30,[1]ETerra_D!$A$1:$D$30000,4,0) -> #N/A
A31: 02F2 | B31: LT_KGC | C31: Disj. 52-3 (02Q0) - Indefinido | F31: VD.003 DJ 52 Indefinido | G31: KGC_02F2/Application/USER3/VD003 | H31: 1 Alarme | I31: Digital Simples | J31: 2F1/2F2 | K31: Consistido | L31: * | M31: N2
A32: 02F2 | B32: LT_KGC | C32: Disj. 52-3 (02Q0) - Baixa Pressão SF6 - Alarme | D32: 3.3 | F32: BI.3.3 DJ 52 SF6 1º Estagio | G32: KGC_02F2/Application/USER1/BI303 | H32: 1 Alarme | I32: Digital Simples | J32: 2F1/2F2 | K32: Consistido | L32: * | O32: =VLOOKUP(AB32,[1]ETerra_D!$A$1:$D$30000,4,0) -> #N/A
A33: 02F2 | B33: LT_KGC | C33: Disj. 52-3 (02Q0) - Baixa Pressão SF6 - Bloqueio | D33: 3.4 | F33: BI.3.4 DJ 52 SF6 2º Estagio | G33: KGC_02F2/Application/USER1/BI304 | H33: 1 Alarme | I33: Digital Simples | J33: 2F1/2F2 | K33: Consistido | L33: * | O33: =VLOOKUP(AB33,[1]ETerra_D!$A$1:$D$30000,4,0) -> #N/A
A34: 02F2 | B34: LT_KGC | C34: Disj. 52-3 (02Q0) - Mola Descarregada ou FVCC CMD Bob. Ab. 1 ou 2 | D34: 3.5 | F34: VD.036 52 Mola Descarregada Temporizada | G34: KGC_02F2/Application/USER3/VD036 | H34: 1 Alarme | I34: Digital Simples | J34: 2F1/2F2 | K34: Consistido | L34: * | O34: =VLOOKUP(AB34,[1]ETerra_D!$A$1:$D$30000,4,0) -> #N/A
A35: 02F2 | B35: LT_KGC | C35: Disj. 52-3 (02Q0) - Chave 43LR Pos. Remoto | D35: 3.6 | F35: BI.3.6 DJ 52 43LR Remoto | G35: KGC_02F2/Application/USER1/BI306 | H35: 1 Normal | I35: Digital Simples | J35: 2F1/2F2 | K35: Consistido | L35: * | O35: =VLOOKUP(AB35,[1]ETerra_D!$A$1:$D$30000,4,0) -> #N/A
A36: 02F2 | B36: LT_KGC | C36: Disj. 52-3 (02Q0) – Supervisão Bobina de Ligar | D36: 4.1 | F36: VD.035 52 Falha Bob. Ligar | G36: KGC_02F2/Application/USER3/VD035 | H36: 1 Alarme | I36: Digital Simples | J36: 2F1/2F2 | K36: Consistido | L36: * | O36: =VLOOKUP(AB36,[1]ETerra_D!$A$1:$D$30000,4,0) -> #N/A
A37: 02F2 | B37: LT_KGC | C37: Disj. 52-3 (02Q0) - Supervisão Bobina Desligar 1 | D37: 4.2 | F37: VD.033 52 Falha Bob. Aber. 1 | G37: KGC_02F2/Application/USER3/VD033 | H37: 1 Alarme | I37: Digital Simples | J37: 2F1/2F2 | K37: Consistido | L37: *
A38: 02F2 | B38: LT_KGC | C38: Disj. 52-3 (02Q0) - Supervisão Bobina Desligar 2 | D38: 4.3 | F38: VD.034 52 Falha Bob. Abert. 2 | G38: KGC_02F2/Application/USER3/VD034 | H38: 1 Alarme | I38: Digital Simples | J38: 2F1/2F2 | K38: Consistido | L38: * | O38: =VLOOKUP(AB38,[1]ETerra_D!$A$1:$D$30000,4,0) -> #N/A
A39: 02F2 | B39: LT_KGC | C39: Disj. 52-3 (02Q0) - Intertravamento | E39: 1.2 | F39: VD.088 DJ 52 Intertravamento | G39: KGC_02F2/Application/USER3/VD088 | H39: 1 Libera | I39: Digital Simples | J39: 1F1/1F2 | K39: Consistido | L39: * | M39: N2
A40: 02F2 | B40: LT_KGC | C40: Disj. 52-3 (02Q0) - Falha Comando de Desligar | F40: VD.032 52 Falha Comando de Desligar | G40: KGC_02F2/Application/USER3/VD032 | H40: 1 Falha | I40: Digital Simples | J40: 2F1/2F2 | K40: Consistido | L40: * | M40: N2
A41: 02F2 | B41: LT_KGC | C41: Disj. 52-3 (02Q0) - Falha Comando de Ligar | F41: VD.031 52 Falha Comando de Ligar | G41: KGC_02F2/Application/USER3/VD031 | H41: 1 Falha | I41: Digital Simples | J41: 2F1/2F2 | K41: Consistido | L41: * | M41: N2
A42: Seccionadora Barra 89-14 (02Q1)
A43: 02F2 | B43: LT_KGC | C43: Secc. 89-14 (02Q1 Barra) - Aberta | D43: 1.1 | F43: VD.004 Sec 89 Barra Aberta Consistida | G43: KGC_02F2/Application/USER3/VD004 | H43: 1 Aberta | I43: Digital Simples | J43: 2F1/2F2 | K43: Consistido | L43: * | O43: =VLOOKUP(AB43,[1]ETerra_D!$A$1:$D$30000,4,0) -> #N/A
A44: 02F2 | B44: LT_KGC | C44: Secc. 89-14 (02Q1 Barra) - Fechado | D44: 1.2 | F44: VD.005 Sec 89 Barra Fechada Consistida | G44: KGC_02F2/Application/USER3/VD005 | H44: 1 Fechada | I44: Digital Simples | J44: 2F1/2F2 | K44: Consistido | L44: * | O44: =VLOOKUP(AB44,[1]ETerra_D!$A$1:$D$30000,4,0) -> #N/A
A45: 02F2 | B45: LT_KGC | C45: Secc. 89-14 (02Q1 Barra) - Indefinida | F45: VD.006 Sec 89 Barra Indefinida | G45: KGC_02F2/Application/USER3/VD006 | H45: 1 Alarme | I45: Digital Simples | J45: 2F1/2F2 | K45: Consistido | L45: * | M45: N2
A46: 02F2 | B46: LT_KGC | C46: Secc. 89-14 (02Q1 Barra) - Alarme (43LR/Lo, FVCC Motor, FVCC Cmd) | D46: 1.3 | F46: BI.1.3 Sec 89 Barra Alarmes | G46: KGC_02F2/Application/USER1/BI103 | H46: 1 Alarme | I46: Digital Simples | J46: 2F1/2F2 | K46: Consistido | L46: * | O46: =VLOOKUP(AB46,[1]ETerra_D!$A$1:$D$30000,4,0) -> #N/A
A47: 02F2 | B47: LT_KGC | C47: Secc. 89-14 (02Q1 Barra) - Libera Manobra | E47: 3.1 | F47: BO.3.1 Sec 89 Barra Intertravamento | G47: KGC_02F2/Application/USER2/BO301 | H47: 1 Liberada | I47: Digital Simples | J47: 2F1/2F2 | K47: Consistido | L47: * | M47: N2 | O47: =VLOOKUP(AB47,[1]ETerra_D!$A$1:$D$30000,4,0) -> #N/A
A48: Seccionadora Linha 89-16 (02Q2)
A49: 02F2 | B49: LT_KGC | C49: Secc. 89-16 (02Q2 Linha) - Aberta | D49: 1.5 | F49: VD.007 Sec 89 Linha Aberta Consistida | G49: KGC_02F2/Application/USER3/VD007 | H49: 1 Aberta | I49: Digital Simples | J49: 2F1/2F2 | K49: Consistido | L49: * | O49: =VLOOKUP(AB49,[1]ETerra_D!$A$1:$D$30000,4,0) -> #N/A
A50: 02F2 | B50: LT_KGC | C50: Secc. 89-16 (02Q2 Linha) - Fechado | D50: 1.6 | F50: VD.008 Sec 89 Linha Fechada Consistida | G50: KGC_02F2/Application/USER3/VD008 | H50: 1 Fechada | I50: Digital Simples | J50: 2F1/2F2 | K50: Consistido | L50: * | O50: =VLOOKUP(AB50,[1]ETerra_D!$A$1:$D$30000,4,0) -> #N/A
A51: 02F2 | B51: LT_KGC | C51: Secc. 89-16 (02Q2 Linha) - Indefinida | F51: VD.009 Sec 89 Linha Indefinida | G51: KGC_02F2/Application/USER3/VD009 | H51: 1 Alarme | I51: Digital Simples | J51: 2F1/2F2 | K51: Consistido | L51: * | M51: N2
A52: 02F2 | B52: LT_KGC | C52: Secc. 89-16 (02Q2 Linha) - Alarme (43LR/Lo, FVCC Motor, FVCC Cmd) | D52: 1.7 | F52: BI.1.7 Sec 89 Linha Alarmes | G52: KGC_02F2/Application/USER1/BI107 | H52: 1 Alarme | I52: Digital Simples | J52: 2F1/2F2 | K52: Consistido | L52: * | O52: =VLOOKUP(AB52,[1]ETerra_D!$A$1:$D$30000,4,0) -> #N/A
A53: 02F2 | B53: LT_KGC | C53: Secc. 89-16 (02Q2 Linha) - Libera Manobra | E53: 3.4 | F53: BO.3.4 Sec 89 Linha Intertravamento | G53: KGC_02F2/Application/USER2/BO304 | H53: 1 Liberada | I53: Digital Simples | J53: 2F1/2F2 | K53: Consistido | L53: * | M53: N2 | O53: =VLOOKUP(AB53,[1]ETerra_D!$A$1:$D$30000,4,0) -> #N/A
A54: Seccionadora Contorno 89-18 (02Q3)
A55: 02F2 | B55: LT_KGC | C55: Secc. 89-18 (02Q3 Contorno) - Aberta | D55: 4.6 | F55: VD.010 Sec 89 Contorno Aberta Consistida | G55: KGC_02F2/Application/USER3/VD010 | H55: 1 Aberta | I55: Digital Simples | J55: 2F1/2F2 | K55: Consistido | L55: * | O55: =VLOOKUP(AB55,[1]ETerra_D!$A$1:$D$30000,4,0) -> #N/A
A56: 02F2 | B56: LT_KGC | C56: Secc. 89-18 (02Q3 Contorno) - Fechado | D56: 4.7 | F56: VD.011 Sec 89 Contorno Fechada Consistida | G56: KGC_02F2/Application/USER3/VD011 | H56: 1 Fechada | I56: Digital Simples | J56: 2F1/2F2 | K56: Consistido | L56: * | O56: =VLOOKUP(AB56,[1]ETerra_D!$A$1:$D$30000,4,0) -> #N/A
A57: 02F2 | B57: LT_KGC | C57: Secc. 89-18 (02Q3 Contorno) - Indefinida | F57: VD.012 Sec 89 Contorno Indefinida | G57: KGC_02F2/Application/USER3/VD012 | H57: 1 Alarme | I57: Digital Simples | J57: 2F1/2F2 | K57: Consistido | L57: * | M57: N2
A58: 02F2 | B58: LT_KGC | C58: Secc. 89-18 (02Q3 Contorno) - Alarme (43LR/Lo, FVCC Motor, FVCC Cmd) | D58: 4.8 | F58: BI.4.8 Sec 89 Contorno Alarmes | G58: KGC_02F2/Application/USER1/BI408 | H58: 1 Alarme | I58: Digital Simples | J58: 2F1/2F2 | K58: Consistido | L58: *
A59: 02F2 | B59: LT_KGC | C59: Secc. 89-18 (02Q3 Contorno) - Libera Manobra | E59: 4.2 | F59: BO.4.1 Sec 89 Contorno Intertravamento | G59: KGC_02F2/Application/USER2/BO401 | H59: 1 Liberada | I59: Digital Simples | J59: 2F1/2F2 | K59: Consistido | L59: * | M59: N2 | O59: =VLOOKUP(AB59,[1]ETerra_D!$A$1:$D$30000,4,0) -> #N/A
A60: Lâmina de Terra 29-3 (02Q4)
A61: 02F2 | B61: LT_KGC | C61: Secc. 29-3 (02Q4 Terra) - Aberta | D61: 4.4 | F61: VD.013 Sec 29 Terra Aberta Consistida | G61: KGC_02F2/Application/USER3/VD013 | H61: 1 Aberta | I61: Digital Simples | J61: 2F1/2F2 | K61: Consistido | L61: * | O61: =VLOOKUP(AB61,[1]ETerra_D!$A$1:$D$30000,4,0) -> #N/A
A62: 02F2 | B62: LT_KGC | C62: Secc. 29-3 (02Q4 Terra) - Fechado | D62: 4.5 | F62: VD.014 Sec 29 Terra Fechada Consistida | G62: KGC_02F2/Application/USER3/VD014 | H62: 1 Fechada | I62: Digital Simples | J62: 2F1/2F2 | K62: Consistido | L62: * | O62: =VLOOKUP(AB62,[1]ETerra_D!$A$1:$D$30000,4,0) -> #N/A
A63: 02F2 | B63: LT_KGC | C63: Secc. 29-3 (02Q4 Terra) - Indefinida | F63: VD.015 Sec 29 Terra Indefinida | G63: KGC_02F2/Application/USER3/VD015 | H63: 1 Alarme | I63: Digital Simples | J63: 2F1/2F2 | K63: Consistido | L63: * | M63: N2
A64: 02F2 | B64: LT_KGC | C64: Secc. 29-3 (02Q4 Terra) - Libera Manobra | F64: VD.077 29 Terra Libera Fechar | G64: KGC_02F2/Application/USER3/VD077 | H64: 1 Liberada | I64: Digital Simples | J64: 2F1/2F2 | K64: Consistido | L64: * | M64: N2 | O64: =VLOOKUP(AB64,[1]ETerra_D!$A$1:$D$30000,4,0) -> #N/A
A65: Alarmes e Sinalizações IED
A66: 02F2 | B66: LT_KGC | C66: Chave 43TC Excluida | F66: VD.016 43TC Excluída | G66: KGC_02F2/Application/USER3/VD016 | H66: 1 Alarme | I66: Digital Simples | J66: 2F1/2F2 | K66: Consistido | L66: * | O66: =VLOOKUP(AB66,[1]ETerra_D!$A$1:$D$30000,4,0) -> #N/A
A67: 02F2 | B67: LT_KGC | C67: Módulo Normal (Disparo no 52 da LT) | F67: VD.079 Módulo Normal | G67: KGC_02F2/Application/USER3/VD079 | H67: 1 Ativo | I67: Digital Simples | J67: 2F1/2F2 | K67: Consistido | L67: * | M67: Disp.
A68: 02F2 | B68: LT_KGC | C68: Módulo Intermediário (Disparo no 52 da LT e Disparo no 52 TRF-3) | F68: VD.080 Módulo Intermediário | G68: KGC_02F2/Application/USER3/VD080 | H68: 1 Ativo | I68: Digital Simples | J68: 2F1/2F2 | K68: Consistido | L68: * | M68: N2
A69: 02F2 | B69: LT_KGC | C69: Módulo Transferido (Disparo no 52 do TRF-3) | F69: VD.081 Módulo Transferido | G69: KGC_02F2/Application/USER3/VD081 | H69: 1 Ativo | I69: Digital Simples | J69: 2F1/2F2 | K69: Consistido | L69: *
A70: 02F2 | B70: LT_KGC | C70: Transferência Incompleta | F70: VD.082 Transferencia Incompleta | G70: KGC_02F2/Application/USER3/VD082 | H70: 1 Alarme | I70: Digital Simples | J70: 2F1/2F2 | K70: Consistido | L70: *
A71: 02F2 | B71: LT_KGC | C71: Operação Indevida Isoladoras | F71: VD.086 Operação Indevida | G71: KGC_02F2/Application/USER3/VD086 | H71: 1 Atuado | I71: Digital Simples | J71: 2F1/2F2 | K71: Consistido | L71: *
A72: 02F2 | B72: LT_KGC | C72: MCB TP Linha Desligado | D72: 4.15 | F72: BI4.15 MCB LT Desligado | G72: KGC_02F2/Application/USER1/BI415 | H72: 1 Alarme | I72: Digital Simples | J72: 2F1/2F2 | K72: Consistido | L72: *
A73: 02F2 | B73: LT_KGC | C73: Alarme - Seccionadoras Isoladoras em interposição | F73: VD.087 Alarme Isoladoras em Interposição | G73: KGC_02F2/Application/USER3/VD087 | H73: 1 Alarme | I73: Digital Simples | J73: 2F1/2F2 | K73: Consistido | L73: Somente a Nível 2 (WinCC)
A74: 02F2 | B74: LT_KGC | C74: Grupo de Ajustes 1 - Ativo | F74: VD.017 Grupo 1 Ativo | G74: KGC_02F2/Application/USER3/VD017 | H74: 1 Ativo | I74: Digital Simples | J74: 2F1/2F2 | K74: Consistido | L74: *
A75: 02F2 | B75: LT_KGC | C75: Grupo de Ajustes 1 - Ativo | F75: VD.017 Grupo 1 Ativo | G75: KGC_02F2/Application/USER3/VD017 | H75: 1 Ativo | I75: Digital Simples | J75: 2F2 | K75: Direto | L75: - | M75: N2
A76: 02F2 | B76: LT_KGC | C76: Grupo de Ajustes 2 - Ativo | F76: VD.018 Grupo 2 Ativo | G76: KGC_02F2/Application/USER3/VD018 | H76: 1 Ativo | I76: Digital Simples | J76: 2F1/2F2 | K76: Consistido | L76: * | O76: =VLOOKUP(AB76,[1]ETerra_D!$A$1:$D$30000,4,0) -> #N/A
A77: 02F2 | B77: LT_KGC | C77: Grupo de Ajustes 2 - Ativo | F77: VD.018 Grupo 2 Ativo | G77: KGC_02F2/Application/USER3/VD018 | H77: 1 Ativo | I77: Digital Simples | J77: 2F2 | K77: Direto | L77: - | M77: N2
A78: 02F2 | B78: LT_KGC | C78: Falha GOOSE (Falha Recepção IED Adjacente) | F78: VD.069 Falha Goose | G78: KGC_02F2/Application/USER3/VD069 | H78: 1 Alarme | I78: Digital Simples | J78: 2F2 | K78: Direto | L78: 322 | O78: =VLOOKUP(AB78,[1]ETerra_D!$A$1:$D$30000,4,0) -> #N/A
A79: 02F2 | B79: LT_KGC | C79: GOOSE Bloqueado (Bloqueio de envio de goose para IED adjacente) | F79: VD.083 Goose Bloqueado | G79: KGC_02F2/Application/USER3/VD083 | H79: 1 Alarme | I79: Digital Simples | J79: 2F2 | K79: Direto | L79: 323 | M79: N2
A80: 02F2 | B80: LT_KGC | C80: Falha GPS (Falha na Sincronização Temporal) | F80: VD.070 Falha GPS Sincronização de Tempo | G80: KGC_02F2/Application/USER3/VD070 | H80: 1 Alarme | I80: Digital Simples | J80: 2F2 | K80: Direto | L80: 324
A81: 02F2 | B81: LT_KGC | C81: Defeito Interno Relé | F81: =UCCD1!E18 -> IN1D7_PPL2_Falha_02F2 | G81: =UCCD1!F18 -> UTRCTRL/BI0GGIO0.Ind7.stVal | H81: 1 Alarme | I81: Digital Simples | J81: UCCD1 | K81: Externo | L81: 325
A82: 02F2 | B82: LT_KGC | C82: Falha de comunicação IED | H82: 1 Alarme | I82: Digital Simples | J82: CTR | K82: Externo | L82: 326
A83: Digitais (Proteção)
A84: 02F2 | B84: LT_KGC | C84: Proteção 62BF - Atuado | F84: VD.066 62BF Atuado | G84: KGC_02F2/Application/USER3/VD066 | H84: 1 Atuado | I84: Digital Simples | J84: 2F2 | K84: Direto | L84: 327 | O84: =VLOOKUP(AB84,[1]ETerra_D!$A$1:$D$30000,4,0) -> #N/A
A85: 02F2 | B85: LT_KGC | C85: Proteção Fase A - Atuado | F85: VD.040 TRIP Fase A | G85: KGC_02F2/Application/USER3/VD040 | H85: 1 Atuado | I85: Digital Simples | J85: 2F2 | K85: Direto | L85: 328 | O85: =VLOOKUP(AB85,[1]ETerra_D!$A$1:$D$30000,4,0) -> #N/A
A86: 02F2 | B86: LT_KGC | C86: Proteção Fase B - Atuado | F86: VD.041 TRIP Fase B | G86: KGC_02F2/Application/USER3/VD041 | H86: 1 Atuado | I86: Digital Simples | J86: 2F2 | K86: Direto | L86: 329 | O86: =VLOOKUP(AB86,[1]ETerra_D!$A$1:$D$30000,4,0) -> #N/A
A87: 02F2 | B87: LT_KGC | C87: Proteção Fase C - Atuado | F87: VD.042 TRIP Fase C | G87: KGC_02F2/Application/USER3/VD042 | H87: 1 Atuado | I87: Digital Simples | J87: 2F2 | K87: Direto | L87: 330 | O87: =VLOOKUP(AB87,[1]ETerra_D!$A$1:$D$30000,4,0) -> #N/A
A88: 02F2 | B88: LT_KGC | C88: Proteção Neutro - Atuado | F88: VD.043 TRIP Neutro | G88: KGC_02F2/Application/USER3/VD043 | H88: 1 Atuado | I88: Digital Simples | J88: 2F2 | K88: Direto | L88: 331
A89: 02F2 | B89: LT_KGC | C89: Proteção 50 ABC - Estágio 1 - Atuado | F89: VD.044 50 E1 Atuado | G89: KGC_02F2/Application/USER3/VD044 | H89: 1 Atuado | I89: Digital Simples | J89: 2F2 | K89: Direto | L89: 332 | O89: =VLOOKUP(AB89,[1]ETerra_D!$A$1:$D$30000,4,0) -> #N/A
A90: 02F2 | B90: LT_KGC | C90: Proteção 50 ABC - Estágio 2 - Atuado | F90: VD.045 50 E2 Atuado | G90: KGC_02F2/Application/USER3/VD045 | H90: 1 Atuado | I90: Digital Simples | J90: 2F2 | K90: Direto | L90: 333 | O90: =VLOOKUP(AB90,[1]ETerra_D!$A$1:$D$30000,4,0) -> #N/A
A91: 02F2 | B91: LT_KGC | C91: Proteção 51 ABC - Atuado | F91: VD.046 51 Atuado | G91: KGC_02F2/Application/USER3/VD046 | H91: 1 Atuado | I91: Digital Simples | J91: 2F2 | K91: Direto | L91: 334 | O91: =VLOOKUP(AB91,[1]ETerra_D!$A$1:$D$30000,4,0) -> #N/A
A92: 02F2 | B92: LT_KGC | C92: Proteção 50 N - Estágio 1 - Atuado | F92: VD.047 50N E1 Atuado | G92: KGC_02F2/Application/USER3/VD047 | H92: 1 Atuado | I92: Digital Simples | J92: 2F2 | K92: Direto | L92: 335 | O92: =VLOOKUP(AB92,[1]ETerra_D!$A$1:$D$30000,4,0) -> #N/A
A93: 02F2 | B93: LT_KGC | C93: Proteção 50 N - Estágio 2 - Atuado | F93: VD.048 50N E2 Atuado | G93: KGC_02F2/Application/USER3/VD048 | H93: 1 Atuado | I93: Digital Simples | J93: 2F2 | K93: Direto | L93: 336 | O93: =VLOOKUP(AB93,[1]ETerra_D!$A$1:$D$30000,4,0) -> #N/A
A94: 02F2 | B94: LT_KGC | C94: Proteção 51 N - Atuado | F94: VD.049 51N Atuado | G94: KGC_02F2/Application/USER3/VD049 | H94: 1 Atuado | I94: Digital Simples | J94: 2F2 | K94: Direto | L94: 337 | O94: =VLOOKUP(AB94,[1]ETerra_D!$A$1:$D$30000,4,0) -> #N/A
A95: 02F2 | B95: LT_KGC | C95: Proteção 21 - Bloqueado | F95: VD.021 21 Bloqueado | G95: KGC_02F2/Application/USER3/VD021 | H95: 1 Atuado | I95: Digital Simples | J95: 2F2 | K95: Direto | L95: 338 | O95: =VLOOKUP(AB95,[1]ETerra_D!$A$1:$D$30000,4,0) -> #N/A
A96: 02F2 | B96: LT_KGC | C96: Proteção 21 Zona 1 - Atuado | F96: VD.050 21Z1 Atuado | G96: KGC_02F2/Application/USER3/VD050 | H96: 1 Atuado | I96: Digital Simples | J96: 2F2 | K96: Direto | L96: 339 | O96: =VLOOKUP(AB96,[1]ETerra_D!$A$1:$D$30000,4,0) -> #N/A
A97: 02F2 | B97: LT_KGC | C97: Proteção 21 Zona 2 - Atuado | F97: VD.051 21Z2 Atuado | G97: KGC_02F2/Application/USER3/VD051 | H97: 1 Atuado | I97: Digital Simples | J97: 2F2 | K97: Direto | L97: 340 | O97: =VLOOKUP(AB97,[1]ETerra_D!$A$1:$D$30000,4,0) -> #N/A
A98: 02F2 | B98: LT_KGC | C98: Proteção 21 Zona 3 - Atuado | F98: VD.052 21Z3 Atuado | G98: KGC_02F2/Application/USER3/VD052 | H98: 1 Atuado | I98: Digital Simples | J98: 2F2 | K98: Direto | L98: 341 | O98: =VLOOKUP(AB98,[1]ETerra_D!$A$1:$D$30000,4,0) -> #N/A
A99: 02F2 | B99: LT_KGC | C99: Proteção 21 Zona 4 - Atuado | F99: VD.053 21Z4 Atuado | G99: KGC_02F2/Application/USER3/VD053 | H99: 1 Atuado | I99: Digital Simples | J99: 2F2 | K99: Direto | L99: 342 | O99: =VLOOKUP(AB99,[1]ETerra_D!$A$1:$D$30000,4,0) -> #N/A
A100: 02F2 | B100: LT_KGC | C100: Proteção 67 - Bloqueado | F100: VD.022 67 Bloqueado | G100: KGC_02F2/Application/USER3/VD022 | H100: 1 Atuado | I100: Digital Simples | J100: 2F2 | K100: Direto | L100: 343
...

Sheet TRF3_P
A1: #VALUE! | C1: SUBESTAÇÃO RGE GRAVATAÍ 4 (SE_GTD) | K1: Consistido: Consistir IED Principal e Alternado (DNP em Vermelho) Direto: Aquisição direta do IED CMD RMT. Direto: Comando Direct (Enviar para Principal e Alternado
C2: Lista de Pontos Supervisionados Transferência-3 69kV Unidade Principal
C3: Relé: Siemens 7SA86 Shorcode: P1A639088 | G3: =Capa!G65 -> IP:10.39.13.13 | I3: Concentradora: SICAM PAS | O3: COS
C4: Protocolo: IEC 61850 Versão:2.1 FW: V9.8 FW Comm: V9.8 | I4: Protocolo: DNP3 IP:10.34.13.2 End:13
A5: IED | B5: Módulo | C5: Descrição do ponto | D5: Entrada BI.nária | E5: Saída BI.nária | F5: Variável | G5: Endereço Variável | H5: Variação: | I5: Tipo | J5: Origem | K5: Lógica | L5: Endereço DNP3 | M5: N2 | N5: N3 | O5: NIVEL3
A6: Analógicas
A7: 05F1 | B7: TRF3 | C7: Corrente Fase A | D7: 1IA | F7: Iph:A | G7: TRF3_05F1/CB1_Fundamental/FPRE_MMXU1/A/phsA | I7: Analógico | J7: 5F1/5F2 | K7: Consistido | L7: 400 | O7: =VLOOKUP(AB7,[1]ETerra_A!$A$1:$D$30000,3,0) -> #N/A
A8: 05F1 | B8: TRF3 | C8: Corrente Fase B | D8: 1IB | F8: Iph:B | G8: TRF3_05F1/CB1_Fundamental/FPRE_MMXU1/A/phsB | I8: Analógico | J8: 5F1/5F2 | K8: Consistido | L8: 401 | O8: =VLOOKUP(AB8,[1]ETerra_A!$A$1:$D$30000,3,0) -> #N/A
A9: 05F1 | B9: TRF3 | C9: Corrente Fase C | D9: 1IC | F9: Iph:C | G9: TRF3_05F1/CB1_Fundamental/FPRE_MMXU1/A/phsC | I9: Analógico | J9: 5F1/5F2 | K9: Consistido | L9: 402 | O9: =VLOOKUP(AB9,[1]ETerra_A!$A$1:$D$30000,3,0) -> #N/A
A10: 05F1 | B10: B69P | C10: Tensão Barra P Fases AB | D10: 1V1 | F10: Vpp:AB | G10: TRF3_05F1/CB1_Fundamental/FPRE_MMXU1/PPV/phsAB | I10: Analógico | J10: 5F1/5F2 | K10: Consistido | L10: 403 | O10: =VLOOKUP(AB10,[1]ETerra_A!$A$1:$D$30000,3,0) -> #N/A
A11: 05F1 | B11: B69P | C11: Tensão Barra P Fases BC | D11: 1V2 | F11: Vpp:BC | G11: TRF3_05F1/CB1_Fundamental/FPRE_MMXU1/PPV/phsBC | I11: Analógico | J11: 5F1/5F2 | K11: Consistido | L11: 404 | O11: =VLOOKUP(AB11,[1]ETerra_A!$A$1:$D$30000,3,0) -> #N/A
A12: 05F1 | B12: B69P | C12: Tensão Barra P Fases CA | D12: 1V3 | F12: Vpp:CA | G12: TRF3_05F1/CB1_Fundamental/FPRE_MMXU1/PPV/phsCA | I12: Analógico | J12: 5F1/5F2 | K12: Consistido | L12: 405 | O12: =VLOOKUP(AB12,[1]ETerra_A!$A$1:$D$30000,3,0) -> #N/A
A13: 05F1 | B13: B69T | C13: Tensão Barra T (Fase B) | D13: 1V4 | F13: V2 | G13: TRF3_05F1/CB1_25Synchronization/GENRSYN1/V2Clc | I13: Analógico | J13: 5F1/5F2 | K13: Consistido | L13: 406 | O13: =VLOOKUP(AB13,[1]ETerra_A!$A$1:$D$30000,3,0) -> #N/A
A14: 05F1 | B14: TRF3 | C14: Potência Ativa | F14: P tot | G14: TRF3_05F1/Ln1_OperationalValues/PPRE_MMXU1/TotW | I14: Analógico | J14: 5F1/5F2 | K14: Consistido | L14: 407 | O14: =VLOOKUP(AB14,[1]ETerra_A!$A$1:$D$30000,3,0) -> #N/A
A15: 05F1 | B15: TRF3 | C15: Potência Reativa | F15: Q tot | G15: TRF3_05F1/Ln1_OperationalValues/PPRE_MMXU1/TotVAr | I15: Analógico | J15: 5F1/5F2 | K15: Consistido | L15: 408 | O15: =VLOOKUP(AB15,[1]ETerra_A!$A$1:$D$30000,3,0) -> #N/A
A16: 05F1 | B16: TRF3 | C16: Distancia da Última Falta | F16: VD..091 Distância da Falta | G16: TRF3_05F1/Application/USER3/VA001 | I16: Analógico | J16: 5F1 | K16: Direto | L16: 409 | O16: =VLOOKUP(AB16,[1]ETerra_A!$A$1:$D$30000,3,0) -> #N/A
A17: Comandos
A18: 05F1 | B18: TRF3 | C18: Disj. 24-3 (05Q0) - Desligar / Ligar | E18: 1.3/1.1 | F18: Comando DJ/Pos | G18: TRF3_05F1/CB1/CSWI1/Pos | H18: ON: Ligar / OFF: Desligar | I18: Comando D | J18: 5F1/5F2 | K18: Cmd Direto | L18: 400 | O18: =VLOOKUP(AB18,[1]ETerra_C!$A$1:$D$30000,2,0) -> #N/A
A19: 05F1 | B19: TRF3 | C19: Secc. 89-20 (05Q1 Barra P) - Abrir / Fechar | E19: 3.2/3.3 | F19: Comando 89 Barra P | G19: TRF3_05F1/Dc1/CSWI1/Pos | H19: ON: Fechar / OFF: Abrir | I19: Comando D | J19: 5F1/5F2 | K19: Cmd Direto | L19: 401 | O19: =VLOOKUP(AB19,[1]ETerra_C!$A$1:$D$30000,2,0) -> #N/A
A20: 05F1 | B20: TRF3 | C20: Secc. 89-22 (05Q2 Barra T) - Abrir / Fechar | E20: 3.5/3.6 | F20: Comando 89 Barra T | G20: TRF3_05F1/Dc2/CSWI1/Pos | H20: ON: Fechar / OFF: Abrir | I20: Comando D | J20: 5F1/5F2 | K20: Cmd Direto | L20: 402 | O20: =VLOOKUP(AB20,[1]ETerra_C!$A$1:$D$30000,2,0) -> #N/A
A21: 05F1 | B21: TRF3 | C21: Religamento Automático (79) - Excluir / Incluir | F21: CMD RMT.01 79 Excluír/Incluír | G21: TRF3_05F1/Application/USER7/CMD001 | H21: ON: Incluí / OFF: Excluí | I21: Comando D | J21: 5F1/5F2 | K21: Cmd Direto | L21: 403 | O21: =VLOOKUP(AB21,[1]ETerra_C!$A$1:$D$30000,2,0) -> #N/A
A22: 05F1 | B22: TRF3 | C22: Check de Sincronismo (25) - Bloquear / Desbloquear | F22: CMD RMT.03 25 Bloqueio/Desbloqueio | G22: TRF3_05F1/Application/USER7/CMD003 | H22: ON: Incluí / OFF: Excluí | I22: Comando D | J22: 5F1/5F2 | K22: Cmd Direto | L22: 404
A23: 05F1 | B23: TRF3 | C23: Ativa Grupo de Proteção 1 (LT_GTA) | F23: CMD RMT.004 Ativa GRP 1 | G23: TRF3_05F1/Application/USER8/CMD004 | H23: ON: Incluí | I23: Comando D | J23: 5F1/5F2 | K23: Cmd Direto | L23: 405
A24: 05F1 | B24: TRF3 | C24: Ativa Grupo de Proteção 2 (LT_KGC) | F24: CMD RMT.005 Ativa GRP 2 | G24: TRF3_05F1/Application/USER8/CMD005 | H24: ON: Incluí | I24: Comando D | J24: 5F1/5F2 | K24: Cmd Direto | L24: 406
A25: 05F1 | B25: TRF3 | C25: Ativa Grupo de Proteção 3 (TR1) | F25: CMD RMT.006 Ativa GRP 3 | G25: TRF3_05F1/Application/USER8/CMD006 | H25: ON: Incluí | I25: Comando D | J25: 5F1/5F2 | K25: Cmd Direto | L25: 407
A26: 05F1 | B26: TRF3 | C26: Ativa Grupo de Proteção 4 (TR2) | F26: CMD RMT.007 Ativa GRP 4 | G26: TRF3_05F1/Application/USER8/CMD007 | H26: ON: Incluí | I26: Comando D | J26: 5F1/5F2 | K26: Cmd Direto | L26: 408
A27: 05F1 | B27: TRF3 | C27: Reserva para Aplicação Futura RGE | F27: CMD RMT.008 Reserva | G27: TRF3_05F1/Application/USER8/CMD008 | H27: ON: Incluí / OFF: Excluí | I27: Comando D | J27: 5F1/5F2 | K27: Cmd Direto | L27: 409
A28: 05F1 | B28: TRF3 | C28: Reserva para Aplicação Futura RGE | F28: CMD RMT.009 Reserva | G28: TRF3_05F1/Application/USER8/CMD009 | H28: ON: Incluí / OFF: Excluí | I28: Comando D | J28: 5F1/5F2 | K28: Cmd Direto | L28: 410
A29: Digitais (Controle)
A30: Disjuntor 24-3 (05Q0)
A31: 05F1 | B31: TRF3 | C31: Disj. 24-3 (05Q0) - Desligado | D31: 3.1 | F31: VD.001 DJ 52 Desligado Consistido | G31: TRF3_05F1/Application/USER3/VD001 | H31: 1 Desligado | I31: Digital Simples | J31: 5F1/5F2 | K31: Consistido | L31: 405 | O31: =VLOOKUP(AB31,[1]ETerra_D!$A$1:$D$30000,4,0) -> #N/A
A32: 05F1 | B32: TRF3 | C32: Disj. 24-3 (05Q0) - Ligado | D32: 3.2 | F32: VD.002 DJ 52 Ligado Consistido | G32: TRF3_05F1/Application/USER3/VD002 | H32: 1 Ligado | I32: Digital Simples | J32: 5F1/5F2 | K32: Consistido | L32: 406 | O32: =VLOOKUP(AB32,[1]ETerra_D!$A$1:$D$30000,4,0) -> #N/A
A33: 05F1 | B33: TRF3 | C33: Disj. 24-3 (05Q0) - Indefinido | F33: VD.003 DJ 52 Indefinido | G33: TRF3_05F1/Application/USER3/VD003 | H33: 1 Alarme | I33: Digital Simples | J33: 5F1/5F2 | K33: Consistido | L33: 407 | M33: N2
A34: 05F1 | B34: TRF3 | C34: Disj. 24-3 (05Q0) - Baixa Pressão SF6 - Alarme | D34: 3.3 | F34: BI.3.3 DJ 52 SF6 1º Estagio | G34: TRF3_05F1/Application/USER1/BI303 | H34: 1 Alarme | I34: Digital Simples | J34: 5F1/5F2 | K34: Consistido | L34: 408 | O34: =VLOOKUP(AB34,[1]ETerra_D!$A$1:$D$30000,4,0) -> #N/A
A35: 05F1 | B35: TRF3 | C35: Disj. 24-3 (05Q0) - Baixa Pressão SF6 - Bloqueio | D35: 3.4 | F35: BI.3.4 DJ 52 SF6 2º Estagio | G35: TRF3_05F1/Application/USER1/BI304 | H35: 1 Alarme | I35: Digital Simples | J35: 5F1/5F2 | K35: Consistido | L35: 409 | O35: =VLOOKUP(AB35,[1]ETerra_D!$A$1:$D$30000,4,0) -> #N/A
A36: 05F1 | B36: TRF3 | C36: Disj. 24-3 (05Q0) - Mola Descarregada ou FVCC CMD. Bob. Ab. 1 ou 2 | D36: 3.5 | F36: VD.036 52 Mola Descarregada Temporizada | G36: TRF3_05F1/Application/USER3/VD036 | H36: 1 Alarme | I36: Digital Simples | J36: 5F1/5F2 | K36: Consistido | L36: 410 | O36: =VLOOKUP(AB36,[1]ETerra_D!$A$1:$D$30000,4,0) -> #N/A
A37: 05F1 | B37: TRF3 | C37: Disj. 24-3 (05Q0) - Chave 43LR Pos. Remoto | D37: 3.6 | F37: BI.3.6 DJ 52 43LR Remoto | G37: TRF3_05F1/Application/USER1/BI.306 | H37: 1 Normal | I37: Digital Simples | J37: 5F1/5F2 | K37: Consistido | L37: 411 | O37: =VLOOKUP(AB37,[1]ETerra_D!$A$1:$D$30000,4,0) -> #N/A
A38: 05F1 | B38: TRF3 | C38: Disj. 24-3 (05Q0) – Supervisão Bobina de Ligar | D38: 4.1 | F38: VD.035 52 Falha Bob. Ligar | G38: TRF3_05F1/Application/USER3/VD035 | H38: 1 Alarme | I38: Digital Simples | J38: 5F1/5F2 | K38: Consistido | L38: 412 | O38: =VLOOKUP(AB38,[1]ETerra_D!$A$1:$D$30000,4,0) -> #N/A
A39: 05F1 | B39: TRF3 | C39: Disj. 24-3 (05Q0) - Supervisão Bobina Desligar 1 | D39: 4.2 | F39: VD.033 52 Falha Bob. Aber. 1 | G39: TRF3_05F1/Application/USER3/VD033 | H39: 1 Alarme | I39: Digital Simples | J39: 5F1/5F2 | K39: Consistido | L39: 413
A40: 05F1 | B40: TRF3 | C40: Disj. 24-3 (05Q0) - Supervisão Bobina Desligar 2 | D40: 4.3 | F40: VD.034 52 Falha Bob. Abert. 2 | G40: TRF3_05F1/Application/USER3/VD034 | H40: 1 Alarme | I40: Digital Simples | J40: 5F1/5F2 | K40: Consistido | L40: 414 | O40: =VLOOKUP(AB40,[1]ETerra_D!$A$1:$D$30000,4,0) -> #N/A
A41: 05F2 | B41: TRF3 | C41: Disj. 24-3 (05Q0) - Intertravamento | F41: VD.088 DJ 52 Intertravamento | G41: TRF3_05F1/Application/USER3/VD088 | H41: 1 Libera | I41: Digital Simples | J41: 5F1/5F2 | K41: Consistido | L41: 415 | M41: N2
A42: 05F1 | B42: TRF3 | C42: Disj. 24-3 (05Q0) - Falha Comando de Desligar | F42: VD.032 52 Falha Comando de Desligar | G42: TRF3_05F1/Application/USER3/VD032 | H42: 1 Falha | I42: Digital Simples | J42: 5F1/5F2 | K42: Consistido | L42: 416 | M42: N2
A43: 05F1 | B43: TRF3 | C43: Disj. 24-3 (05Q0) - Falha Comando de Ligar | F43: VD.031 52 Falha Comando de Ligar | G43: TRF3_05F1/Application/USER3/VD031 | H43: 1 Falha | I43: Digital Simples | J43: 5F1/5F2 | K43: Consistido | L43: 417 | M43: N2
A44: Seccionadora Barra P 89-20 (05Q1)
A45: 05F1 | B45: TRF3 | C45: Secc. 89-20 (05Q1 Barra P) - Aberta | D45: 1.1 | F45: VD.004 Sec 89 Barra P Aberta Consistida | G45: TRF3_05F1/Application/USER3/VD004 | H45: 1 Aberta | I45: Digital Simples | J45: 5F1/5F2 | K45: Consistido | L45: 418 | O45: =VLOOKUP(AB45,[1]ETerra_D!$A$1:$D$30000,4,0) -> #N/A
A46: 05F1 | B46: TRF3 | C46: Secc. 89-20 (05Q1 Barra P) - Fechado | D46: 1.2 | F46: VD.005 Sec 89 Barra P Fechada Consistida | G46: TRF3_05F1/Application/USER3/VD005 | H46: 1 Fechada | I46: Digital Simples | J46: 5F1/5F2 | K46: Consistido | L46: 419 | O46: =VLOOKUP(AB46,[1]ETerra_D!$A$1:$D$30000,4,0) -> #N/A
A47: 05F1 | B47: TRF3 | C47: Secc. 89-20 (05Q1 Barra P) - Indefinida | F47: VD.006 Sec 89 Barra P Indefinida | G47: TRF3_05F1/Application/USER3/VD006 | H47: 1 Alarme | I47: Digital Simples | J47: 5F1/5F2 | K47: Consistido | L47: 420 | M47: N2
A48: 05F1 | B48: TRF3 | C48: Secc. 89-20 (05Q1 Barra P) - Alarme (43LR/Lo, FVCC Motor, FVCC CMD.) | D48: 1.3 | F48: BI.1.3 Sec 89 Barra P Alarmes | G48: TRF3_05F1/Application/USER1/BI103 | H48: 1 Alarme | I48: Digital Simples | J48: 5F1/5F2 | K48: Consistido | L48: 421 | O48: =VLOOKUP(AB48,[1]ETerra_D!$A$1:$D$30000,4,0) -> #N/A
A49: 05F1 | B49: TRF3 | C49: Secc. 89-20 (05Q1 Barra P) - Libera Manobra | F49: BO.3.1 Sec 89 Barra P Intertravamento | G49: TRF3_05F1/Application/USER2/BO.301 | H49: 1 Liberada | I49: Digital Simples | J49: 5F1/5F2 | K49: Consistido | L49: 422 | M49: N2 | O49: =VLOOKUP(AB49,[1]ETerra_D!$A$1:$D$30000,4,0) -> #N/A
A50: Seccionadora Barra T 89-22 (05Q2)
A51: 05F1 | B51: TRF3 | C51: Secc. 89-22 (05Q2 Barra T) - Aberta | D51: 1.5 | F51: VD.007 Sec 89 Barra T Aberta Consistida | G51: TRF3_05F1/Application/USER3/VD007 | H51: 1 Aberta | I51: Digital Simples | J51: 5F1/5F2 | K51: Consistido | L51: 423 | O51: =VLOOKUP(AB51,[1]ETerra_D!$A$1:$D$30000,4,0) -> #N/A
A52: 05F1 | B52: TRF3 | C52: Secc. 89-22 (05Q2 Barra T) - Fechado | D52: 1.6 | F52: VD.008 Sec 89 Barra T Fechada Consistida | G52: TRF3_05F1/Application/USER3/VD008 | H52: 1 Fechada | I52: Digital Simples | J52: 5F1/5F2 | K52: Consistido | L52: 424 | O52: =VLOOKUP(AB52,[1]ETerra_D!$A$1:$D$30000,4,0) -> #N/A
A53: 05F1 | B53: TRF3 | C53: Secc. 89-22 (05Q2 Barra T) - Indefinida | F53: VD.009 Sec 89 Barra T Indefinida | G53: TRF3_05F1/Application/USER3/VD009 | H53: 1 Alarme | I53: Digital Simples | J53: 5F1/5F2 | K53: Consistido | L53: 425 | M53: N2
A54: 05F1 | B54: TRF3 | C54: Secc. 89-22 (05Q2 Barra T) - Alarme (43LR/Lo, FVCC Motor, FVCC CMD.) | D54: 1.7 | F54: BI.1.7 Sec 89 Barra T Alarmes | G54: TRF3_05F1/Application/USER1/BI107 | H54: 1 Alarme | I54: Digital Simples | J54: 5F1/5F2 | K54: Consistido | L54: 426 | O54: =VLOOKUP(AB54,[1]ETerra_D!$A$1:$D$30000,4,0) -> #N/A
A55: 05F1 | B55: TRF3 | C55: Secc. 89-22 (05Q2 Barra T) - Libera Manobra | F55: BO.3.4 Sec 89 Barra T Intertravamento | G55: TRF3_05F1/Application/USER2/BO.304 | H55: 1 Liberada | I55: Digital Simples | J55: 5F1/5F2 | K55: Consistido | L55: 427 | M55: N2 | O55: =VLOOKUP(AB55,[1]ETerra_D!$A$1:$D$30000,4,0) -> #N/A
A56: Alarmes e Sinalizações IED
A57: 05F1 | B57: TRF3 | C57: Chave 43TC Excluida | F57: VD.016 43TC Excluída | G57: TRF3_05F1/Application/USER3/VD016 | H57: 1 Alarme | I57: Digital Simples | J57: 5F1/5F2 | K57: Consistido | L57: 428 | O57: =VLOOKUP(AB57,[1]ETerra_D!$A$1:$D$30000,4,0) -> #N/A
A58: 05F1 | B58: TRF3 | C58: Operação Indevida Isoladoras | F58: VD.086 Operação Indevida | G58: TRF3_05F1/Application/USER3/VD086 | H58: 1 Atuado | I58: Digital Simples | J58: 5F1/5F2 | K58: Consistido | L58: 429
A59: 05F1 | B59: TRF3 | C59: MCB TP Barra T Desligado | D59: 4.15 | F59: BI.4.15 MCB Barra T Desligado | G59: TRF3_05F1/Application/USER1/BI415 | H59: 1 Alarme | I59: Digital Simples | J59: 5F1/5F2 | K59: Consistido | L59: 430
A60: 05F1 | B60: TRF3 | C60: MCB TP Barra P Desligado | D60: 4.16 | F60: BI.4.16 MCB Barra P Desligado | G60: TRF3_05F1/Application/USER1/BI416 | H60: 1 Alarme | I60: Digital Simples | J60: 5F1/5F2 | K60: Consistido | L60: 431
A61: 05F1 | B61: TRF3 | C61: Alarme - Seccionadoras Isoladoras em interposição | F61: VD.087 Alarme Isoladoras em Interposição | G61: TRF3_05F1/Application/USER3/VD087 | H61: 1 Alarme | I61: Digital Simples | J61: 5F1/5F2 | K61: Consistido | L61: Somente a Nível 2 (WinCC)
A62: 05F1 | B62: TRF3 | C62: Grupo de Ajustes 1 - Ativo | F62: VD.010 Grupo 1 Ativo | G62: TRF3_05F1/Application/USER3/VD010 | H62: 1 Ativo | I62: Digital Simples | J62: 5F1/5F2 | K62: Consistido | L62: 440
A63: 05F1 | B63: TRF3 | C63: Grupo de Ajustes 1 - Ativo | F63: VD.010 Grupo 1 Ativo | G63: TRF3_05F1/Application/USER3/VD010 | H63: 1 Ativo | I63: Digital Simples | J63: 5F1 | K63: Direto | L63: - | M63: N2
A64: 05F1 | B64: TRF3 | C64: Grupo de Ajustes 2 - Ativo | F64: VD.011 Grupo 2 Ativo | G64: TRF3_05F1/Application/USER3/VD011 | H64: 1 Ativo | I64: Digital Simples | J64: 5F1/5F2 | K64: Consistido | L64: 441 | O64: =VLOOKUP(AB64,[1]ETerra_D!$A$1:$D$30000,4,0) -> #N/A
A65: 05F1 | B65: TRF3 | C65: Grupo de Ajustes 2 - Ativo | F65: VD.011 Grupo 2 Ativo | G65: TRF3_05F1/Application/USER3/VD011 | H65: 1 Ativo | I65: Digital Simples | J65: 5F1 | K65: Direto | L65: - | M65: N2
A66: 05F1 | B66: TRF3 | C66: Grupo de Ajustes 3 - Ativo | F66: VD.012 Grupo 3 Ativo | G66: TRF3_05F1/Application/USER3/VD012 | H66: 1 Ativo | I66: Digital Simples | J66: 5F1/5F2 | K66: Consistido | L66: 442
A67: 05F1 | B67: TRF3 | C67: Grupo de Ajustes 3 - Ativo | F67: VD.012 Grupo 3 Ativo | G67: TRF3_05F1/Application/USER3/VD013 | H67: 2 Ativo | I67: Digital Simples | J67: 5F1 | K67: Direto | L67: - | M67: N2
A68: 05F1 | B68: TRF3 | C68: Grupo de Ajustes 4 - Ativo | F68: VD.013 Grupo 4 Ativo | G68: TRF3_05F1/Application/USER3/VD013 | H68: 1 Ativo | I68: Digital Simples | J68: 5F1/5F2 | K68: Consistido | L68: 443
A69: 05F1 | B69: TRF3 | C69: Grupo de Ajustes 4 - Ativo | F69: VD.013 Grupo 4 Ativo | G69: TRF3_05F1/Application/USER3/VD013 | H69: 1 Ativo | I69: Digital Simples | J69: 5F1 | K69: Direto | L69: - | M69: N2
A70: 05F1 | B70: TRF3 | C70: Falha GOOSE (Falha Recepção IED Adjacente) | F70: VD.069 Falha Goose | G70: TRF3_05F1/Application/USER3/VD069 | H70: 1 Alarme | I70: Digital Simples | J70: 5F1 | K70: Direto | L70: 444 | O70: =VLOOKUP(AB70,[1]ETerra_D!$A$1:$D$30000,4,0) -> #N/A
A71: 05F1 | B71: TRF3 | C71: GOOSE Bloqueado (Bloqueio de envio de goose para IED adjacente) | F71: VD.083 Goose Bloqueado | G71: TRF3_05F1/Application/USER3/VD083 | H71: 1 Alarme | I71: Digital Simples | J71: 5F1 | K71: Direto | L71: 445
A72: 05F1 | B72: TRF3 | C72: Falha GPS (Falha na Sincronização Temporal) | F72: VD.070 Falha GPS Sincronização de Tempo | G72: TRF3_05F1/Application/USER3/VD070 | H72: 1 Alarme | I72: Digital Simples | J72: 5F1 | K72: Direto | L72: 446
A73: 05F1 | B73: TRF3 | C73: Defeito Interno Relé | F73: =UCCD1!E19 -> IN1D10_PPTAT_Falha_05F1 | G73: =UCCD1!F19 -> UTRCTRL/BI0GGIO0.Ind10.stVal | H73: 1 Alarme | I73: Digital Simples | J73: UCCD1 | K73: Externo | L73: 447
A74: 05F1 | B74: TRF3 | C74: Falha de comunicação IED | H74: 1 Alarme | I74: Digital Simples | J74: CTR | K74: Externo | L74: 448
A75: Digitais (Proteção)
A76: 05F1 | B76: TRF3 | C76: Proteção 62BF - Atuado | F76: VD.066 62BF Atuado | G76: TRF3_05F1/Application/USER3/VD066 | H76: 1 Atuado | I76: Digital Simples | J76: 5F1 | K76: Direto | L76: 449 | O76: =VLOOKUP(AB76,[1]ETerra_D!$A$1:$D$30000,4,0) -> #N/A
A77: 05F1 | B77: TRF3 | C77: Proteção Fase A - Atuado | F77: VD.040 TRIP Fase A | G77: TRF3_05F1/Application/USER3/VD040 | H77: 1 Atuado | I77: Digital Simples | J77: 5F1 | K77: Direto | L77: 450 | O77: =VLOOKUP(AB77,[1]ETerra_D!$A$1:$D$30000,4,0) -> #N/A
A78: 05F1 | B78: TRF3 | C78: Proteção Fase B - Atuado | F78: VD.041 TRIP Fase B | G78: TRF3_05F1/Application/USER3/VD041 | H78: 1 Atuado | I78: Digital Simples | J78: 5F1 | K78: Direto | L78: 451 | O78: =VLOOKUP(AB78,[1]ETerra_D!$A$1:$D$30000,4,0) -> #N/A
A79: 05F1 | B79: TRF3 | C79: Proteção Fase C - Atuado | F79: VD.042 TRIP Fase C | G79: TRF3_05F1/Application/USER3/VD042 | H79: 1 Atuado | I79: Digital Simples | J79: 5F1 | K79: Direto | L79: 452 | O79: =VLOOKUP(AB79,[1]ETerra_D!$A$1:$D$30000,4,0) -> #N/A
A80: 05F1 | B80: TRF3 | C80: Proteção Neutro - Atuado | F80: VD.043 TRIP Neutro | G80: TRF3_05F1/Application/USER3/VD043 | H80: 1 Atuado | I80: Digital Simples | J80: 5F1 | K80: Direto | L80: 453
A81: 05F1 | B81: TRF3 | C81: Proteção 50 ABC - Estágio 1 - Atuado | F81: VD.044 50 E1 Atuado | G81: TRF3_05F1/Application/USER3/VD044 | H81: 1 Atuado | I81: Digital Simples | J81: 5F1 | K81: Direto | L81: 454 | O81: =VLOOKUP(AB81,[1]ETerra_D!$A$1:$D$30000,4,0) -> #N/A
A82: 05F1 | B82: TRF3 | C82: Proteção 50 ABC - Estágio 2 - Atuado | F82: VD.045 50 E2 Atuado | G82: TRF3_05F1/Application/USER3/VD045 | H82: 1 Atuado | I82: Digital Simples | J82: 5F1 | K82: Direto | L82: 455 | O82: =VLOOKUP(AB82,[1]ETerra_D!$A$1:$D$30000,4,0) -> #N/A
A83: 05F1 | B83: TRF3 | C83: Proteção 51 ABC - Atuado | F83: VD.046 51 Atuado | G83: TRF3_05F1/Application/USER3/VD046 | H83: 1 Atuado | I83: Digital Simples | J83: 5F1 | K83: Direto | L83: 456 | O83: =VLOOKUP(AB83,[1]ETerra_D!$A$1:$D$30000,4,0) -> #N/A
A84: 05F1 | B84: TRF3 | C84: Proteção 50 N - Estágio 1 - Atuado | F84: VD.047 50N E1 Atuado | G84: TRF3_05F1/Application/USER3/VD047 | H84: 1 Atuado | I84: Digital Simples | J84: 5F1 | K84: Direto | L84: 457 | O84: =VLOOKUP(AB84,[1]ETerra_D!$A$1:$D$30000,4,0) -> #N/A
A85: 05F1 | B85: TRF3 | C85: Proteção 50 N - Estágio 2 - Atuado | F85: VD.048 50N E2 Atuado | G85: TRF3_05F1/Application/USER3/VD048 | H85: 1 Atuado | I85: Digital Simples | J85: 5F1 | K85: Direto | L85: 458 | O85: =VLOOKUP(AB85,[1]ETerra_D!$A$1:$D$30000,4,0) -> #N/A
A86: 05F1 | B86: TRF3 | C86: Proteção 51 N - Atuado | F86: VD.049 51N Atuado | G86: TRF3_05F1/Application/USER3/VD049 | H86: 1 Atuado | I86: Digital Simples | J86: 5F1 | K86: Direto | L86: 459 | O86: =VLOOKUP(AB86,[1]ETerra_D!$A$1:$D$30000,4,0) -> #N/A
A87: 05F1 | B87: TRF3 | C87: Proteção 21 - Bloqueado | F87: VD.021 21 Bloqueado | G87: TRF3_05F1/Application/USER3/VD021 | H87: 1 Atuado | I87: Digital Simples | J87: 5F1 | K87: Direto | L87: 460 | O87: =VLOOKUP(AB87,[1]ETerra_D!$A$1:$D$30000,4,0) -> #N/A
A88: 05F1 | B88: TRF3 | C88: Proteção 21 Zona 1 - Atuado | F88: VD.050 21Z1 Atuado | G88: TRF3_05F1/Application/USER3/VD050 | H88: 1 Atuado | I88: Digital Simples | J88: 5F1 | K88: Direto | L88: 461 | O88: =VLOOKUP(AB88,[1]ETerra_D!$A$1:$D$30000,4,0) -> #N/A
A89: 05F1 | B89: TRF3 | C89: Proteção 21 Zona 2 - Atuado | F89: VD.051 21Z2 Atuado | G89: TRF3_05F1/Application/USER3/VD051 | H89: 1 Atuado | I89: Digital Simples | J89: 5F1 | K89: Direto | L89: 462 | O89: =VLOOKUP(AB89,[1]ETerra_D!$A$1:$D$30000,4,0) -> #N/A
A90: 05F1 | B90: TRF3 | C90: Proteção 21 Zona 3 - Atuado | F90: VD.052 21Z3 Atuado | G90: TRF3_05F1/Application/USER3/VD052 | H90: 1 Atuado | I90: Digital Simples | J90: 5F1 | K90: Direto | L90: 463 | O90: =VLOOKUP(AB90,[1]ETerra_D!$A$1:$D$30000,4,0) -> #N/A
A91: 05F1 | B91: TRF3 | C91: Proteção 21 Zona 4 - Atuado | F91: VD.053 21Z4 Atuado | G91: TRF3_05F1/Application/USER3/VD053 | H91: 1 Atuado | I91: Digital Simples | J91: 5F1 | K91: Direto | L91: 464 | O91: =VLOOKUP(AB91,[1]ETerra_D!$A$1:$D$30000,4,0) -> #N/A
A92: 05F1 | B92: TRF3 | C92: Proteção 67 - Bloqueado | F92: VD.022 67 Bloqueado | G92: TRF3_05F1/Application/USER3/VD022 | H92: 1 Atuado | I92: Digital Simples | J92: 5F1 | K92: Direto | L92: 465
A93: 05F1 | B93: TRF3 | C93: Proteção 67 ABC - Estágio 1 - Atuado | F93: VD.054 67 E1 Atuado | G93: TRF3_05F1/Application/USER3/VD054 | H93: 1 Atuado | I93: Digital Simples | J93: 5F1 | K93: Direto | L93: 466 | O93: =VLOOKUP(AB93,[1]ETerra_D!$A$1:$D$30000,4,0) -> #N/A
A94: 05F1 | B94: TRF3 | C94: Proteção 67 ABC - Estágio 2 - Atuado | F94: VD.055 67 E2 Atuado | G94: TRF3_05F1/Application/USER3/VD055 | H94: 1 Atuado | I94: Digital Simples | J94: 5F1 | K94: Direto | L94: 467 | O94: =VLOOKUP(AB94,[1]ETerra_D!$A$1:$D$30000,4,0) -> #N/A
A95: 05F1 | B95: TRF3 | C95: Proteção 67 Temporizado (TOC) - Atuado | F95: VD.056 67TOC Atuado | G95: TRF3_05F1/Application/USER3/VD056 | H95: 1 Atuado | I95: Digital Simples | J95: 5F1 | K95: Direto | L95: 468 | O95: =VLOOKUP(AB97,[1]ETerra_D!$A$1:$D$30000,4,0) -> #N/A
A96: 05F1 | B96: TRF3 | C96: Proteção 67 N - Estágio 1 - Atuado | F96: VD.057 67N E1 Atuado | G96: TRF3_05F1/Application/USER3/VD057 | H96: 1 Atuado | I96: Digital Simples | J96: 5F1 | K96: Direto | L96: 469 | O96: =VLOOKUP(AB95,[1]ETerra_D!$A$1:$D$30000,4,0) -> #N/A
A97: 05F1 | B97: TRF3 | C97: Proteção 67 N - Estágio 2 - Atuado | F97: VD.058 67N E2 Atuado | G97: TRF3_05F1/Application/USER3/VD058 | H97: 1 Atuado | I97: Digital Simples | J97: 5F1 | K97: Direto | L97: 470 | O97: =VLOOKUP(AB96,[1]ETerra_D!$A$1:$D$30000,4,0) -> #N/A
A98: 05F1 | B98: TRF3 | C98: Proteção 67 N Temporizado (TOC) - Atuado | F98: VD.059 67N TOC Atuado | G98: TRF3_05F1/Application/USER3/VD059 | H98: 1 Atuado | I98: Digital Simples | J98: 5F1 | K98: Direto | L98: 471 | O98: =VLOOKUP(AB98,[1]ETerra_D!$A$1:$D$30000,4,0) -> #N/A
A99: 05F1 | B99: TRF3 | C99: Proteção 27 - Atuado | F99: VD.060 27 Atuado | G99: TRF3_05F1/Application/USER3/VD060 | H99: 1 Atuado | I99: Digital Simples | J99: 5F1 | K99: Direto | L99: 472 | O99: =VLOOKUP(AB99,[1]ETerra_D!$A$1:$D$30000,4,0) -> #N/A
A100: 05F1 | B100: TRF3 | C100: Proteção 59 - Atuado | F100: VD.061 59 Atuado | G100: TRF3_05F1/Application/USER3/VD061 | H100: 1 Atuado | I100: Digital Simples | J100: 5F1 | K100: Direto | L100: 473 | O100: =VLOOKUP(AB100,[1]ETerra_D!$A$1:$D$30000,4,0) -> #N/A
...

Sheet TRF3_A
A1: #VALUE! | C1: SUBESTAÇÃO RGE GRAVATAÍ 4 (SE_GTD) | K1: Consistido: Consistir IED Principal e Alternado (DNP em Vermelho) Direto: Aquisição direta do IED CMD. Direto: Comando Direct (Enviar para Principal e Alternado
C2: Lista de Pontos Supervisionados Transferência-3 69kV Unidade Alternada
C3: Relé: Siemens 7SA86 Shorcode: P1A639088 | G3: =Capa!G66 -> IP:10.39.13.14 | I3: Concentradora: SICAM PAS | O3: COS
C4: Protocolo: IEC 61850 Versão:2.1 FW: V9.8 FW Comm: V9.8 | I4: Protocolo: DNP3 IP:10.34.13.2 End:13
A5: IED | B5: Módulo | C5: Descrição do ponto | D5: Entrada BI.nária | E5: Saída BI.nária | F5: Variável | G5: Endereço Variável | H5: Variação: | I5: Tipo | J5: Origem | K5: Lógica | L5: Endereço DNP3 | M5: N2 | N5: N3 | O5: NIVEL3
A6: Analógicas
A7: 05F2 | B7: TRF3 | C7: Corrente Fase A | D7: 1IA | F7: Iph:A | G7: TRF3_05F2/CB1_Fundamental/FPRE_MMXU1/A/phsA | I7: Analógico | J7: 5F1/5F2 | K7: Consistido | L7: * | O7: =VLOOKUP(AB7,[1]ETerra_A!$A$1:$D$30000,3,0) -> #N/A
A8: 05F2 | B8: TRF3 | C8: Corrente Fase B | D8: 1IB | F8: Iph:B | G8: TRF3_05F2/CB1_Fundamental/FPRE_MMXU1/A/phsB | I8: Analógico | J8: 5F1/5F2 | K8: Consistido | L8: * | O8: =VLOOKUP(AB8,[1]ETerra_A!$A$1:$D$30000,3,0) -> #N/A
A9: 05F2 | B9: TRF3 | C9: Corrente Fase C | D9: 1IC | F9: Iph:C | G9: TRF3_05F2/CB1_Fundamental/FPRE_MMXU1/A/phsC | I9: Analógico | J9: 5F1/5F2 | K9: Consistido | L9: * | O9: =VLOOKUP(AB9,[1]ETerra_A!$A$1:$D$30000,3,0) -> #N/A
A10: 05F2 | B10: B69P | C10: Tensão Barra P Fases AB | D10: 1V1 | F10: Vpp:AB | G10: TRF3_05F2/CB1_Fundamental/FPRE_MMXU1/PPV/phsAB | I10: Analógico | J10: 5F1/5F2 | K10: Consistido | L10: * | O10: =VLOOKUP(AB10,[1]ETerra_A!$A$1:$D$30000,3,0) -> #N/A
A11: 05F2 | B11: B69P | C11: Tensão Barra P Fases BC | D11: 1V2 | F11: Vpp:BC | G11: TRF3_05F2/CB1_Fundamental/FPRE_MMXU1/PPV/phsBC | I11: Analógico | J11: 5F1/5F2 | K11: Consistido | L11: * | O11: =VLOOKUP(AB11,[1]ETerra_A!$A$1:$D$30000,3,0) -> #N/A
A12: 05F2 | B12: B69P | C12: Tensão Barra P Fases CA | D12: 1V3 | F12: Vpp:CA | G12: TRF3_05F2/CB1_Fundamental/FPRE_MMXU1/PPV/phsCA | I12: Analógico | J12: 5F1/5F2 | K12: Consistido | L12: * | O12: =VLOOKUP(AB12,[1]ETerra_A!$A$1:$D$30000,3,0) -> #N/A
A13: 05F2 | B13: B69T | C13: Tensão Barra T (Fase B) | D13: 1V4 | F13: V2 | G13: TRF3_05F2/CB1_25Synchronization/GENRSYN1/V2Clc | I13: Analógico | J13: 5F1/5F2 | K13: Consistido | L13: * | O13: =VLOOKUP(AB13,[1]ETerra_A!$A$1:$D$30000,3,0) -> #N/A
A14: 05F2 | B14: TRF3 | C14: Potência Ativa | F14: P tot | G14: TRF3_05F2/Ln1_OperationalValues/PPRE_MMXU1/TotW | I14: Analógico | J14: 5F1/5F2 | K14: Consistido | L14: * | O14: =VLOOKUP(AB14,[1]ETerra_A!$A$1:$D$30000,3,0) -> #N/A
A15: 05F2 | B15: TRF3 | C15: Potência Reativa | F15: Q tot | G15: TRF3_05F2/Ln1_OperationalValues/PPRE_MMXU1/TotVAr | I15: Analógico | J15: 5F1/5F2 | K15: Consistido | L15: * | O15: =VLOOKUP(AB15,[1]ETerra_A!$A$1:$D$30000,3,0) -> #N/A
A16: 05F2 | B16: TRF3 | C16: Distancia da Última Falta | F16: VD..091 Distância da Falta | G16: TRF3_05F2/Application/USER3/VA001 | I16: Analógico | J16: 5F1 | K16: Direto | L16: 410 | O16: =VLOOKUP(AB16,[1]ETerra_A!$A$1:$D$30000,3,0) -> #N/A
A17: Comandos
A18: 05F2 | B18: TRF3 | C18: Disj. 24-3 (05Q0) - Desligar / Ligar | E18: 1.3/1.1 | F18: Comando DJ/Pos | G18: TRF3_05F2/CB1/CSWI1/Pos | H18: ON: Ligar / OFF: Desligar | I18: Comando D | J18: 5F1/5F2 | K18: Cmd Direto | L18: * | O18: =VLOOKUP(AB18,[1]ETerra_C!$A$1:$D$30000,2,0) -> #N/A
A19: 05F2 | B19: TRF3 | C19: Secc. 89-20 (05Q1 Barra P) - Abrir / Fechar | E19: 3.2/3.3 | F19: Comando 89 Barra P | G19: TRF3_05F2/Dc1/CSWI1/Pos | H19: ON: Fechar / OFF: Abrir | I19: Comando D | J19: 5F1/5F2 | K19: Cmd Direto | L19: * | O19: =VLOOKUP(AB19,[1]ETerra_C!$A$1:$D$30000,2,0) -> #N/A
A20: 05F2 | B20: TRF3 | C20: Secc. 89-22 (05Q2 Barra T) - Abrir / Fechar | E20: 3.5/3.6 | F20: Comando 89 Barra T | G20: TRF3_05F2/Dc2/CSWI1/Pos | H20: ON: Fechar / OFF: Abrir | I20: Comando D | J20: 5F1/5F2 | K20: Cmd Direto | L20: * | O20: =VLOOKUP(AB20,[1]ETerra_C!$A$1:$D$30000,2,0) -> #N/A
A21: 05F2 | B21: TRF3 | C21: Religamento Automático (79) - Excluir / Incluir | F21: CMD RMT.01 79 Excluír/Incluír | G21: TRF3_05F2/Application/USER7/CMD001 | H21: ON: Incluí / OFF: Excluí | I21: Comando D | J21: 5F1/5F2 | K21: Cmd Direto | L21: * | O21: =VLOOKUP(AB21,[1]ETerra_C!$A$1:$D$30000,2,0) -> #N/A
A22: 05F2 | B22: TRF3 | C22: Check de Sincronismo (25) - Bloquear / Desbloquear | F22: CMD.03 25 Bloqueio/Desbloqueio | G22: TRF3_05F2/Application/USER7/CMD003 | H22: ON: Incluí / OFF: Excluí | I22: Comando D | J22: 5F1/5F2 | K22: Cmd Direto | L22: *
A23: 05F2 | B23: TRF3 | C23: Ativa Grupo de Proteção 1 (LT_GTA) | F23: CMD RMT.004 Ativa GRP 1 | G23: TRF3_05F2/Application/USER8/CMD004 | H23: ON: Incluí | I23: Comando D | J23: 5F1/5F2 | K23: Cmd Direto | L23: *
A24: 05F2 | B24: TRF3 | C24: Ativa Grupo de Proteção 2 (LT_KGC) | F24: CMD RMT.005 Ativa GRP 2 | G24: TRF3_05F2/Application/USER8/CMD005 | H24: ON: Incluí | I24: Comando D | J24: 5F1/5F2 | K24: Cmd Direto | L24: *
A25: 05F2 | B25: TRF3 | C25: Ativa Grupo de Proteção 3 (TR1) | F25: CMD RMT.006 Ativa GRP 3 | G25: TRF3_05F2/Application/USER8/CMD006 | H25: ON: Incluí | I25: Comando D | J25: 5F1/5F2 | K25: Cmd Direto | L25: *
A26: 05F2 | B26: TRF3 | C26: Ativa Grupo de Proteção 4 (TR2) | F26: CMD RMT.007 Ativa GRP 4 | G26: TRF3_05F2/Application/USER8/CMD007 | H26: ON: Incluí | I26: Comando D | J26: 5F1/5F2 | K26: Cmd Direto | L26: *
A27: 05F2 | B27: TRF3 | C27: Reserva para Aplicação Futura RGE | F27: CMD RMT.008 Reserva | G27: TRF3_05F2/Application/USER8/CMD008 | H27: ON: Incluí / OFF: Excluí | I27: Comando D | J27: 5F1/5F2 | K27: Cmd Direto | L27: *
A28: 05F2 | B28: TRF3 | C28: Reserva para Aplicação Futura RGE | F28: CMD RMT.009 Reserva | G28: TRF3_05F2/Application/USER8/CMD009 | H28: ON: Incluí / OFF: Excluí | I28: Comando D | J28: 5F1/5F2 | K28: Cmd Direto | L28: *
A29: Digitais (Controle)
A30: Disjuntor 24-3 (05Q0)
A31: 05F2 | B31: TRF3 | C31: Disj. 24-3 (05Q0) - Desligado | D31: 3.1 | F31: VD.001 DJ 52 Desligado Consistido | G31: TRF3_05F2/Application/USER3/VD001 | H31: 1 Desligado | I31: Digital Simples | J31: 5F1/5F2 | K31: Consistido | L31: * | O31: =VLOOKUP(AB31,[1]ETerra_D!$A$1:$D$30000,4,0) -> #N/A
A32: 05F2 | B32: TRF3 | C32: Disj. 24-3 (05Q0) - Ligado | D32: 3.2 | F32: VD.002 DJ 52 Ligado Consistido | G32: TRF3_05F2/Application/USER3/VD002 | H32: 1 Ligado | I32: Digital Simples | J32: 5F1/5F2 | K32: Consistido | L32: * | O32: =VLOOKUP(AB32,[1]ETerra_D!$A$1:$D$30000,4,0) -> #N/A
A33: 05F2 | B33: TRF3 | C33: Disj. 24-3 (05Q0) - Indefinido | F33: VD.003 DJ 52 Indefinido | G33: TRF3_05F2/Application/USER3/VD003 | H33: 1 Alarme | I33: Digital Simples | J33: 5F1/5F2 | K33: Consistido | L33: * | M33: N2
A34: 05F2 | B34: TRF3 | C34: Disj. 24-3 (05Q0) - Baixa Pressão SF6 - Alarme | D34: 3.3 | F34: BI.3.3 DJ 52 SF6 1º Estagio | G34: TRF3_05F2/Application/USER1/BI303 | H34: 1 Alarme | I34: Digital Simples | J34: 5F1/5F2 | K34: Consistido | L34: * | O34: =VLOOKUP(AB34,[1]ETerra_D!$A$1:$D$30000,4,0) -> #N/A
A35: 05F2 | B35: TRF3 | C35: Disj. 24-3 (05Q0) - Baixa Pressão SF6 - Bloqueio | D35: 3.4 | F35: BI.3.4 DJ 52 SF6 2º Estagio | G35: TRF3_05F2/Application/USER1/BI304 | H35: 1 Alarme | I35: Digital Simples | J35: 5F1/5F2 | K35: Consistido | L35: * | O35: =VLOOKUP(AB35,[1]ETerra_D!$A$1:$D$30000,4,0) -> #N/A
A36: 05F2 | B36: TRF3 | C36: Disj. 24-3 (05Q0) - Mola Descarregada ou FVCC CMD. Bob. Ab. 1 ou 2 | D36: 3.5 | F36: VD.036 52 Mola Descarregada Temporizada | G36: TRF3_05F2/Application/USER3/VD036 | H36: 1 Alarme | I36: Digital Simples | J36: 5F1/5F2 | K36: Consistido | L36: * | O36: =VLOOKUP(AB36,[1]ETerra_D!$A$1:$D$30000,4,0) -> #N/A
A37: 05F2 | B37: TRF3 | C37: Disj. 24-3 (05Q0) - Chave 43LR Pos. Remoto | D37: 3.6 | F37: BI.3.6 DJ 52 43LR Remoto | G37: TRF3_05F2/Application/USER1/BI306 | H37: 1 Normal | I37: Digital Simples | J37: 5F1/5F2 | K37: Consistido | L37: * | O37: =VLOOKUP(AB37,[1]ETerra_D!$A$1:$D$30000,4,0) -> #N/A
A38: 05F2 | B38: TRF3 | C38: Disj. 24-3 (05Q0) – Supervisão Bobina de Ligar | D38: 4.1 | F38: VD.035 52 Falha Bob. Ligar | G38: TRF3_05F2/Application/USER3/VD035 | H38: 1 Alarme | I38: Digital Simples | J38: 5F1/5F2 | K38: Consistido | L38: * | O38: =VLOOKUP(AB38,[1]ETerra_D!$A$1:$D$30000,4,0) -> #N/A
A39: 05F2 | B39: TRF3 | C39: Disj. 24-3 (05Q0) - Supervisão Bobina Desligar 1 | D39: 4.2 | F39: VD.033 52 Falha Bob. Aber. 1 | G39: TRF3_05F2/Application/USER3/VD033 | H39: 1 Alarme | I39: Digital Simples | J39: 5F1/5F2 | K39: Consistido | L39: *
A40: 05F2 | B40: TRF3 | C40: Disj. 24-3 (05Q0) - Supervisão Bobina Desligar 2 | D40: 4.3 | F40: VD.034 52 Falha Bob. Abert. 2 | G40: TRF3_05F2/Application/USER3/VD034 | H40: 1 Alarme | I40: Digital Simples | J40: 5F1/5F2 | K40: Consistido | L40: * | O40: =VLOOKUP(AB40,[1]ETerra_D!$A$1:$D$30000,4,0) -> #N/A
A41: 05F2 | B41: TRF3 | C41: Disj. 24-3 (05Q0) - Intertravamento | F41: VD.088 DJ 52 Intertravamento | G41: TRF3_05F2/Application/USER3/VD088 | H41: 1 Libera | I41: Digital Simples | J41: 5F1/5F2 | K41: Consistido | L41: * | M41: N2
A42: 05F2 | B42: TRF3 | C42: Disj. 24-3 (05Q0) - Falha Comando de Desligar | F42: VD.032 52 Falha Comando de Desligar | G42: TRF3_05F2/Application/USER3/VD032 | H42: 1 Falha | I42: Digital Simples | J42: 5F1/5F2 | K42: Consistido | L42: * | M42: N2
A43: 05F2 | B43: TRF3 | C43: Disj. 24-3 (05Q0) - Falha Comando de Ligar | F43: VD.031 52 Falha Comando de Ligar | G43: TRF3_05F2/Application/USER3/VD031 | H43: 1 Falha | I43: Digital Simples | J43: 5F1/5F2 | K43: Consistido | L43: * | M43: N2
A44: Seccionadora Barra P 89-20 (05Q1)
A45: 05F2 | B45: TRF3 | C45: Secc. 89-20 (05Q1 Barra P) - Aberta | D45: 1.1 | F45: VD.004 Sec 89 Barra P Aberta Consistida | G45: TRF3_05F2/Application/USER3/VD004 | H45: 1 Aberta | I45: Digital Simples | J45: 5F1/5F2 | K45: Consistido | L45: * | O45: =VLOOKUP(AB45,[1]ETerra_D!$A$1:$D$30000,4,0) -> #N/A
A46: 05F2 | B46: TRF3 | C46: Secc. 89-20 (05Q1 Barra P) - Fechado | D46: 1.2 | F46: VD.005 Sec 89 Barra P Fechada Consistida | G46: TRF3_05F2/Application/USER3/VD005 | H46: 1 Fechada | I46: Digital Simples | J46: 5F1/5F2 | K46: Consistido | L46: * | O46: =VLOOKUP(AB46,[1]ETerra_D!$A$1:$D$30000,4,0) -> #N/A
A47: 05F2 | B47: TRF3 | C47: Secc. 89-20 (05Q1 Barra P) - Indefinida | F47: VD.006 Sec 89 Barra P Indefinida | G47: TRF3_05F2/Application/USER3/VD006 | H47: 1 Alarme | I47: Digital Simples | J47: 5F1/5F2 | K47: Consistido | L47: * | M47: N2
A48: 05F2 | B48: TRF3 | C48: Secc. 89-20 (05Q1 Barra P) - Alarme (43LR/Lo, FVCC Motor, FVCC CMD.) | D48: 1.3 | F48: BI.1.3 Sec 89 Barra P Alarmes | G48: TRF3_05F2/Application/USER1/BI103 | H48: 1 Alarme | I48: Digital Simples | J48: 5F1/5F2 | K48: Consistido | L48: * | O48: =VLOOKUP(AB48,[1]ETerra_D!$A$1:$D$30000,4,0) -> #N/A
A49: 05F2 | B49: TRF3 | C49: Secc. 89-20 (05Q1 Barra P) - Libera Manobra | F49: BO.3.1 Sec 89 Barra P Intertravamento | G49: TRF3_05F2/Application/USER2/BO.301 | H49: 1 Liberada | I49: Digital Simples | J49: 5F1/5F2 | K49: Consistido | L49: * | M49: N2 | O49: =VLOOKUP(AB49,[1]ETerra_D!$A$1:$D$30000,4,0) -> #N/A
A50: Seccionadora Barra T 89-22 (05Q2)
A51: 05F2 | B51: TRF3 | C51: Secc. 89-22 (05Q2 Barra T) - Aberta | D51: 1.5 | F51: VD.007 Sec 89 Barra T Aberta Consistida | G51: TRF3_05F2/Application/USER3/VD007 | H51: 1 Aberta | I51: Digital Simples | J51: 5F1/5F2 | K51: Consistido | L51: * | O51: =VLOOKUP(AB51,[1]ETerra_D!$A$1:$D$30000,4,0) -> #N/A
A52: 05F2 | B52: TRF3 | C52: Secc. 89-22 (05Q2 Barra T) - Fechado | D52: 1.6 | F52: VD.008 Sec 89 Barra T Fechada Consistida | G52: TRF3_05F2/Application/USER3/VD008 | H52: 1 Fechada | I52: Digital Simples | J52: 5F1/5F2 | K52: Consistido | L52: * | O52: =VLOOKUP(AB52,[1]ETerra_D!$A$1:$D$30000,4,0) -> #N/A
A53: 05F2 | B53: TRF3 | C53: Secc. 89-22 (05Q2 Barra T) - Indefinida | F53: VD.009 Sec 89 Barra T Indefinida | G53: TRF3_05F2/Application/USER3/VD009 | H53: 1 Alarme | I53: Digital Simples | J53: 5F1/5F2 | K53: Consistido | L53: * | M53: N2
A54: 05F2 | B54: TRF3 | C54: Secc. 89-22 (05Q2 Barra T) - Alarme (43LR/Lo, FVCC Motor, FVCC CMD.) | D54: 1.7 | F54: BI.1.7 Sec 89 Barra T Alarmes | G54: TRF3_05F2/Application/USER1/BI107 | H54: 1 Alarme | I54: Digital Simples | J54: 5F1/5F2 | K54: Consistido | L54: * | O54: =VLOOKUP(AB54,[1]ETerra_D!$A$1:$D$30000,4,0) -> #N/A
A55: 05F2 | B55: TRF3 | C55: Secc. 89-22 (05Q2 Barra T) - Libera Manobra | F55: BO.3.4 Sec 89 Barra T Intertravamento | G55: TRF3_05F2/Application/USER2/BO.304 | H55: 1 Liberada | I55: Digital Simples | J55: 5F1/5F2 | K55: Consistido | L55: * | M55: N2 | O55: =VLOOKUP(AB55,[1]ETerra_D!$A$1:$D$30000,4,0) -> #N/A
A56: Alarmes e Sinalizações IED
A57: 05F2 | B57: TRF3 | C57: Chave 43TC Excluida | F57: VD.016 43TC Excluída | G57: TRF3_05F2/Application/USER3/VD016 | H57: 1 Alarme | I57: Digital Simples | J57: 5F1/5F2 | K57: Consistido | L57: * | O57: =VLOOKUP(AB57,[1]ETerra_D!$A$1:$D$30000,4,0) -> #N/A
A58: 05F2 | B58: TRF3 | C58: Operação Indevida Isoladoras | F58: VD.086 Operação Indevida | G58: TRF3_05F2/Application/USER3/VD086 | H58: 1 Atuado | I58: Digital Simples | J58: 5F1/5F2 | K58: Consistido | L58: *
A59: 05F2 | B59: TRF3 | C59: MCB TP Barra T Desligado | D59: 4.15 | F59: BI.4.15 MCB Barra T Desligado | G59: TRF3_05F2/Application/USER1/BI415 | H59: 1 Alarme | I59: Digital Simples | J59: 5F1/5F2 | K59: Consistido | L59: *
A60: 05F2 | B60: TRF3 | C60: MCB TP Barra P Desligado | D60: 4.16 | F60: BI.4.16 MCB Barra P Desligado | G60: TRF3_05F2/Application/USER1/BI416 | H60: 1 Alarme | I60: Digital Simples | J60: 5F1/5F2 | K60: Consistido | L60: *
A61: 05F2 | B61: TRF3 | C61: Alarme - Seccionadoras Isoladoras em interposição | F61: VD.087 Alarme Isoladoras em Interposição | G61: TRF3_05F2/Application/USER3/VD087 | H61: 1 Alarme | I61: Digital Simples | J61: 5F1/5F2 | K61: Consistido | L61: Somente a Nível 2 (WinCC)
A62: 05F2 | B62: TRF3 | C62: Grupo de Ajustes 1 - Ativo | F62: VD.010 Grupo 1 Ativo | G62: TRF3_05F2/Application/USER3/VD010 | H62: 1 Ativo | I62: Digital Simples | J62: 5F1 | K62: Consistido | L62: *
A63: 05F2 | B63: TRF3 | C63: Grupo de Ajustes 1 - Ativo | F63: VD.010 Grupo 1 Ativo | G63: TRF3_05F2/Application/USER3/VD010 | H63: 1 Ativo | I63: Digital Simples | J63: 5F2 | K63: Direto | L63: - | M63: N2
A64: 05F2 | B64: TRF3 | C64: Grupo de Ajustes 2 - Ativo | F64: VD.011 Grupo 2 Ativo | G64: TRF3_05F2/Application/USER3/VD011 | H64: 1 Ativo | I64: Digital Simples | J64: 5F1 | K64: Consistido | L64: * | O64: =VLOOKUP(AB64,[1]ETerra_D!$A$1:$D$30000,4,0) -> #N/A
A65: 05F2 | B65: TRF3 | C65: Grupo de Ajustes 2 - Ativo | F65: VD.011 Grupo 2 Ativo | G65: TRF3_05F2/Application/USER3/VD011 | H65: 1 Ativo | I65: Digital Simples | J65: 5F2 | K65: Direto | L65: - | M65: N2
A66: 05F2 | B66: TRF3 | C66: Grupo de Ajustes 3 - Ativo | F66: VD.012 Grupo 3 Ativo | G66: TRF3_05F2/Application/USER3/VD012 | H66: 1 Ativo | I66: Digital Simples | J66: 5F1 | K66: Consistido | L66: *
A67: 05F2 | B67: TRF3 | C67: Grupo de Ajustes 3 - Ativo | F67: VD.012 Grupo 3 Ativo | G67: TRF3_05F2/Application/USER3/VD013 | H67: 2 Ativo | I67: Digital Simples | J67: 5F2 | K67: Direto | L67: - | M67: N2
A68: 05F2 | B68: TRF3 | C68: Grupo de Ajustes 4 - Ativo | F68: VD.013 Grupo 4 Ativo | G68: TRF3_05F2/Application/USER3/VD013 | H68: 1 Ativo | I68: Digital Simples | J68: 5F1 | K68: Consistido | L68: *
A69: 05F2 | B69: TRF3 | C69: Grupo de Ajustes 4 - Ativo | F69: VD.013 Grupo 4 Ativo | G69: TRF3_05F2/Application/USER3/VD013 | H69: 1 Ativo | I69: Digital Simples | J69: 5F2 | K69: Direto | L69: - | M69: N2
A70: 05F2 | B70: TRF3 | C70: Falha GOOSE (Falha Recepção IED Adjacente) | F70: VD.069 Falha Goose | G70: TRF3_05F2/Application/USER3/VD069 | H70: 1 Alarme | I70: Digital Simples | J70: 5F2 | K70: Direto | L70: 524 | O70: =VLOOKUP(AB70,[1]ETerra_D!$A$1:$D$30000,4,0) -> #N/A
A71: 05F2 | B71: TRF3 | C71: GOOSE Bloqueado (Bloqueio de envio de goose para IED adjacente) | F71: VD.083 Goose Bloqueado | G71: TRF3_05F2/Application/USER3/VD083 | H71: 1 Alarme | I71: Digital Simples | J71: 5F2 | K71: Direto | L71: 525
A72: 05F2 | B72: TRF3 | C72: Falha GPS (Falha na Sincronização Temporal) | F72: VD.070 Falha GPS Sincronização de Tempo | G72: TRF3_05F2/Application/USER3/VD070 | H72: 1 Alarme | I72: Digital Simples | J72: 5F2 | K72: Direto | L72: 526
A73: 05F2 | B73: TRF3 | C73: Defeito Interno Relé | F73: =UCCD1!E20 -> IN1D11_PPTAT_Falha_05F2 | G73: =UCCD1!F20 -> UTRCTRL/BI0GGIO0.Ind11.stVal | H73: 1 Alarme | I73: Digital Simples | J73: UCCD1 | K73: Externo | L73: 527
A74: 05F2 | B74: TRF3 | C74: Falha de comunicação IED | H74: 1 Alarme | I74: Digital Simples | J74: CTR | K74: Externo | L74: 528
A75: Digitais (Proteção)
A76: 05F2 | B76: TRF3 | C76: Proteção 62BF - Atuado | F76: VD.066 62BF Atuado | G76: TRF3_05F2/Application/USER3/VD066 | H76: 1 Atuado | I76: Digital Simples | J76: 5F2 | K76: Direto | L76: 529 | O76: =VLOOKUP(AB76,[1]ETerra_D!$A$1:$D$30000,4,0) -> #N/A
A77: 05F2 | B77: TRF3 | C77: Proteção Fase A - Atuado | F77: VD.040 TRIP Fase A | G77: TRF3_05F2/Application/USER3/VD040 | H77: 1 Atuado | I77: Digital Simples | J77: 5F2 | K77: Direto | L77: 530 | O77: =VLOOKUP(AB77,[1]ETerra_D!$A$1:$D$30000,4,0) -> #N/A
A78: 05F2 | B78: TRF3 | C78: Proteção Fase B - Atuado | F78: VD.041 TRIP Fase B | G78: TRF3_05F2/Application/USER3/VD041 | H78: 1 Atuado | I78: Digital Simples | J78: 5F2 | K78: Direto | L78: 531 | O78: =VLOOKUP(AB78,[1]ETerra_D!$A$1:$D$30000,4,0) -> #N/A
A79: 05F2 | B79: TRF3 | C79: Proteção Fase C - Atuado | F79: VD.042 TRIP Fase C | G79: TRF3_05F2/Application/USER3/VD042 | H79: 1 Atuado | I79: Digital Simples | J79: 5F2 | K79: Direto | L79: 532 | O79: =VLOOKUP(AB79,[1]ETerra_D!$A$1:$D$30000,4,0) -> #N/A
A80: 05F2 | B80: TRF3 | C80: Proteção Neutro - Atuado | F80: VD.043 TRIP Neutro | G80: TRF3_05F2/Application/USER3/VD043 | H80: 1 Atuado | I80: Digital Simples | J80: 5F2 | K80: Direto | L80: 533
A81: 05F2 | B81: TRF3 | C81: Proteção 50 ABC - Estágio 1 - Atuado | F81: VD.044 50 E1 Atuado | G81: TRF3_05F2/Application/USER3/VD044 | H81: 1 Atuado | I81: Digital Simples | J81: 5F2 | K81: Direto | L81: 534 | O81: =VLOOKUP(AB81,[1]ETerra_D!$A$1:$D$30000,4,0) -> #N/A
A82: 05F2 | B82: TRF3 | C82: Proteção 50 ABC - Estágio 2 - Atuado | F82: VD.045 50 E2 Atuado | G82: TRF3_05F2/Application/USER3/VD045 | H82: 1 Atuado | I82: Digital Simples | J82: 5F2 | K82: Direto | L82: 535 | O82: =VLOOKUP(AB82,[1]ETerra_D!$A$1:$D$30000,4,0) -> #N/A
A83: 05F2 | B83: TRF3 | C83: Proteção 51 ABC - Atuado | F83: VD.046 51 Atuado | G83: TRF3_05F2/Application/USER3/VD046 | H83: 1 Atuado | I83: Digital Simples | J83: 5F2 | K83: Direto | L83: 536 | O83: =VLOOKUP(AB83,[1]ETerra_D!$A$1:$D$30000,4,0) -> #N/A
A84: 05F2 | B84: TRF3 | C84: Proteção 50 N - Estágio 1 - Atuado | F84: VD.047 50N E1 Atuado | G84: TRF3_05F2/Application/USER3/VD047 | H84: 1 Atuado | I84: Digital Simples | J84: 5F2 | K84: Direto | L84: 537 | O84: =VLOOKUP(AB84,[1]ETerra_D!$A$1:$D$30000,4,0) -> #N/A
A85: 05F2 | B85: TRF3 | C85: Proteção 50 N - Estágio 2 - Atuado | F85: VD.048 50N E2 Atuado | G85: TRF3_05F2/Application/USER3/VD048 | H85: 1 Atuado | I85: Digital Simples | J85: 5F2 | K85: Direto | L85: 538 | O85: =VLOOKUP(AB85,[1]ETerra_D!$A$1:$D$30000,4,0) -> #N/A
A86: 05F2 | B86: TRF3 | C86: Proteção 51 N - Atuado | F86: VD.049 51N Atuado | G86: TRF3_05F2/Application/USER3/VD049 | H86: 1 Atuado | I86: Digital Simples | J86: 5F2 | K86: Direto | L86: 539 | O86: =VLOOKUP(AB86,[1]ETerra_D!$A$1:$D$30000,4,0) -> #N/A
A87: 05F2 | B87: TRF3 | C87: Proteção 21 - Bloqueado | F87: VD.021 21 Bloqueado | G87: TRF3_05F2/Application/USER3/VD021 | H87: 1 Atuado | I87: Digital Simples | J87: 5F2 | K87: Direto | L87: 540 | O87: =VLOOKUP(AB87,[1]ETerra_D!$A$1:$D$30000,4,0) -> #N/A
A88: 05F2 | B88: TRF3 | C88: Proteção 21 Zona 1 - Atuado | F88: VD.050 21Z1 Atuado | G88: TRF3_05F2/Application/USER3/VD050 | H88: 1 Atuado | I88: Digital Simples | J88: 5F2 | K88: Direto | L88: 541 | O88: =VLOOKUP(AB88,[1]ETerra_D!$A$1:$D$30000,4,0) -> #N/A
A89: 05F2 | B89: TRF3 | C89: Proteção 21 Zona 2 - Atuado | F89: VD.051 21Z2 Atuado | G89: TRF3_05F2/Application/USER3/VD051 | H89: 1 Atuado | I89: Digital Simples | J89: 5F2 | K89: Direto | L89: 542 | O89: =VLOOKUP(AB89,[1]ETerra_D!$A$1:$D$30000,4,0) -> #N/A
A90: 05F2 | B90: TRF3 | C90: Proteção 21 Zona 3 - Atuado | F90: VD.052 21Z3 Atuado | G90: TRF3_05F2/Application/USER3/VD052 | H90: 1 Atuado | I90: Digital Simples | J90: 5F2 | K90: Direto | L90: 543 | O90: =VLOOKUP(AB90,[1]ETerra_D!$A$1:$D$30000,4,0) -> #N/A
A91: 05F2 | B91: TRF3 | C91: Proteção 21 Zona 4 - Atuado | F91: VD.053 21Z4 Atuado | G91: TRF3_05F2/Application/USER3/VD053 | H91: 1 Atuado | I91: Digital Simples | J91: 5F2 | K91: Direto | L91: 544 | O91: =VLOOKUP(AB91,[1]ETerra_D!$A$1:$D$30000,4,0) -> #N/A
A92: 05F2 | B92: TRF3 | C92: Proteção 67 - Bloqueado | F92: VD.022 67 Bloqueado | G92: TRF3_05F2/Application/USER3/VD022 | H92: 1 Atuado | I92: Digital Simples | J92: 5F2 | K92: Direto | L92: 545
A93: 05F2 | B93: TRF3 | C93: Proteção 67 ABC - Estágio 1 - Atuado | F93: VD.054 67 E1 Atuado | G93: TRF3_05F2/Application/USER3/VD054 | H93: 1 Atuado | I93: Digital Simples | J93: 5F2 | K93: Direto | L93: 546 | O93: =VLOOKUP(AB93,[1]ETerra_D!$A$1:$D$30000,4,0) -> #N/A
A94: 05F2 | B94: TRF3 | C94: Proteção 67 ABC - Estágio 2 - Atuado | F94: VD.055 67 E2 Atuado | G94: TRF3_05F2/Application/USER3/VD055 | H94: 1 Atuado | I94: Digital Simples | J94: 5F2 | K94: Direto | L94: 547 | O94: =VLOOKUP(AB94,[1]ETerra_D!$A$1:$D$30000,4,0) -> #N/A
A95: 05F2 | B95: TRF3 | C95: Proteção 67 Temporizado (TOC) - Atuado | F95: VD.056 67TOC Atuado | G95: TRF3_05F2/Application/USER3/VD056 | H95: 1 Atuado | I95: Digital Simples | J95: 5F2 | K95: Direto | L95: 548 | O95: =VLOOKUP(AB97,[1]ETerra_D!$A$1:$D$30000,4,0) -> #N/A
A96: 05F2 | B96: TRF3 | C96: Proteção 67 N - Estágio 1 - Atuado | F96: VD.057 67N E1 Atuado | G96: TRF3_05F2/Application/USER3/VD057 | H96: 1 Atuado | I96: Digital Simples | J96: 5F2 | K96: Direto | L96: 549 | O96: =VLOOKUP(AB95,[1]ETerra_D!$A$1:$D$30000,4,0) -> #N/A
A97: 05F2 | B97: TRF3 | C97: Proteção 67 N - Estágio 2 - Atuado | F97: VD.058 67N E2 Atuado | G97: TRF3_05F2/Application/USER3/VD058 | H97: 1 Atuado | I97: Digital Simples | J97: 5F2 | K97: Direto | L97: 550 | O97: =VLOOKUP(AB96,[1]ETerra_D!$A$1:$D$30000,4,0) -> #N/A
A98: 05F2 | B98: TRF3 | C98: Proteção 67 N Temporizado (TOC) - Atuado | F98: VD.059 67N TOC Atuado | G98: TRF3_05F2/Application/USER3/VD059 | H98: 1 Atuado | I98: Digital Simples | J98: 5F2 | K98: Direto | L98: 551 | O98: =VLOOKUP(AB98,[1]ETerra_D!$A$1:$D$30000,4,0) -> #N/A
A99: 05F2 | B99: TRF3 | C99: Proteção 27 - Atuado | F99: VD.060 27 Atuado | G99: TRF3_05F2/Application/USER3/VD060 | H99: 1 Atuado | I99: Digital Simples | J99: 5F2 | K99: Direto | L99: 552 | O99: =VLOOKUP(AB99,[1]ETerra_D!$A$1:$D$30000,4,0) -> #N/A
A100: 05F2 | B100: TRF3 | C100: Proteção 59 - Atuado | F100: VD.061 59 Atuado | G100: TRF3_05F2/Application/USER3/VD061 | H100: 1 Atuado | I100: Digital Simples | J100: 5F2 | K100: Direto | L100: 553 | O100: =VLOOKUP(AB100,[1]ETerra_D!$A$1:$D$30000,4,0) -> #N/A
...

Sheet TR1_P
A1: #VALUE! | C1: SUBESTAÇÃO RGE GRAVATAÍ 4 (SE_GTD) | K1: Consistido: Consistir IED Principal e Alternado (DNP em Vermelho) Direto: Aquisição direta do IED CMD. Direto: Comando Direct (Enviar para Principal e Alternado
C2: Lista de Pontos Supervisionados Transformador 1_Principal
C3: Relé: Siemens 7UT85 Shorcode: P1F1096576 | G3: =Capa!G67 -> IP:10.39.13.15 | I3: Concentradora: SICAM PAS | O3: COS
C4: Protocolo: IEC 61850 Versão:2.1 FW: V9.8 FW Comm: V9.8 | I4: Protocolo: DNP3 IP:10.34.13.2 End:13
A5: IED | B5: Módulo | C5: Descrição do ponto | D5: Entrada BI.nária | E5: Saída BI.nária | F5: Variável | G5: Endereço Variável | H5: Variação: | I5: Tipo | J5: Origem | K5: Lógica | L5: Endereço DNP3 | M5: N2 | N5: N3 | O5: NIVEL3
A6: Analógicas
A7: Analógicas Módulo AT
A8: 06F1 | B8: TR1_AT | C8: Corrente Fase A | D8: 1IA | F8: Iph:A | G8: TR1_06F1/PTS1_OperationalValues/RPRE_MMXU1/A/phsA | I8: Analógico | J8: 6F1/6F2 | K8: Consistido | L8: 600 | O8: =VLOOKUP(AB8,[1]ETerra_A!$A$1:$D$30000,3,0) -> #N/A
A9: 06F1 | B9: TR1_AT | C9: Corrente Fase B | D9: 1IB | F9: Iph:B | G9: TR1_06F1/PTS1_OperationalValues/RPRE_MMXU1/A/phsB | I9: Analógico | J9: 6F1/6F2 | K9: Consistido | L9: 601 | O9: =VLOOKUP(AB9,[1]ETerra_A!$A$1:$D$30000,3,0) -> #N/A
A10: 06F1 | B10: TR1_AT | C10: Corrente Fase C | D10: 1IC | F10: Iph:C | G10: TR1_06F1/PTS1_OperationalValues/RPRE_MMXU1/A/phsC | I10: Analógico | J10: 6F1/6F2 | K10: Consistido | L10: 602 | O10: =VLOOKUP(AB10,[1]ETerra_A!$A$1:$D$30000,3,0) -> #N/A
A11: 06F1 | B11: B69P | C11: Tensão Barra P Fases AB | D11: 1V1 | F11: Vpp:AB | G11: TR1_06F1/PTS1_OperationalValues/RPRE_MMXU1/PPV/phsAB | I11: Analógico | J11: 6F1 | K11: Direto | L11: 603 | O11: =VLOOKUP(AB11,[1]ETerra_A!$A$1:$D$30000,3,0) -> #N/A
A12: 06F1 | B12: B69P | C12: Tensão Barra P Fases BC | D12: 1V2 | F12: Vpp:BC | G12: TR1_06F1/PTS1_OperationalValues/RPRE_MMXU1/PPV/phsBC | I12: Analógico | J12: 6F1 | K12: Direto | L12: 604 | O12: =VLOOKUP(AB12,[1]ETerra_A!$A$1:$D$30000,3,0) -> #N/A
A13: 06F1 | B13: B69P | C13: Tensão Barra P Fases CA | D13: 1V3 | F13: Vpp:CA | G13: TR1_06F1/PTS1_OperationalValues/RPRE_MMXU1/PPV/phsCA | I13: Analógico | J13: 6F1 | K13: Direto | L13: 605 | O13: =VLOOKUP(AB13,[1]ETerra_A!$A$1:$D$30000,3,0) -> #N/A
A14: 06F1 | B14: TR1_AT | C14: Potência Ativa | F14: P tot | G14: TR1_06F1/PTS1_OperationalValues/PPRE_MMXU1/TotW | I14: Analógico | J14: 6F1 | K14: Direto | L14: 606 | O14: =VLOOKUP(AB14,[1]ETerra_A!$A$1:$D$30000,3,0) -> #N/A
A15: 06F1 | B15: TR1_AT | C15: Potência Reativa | F15: Q tot | G15: TR1_06F1/PTS1_OperationalValues/PPRE_MMXU1/TotVAr | I15: Analógico | J15: 6F1 | K15: Direto | L15: 607 | O15: =VLOOKUP(AB15,[1]ETerra_A!$A$1:$D$30000,3,0) -> #N/A
A16: Analógicas Módulo MT
A17: 06F1 | B17: TR1_MT | C17: Corrente Fase A | D17: 1IA | F17: Iph:A | G17: TR1_06F1/PTS2_OperationalValues/RPRE_MMXU1/A/phsA | I17: Analógico | J17: 6F1/6F2 | K17: Consistido | L17: 608 | O17: =VLOOKUP(AB17,[1]ETerra_A!$A$1:$D$30000,3,0) -> #N/A
A18: 06F1 | B18: TR1_MT | C18: Corrente Fase B | D18: 1IB | F18: Iph:B | G18: TR1_06F1/PTS2_OperationalValues/RPRE_MMXU1/A/phsB | I18: Analógico | J18: 6F1/6F2 | K18: Consistido | L18: 609 | O18: =VLOOKUP(AB18,[1]ETerra_A!$A$1:$D$30000,3,0) -> #N/A
A19: 06F1 | B19: TR1_MT | C19: Corrente Fase C | D19: 1IC | F19: Iph:C | G19: TR1_06F1/PTS2_OperationalValues/RPRE_MMXU1/A/phsC | I19: Analógico | J19: 6F1/6F2 | K19: Consistido | L19: 610 | O19: =VLOOKUP(AB19,[1]ETerra_A!$A$1:$D$30000,3,0) -> #N/A
A20: Comandos
A21: Comandos Módulos AT
A22: 06F1 | B22: TR1_AT | C22: Disj. 52-2 (06Q0) - Desligar / Ligar | E22: 1.3/1.1 | F22: Comando 52 AT | G22: TR1_06F1/CB1/CSWI1/Pos | H22: ON: Ligar / OFF: Desligar | I22: Comando D | J22: 6F1/6F2 | K22: Cmd Direto | L22: 600 | O22: =VLOOKUP(AB22,[1]ETerra_C!$A$1:$D$30000,2,0) -> #N/A
A23: 06F1 | B23: TR1_AT | C23: Secc. 89-8 (06Q1 Barra) - Abrir / Fechar | E23: 4.6/4.7 | F23: Comando 89 Barra AT | G23: TR1_06F1/Dc1/CSWI1/Pos | H23: ON: Fechar / OFF: Abrir | I23: Comando D | J23: 6F1/6F2 | K23: Cmd Direto | L23: 601 | O23: =VLOOKUP(AB23,[1]ETerra_C!$A$1:$D$30000,2,0) -> #N/A
A24: 06F1 | B24: TR1_AT | C24: Secc. 89-10 (06Q2 TR) - Abrir / Fechar | E24: 4.9/4.10 | F24: Comando 89 TR AT | G24: TR1_06F1/Dc2/CSWI1/Pos | H24: ON: Fechar / OFF: Abrir | I24: Comando D | J24: 6F1/6F2 | K24: Cmd Direto | L24: 602 | O24: =VLOOKUP(AB24,[1]ETerra_C!$A$1:$D$30000,2,0) -> #N/A
A25: 06F1 | B25: TR1_AT | C25: Secc. 89-12 (06Q3 Contorno) - Abrir / Fechar | E25: 4.12/4.13 | F25: Comando 89 Contorno AT | G25: TR1_06F1/Dc3/CSWI1/Pos | H25: ON: Fechar / OFF: Abrir | I25: Comando D | J25: 6F1/6F2 | K25: Cmd Direto | L25: 603
A26: Comandos Módulos MT
A27: 06F1 | B27: TR1_AT | C27: Disj. 52-10 (06Q4) - Desligar / Ligar | E27: 4.3/4.1 | F27: Comando 52 MT | G27: TR1_06F1/CB2/CSWI1/Pos | H27: ON: Ligar / OFF: Desligar | I27: Comando D | J27: 6F1/6F2 | K27: Cmd Direto | L27: 604 | O27: =VLOOKUP(AB27,[1]ETerra_C!$A$1:$D$30000,2,0) -> #N/A
A28: 06F1 | B28: TR1_AT | C28: Secc. 89-104 (06Q7 Contorno) - Abrir / Fechar | F28: Comando 89 Contorno MT | G28: TR1_06F1/Dc4/CSWI1/Pos | H28: ON: Fechar / OFF: Abrir | I28: Comando D | J28: 6F1/6F2 | K28: Cmd Direto | L28: 605 | O28: =VLOOKUP(AB28,[1]ETerra_C!$A$1:$D$30000,2,0) -> #N/A
A29: Comandos Módulos TR
A30: 06F1 | B30: TR1 | C30: Grupo de Ajustes 2 - Excluir / Incluir | F30: CMD RMT.001 Troca de Grupo | G30: TR1_06F1/Application/USER7/CMD001 | H30: ON: Incluí / OFF: Excluí | I30: Comando D | J30: 6F1/6F2 | K30: Cmd Direto | L30: 606 | O30: =VLOOKUP(AB30,[1]ETerra_C!$A$1:$D$30000,2,0) -> #N/A
A31: 06F1 | B31: TR1 | C31: Diferencial (87) - Bloqueio / Desbloqueio | F31: CMD RMT.002 Bloqueio 87 | G31: TR1_06F1/Application/USER7/CMD002 | H31: ON: Incluí / OFF: Excluí | I31: Comando S | J31: 06F1 | K31: Cmd Direto | L31: 607 | O31: =VLOOKUP(AB31,[1]ETerra_C!$A$1:$D$30000,2,0) -> #N/A
A32: 06F1 | B32: TR1 | C32: Reserva para Aplicação Futura RGE | F32: CMD RMT.003 Reserva | G32: TR1_06F1/Application/USER7/CMD003 | H32: ON: Incluí / OFF: Excluí | I32: Comando D | J32: 6F1/6F2 | K32: Cmd Direto | L32: 615
A33: 06F1 | B33: TR1 | C33: Reserva para Aplicação Futura RGE | F33: CMD RMT.004 Reserva | G33: TR1_06F1/Application/USER7/CMD004 | H33: ON: Incluí / OFF: Excluí | I33: Comando D | J33: 6F1/6F2 | K33: Cmd Direto | L33: 616
A34: Digitais (Controle)
A35: Digitais Controle Módulo AT
A36: Disjuntor 52-2 (06Q0)
A37: 06F1 | B37: TR1_AT | C37: Disj. 52-2 (06Q0) - Desligado | D37: 3.1 | F37: VD.001 DJ 52 AT Desligado Consistido | G37: TR1_06F1/Application/USER3/VD001 | H37: 1 Desligado | I37: Digital Simples | J37: 6F1/6F2 | K37: Consistido | L37: 600 | O37: =VLOOKUP(AB37,[1]ETerra_D!$A$1:$D$30000,4,0) -> #N/A
A38: 06F1 | B38: TR1_AT | C38: Disj. 52-2 (06Q0) - Ligado | D38: 3.2 | F38: VD.002 DJ 52 AT Ligado Consistido | G38: TR1_06F1/Application/USER3/VD002 | H38: 1 Ligado | I38: Digital Simples | J38: 6F1/6F2 | K38: Consistido | L38: 601 | O38: =VLOOKUP(AB38,[1]ETerra_D!$A$1:$D$30000,4,0) -> #N/A
A39: 06F1 | B39: TR1_AT | C39: Disj. 52-2 (06Q0) - Indefinido | F39: VD.003 DJ 52 AT Indefinido | G39: TR1_06F1/Application/USER3/VD003 | H39: 1 Alarme | I39: Digital Simples | J39: 6F1/6F2 | K39: Consistido | L39: 602 | M39: N2
A40: 06F1 | B40: TR1_AT | C40: Disj. 52-2 (06Q0) - Baixa Pressão SF6 - Alarme | D40: 3.3 | F40: BI.3.3 DJ 52 AT SF6 1ºEst | G40: TR1_06F1/Application/USER1/BI303 | H40: 1 Alarme | I40: Digital Simples | J40: 6F1/6F2 | K40: Consistido | L40: 603 | O40: =VLOOKUP(AB40,[1]ETerra_D!$A$1:$D$30000,4,0) -> #N/A
A41: 06F1 | B41: TR1_AT | C41: Disj. 52-2 (06Q0) - Baixa Pressão SF6 - Bloqueio | D41: 3.4 | F41: BI.3.4 DJ 52 AT SF6 2ºEst | G41: TR1_06F1/Application/USER1/BI304 | H41: 1 Alarme | I41: Digital Simples | J41: 6F1/6F2 | K41: Consistido | L41: 604 | O41: =VLOOKUP(AB41,[1]ETerra_D!$A$1:$D$30000,4,0) -> #N/A
A42: 06F1 | B42: TR1_AT | C42: Disj. 52-2 (06Q0) - Mola Descarregada ou FVCC CMD. Bob. Ab. 1 ou 2 | D42: 3.5 | F42: VD.026 DJ 52 AT Mola Descarregada Temp. | G42: TR1_06F1/Application/USER3/VD026 | H42: 1 Alarme | I42: Digital Simples | J42: 6F1/6F2 | K42: Consistido | L42: 605 | O42: =VLOOKUP(AB42,[1]ETerra_D!$A$1:$D$30000,4,0) -> #N/A
A43: 06F1 | B43: TR1_AT | C43: Disj. 52-2 (06Q0) - Chave 43LR Pos. Remoto | D43: 3.6 | F43: BI.3.6 DJ 52 AT 43LR Remoto | G43: TR1_06F1/Application/USER1/BI306 | H43: 1 Normal | I43: Digital Simples | J43: 6F1/6F2 | K43: Consistido | L43: 606 | O43: =VLOOKUP(AB43,[1]ETerra_D!$A$1:$D$30000,4,0) -> #N/A
A44: 06F1 | B44: TR1_AT | C44: Disj. 52-2 (06Q0) – Supervisão Bobina de Ligar | D44: 3.7 | F44: VD.023 DJ 52 AT Falha Bob. Ligar | G44: TR1_06F1/Application/USER3/VD023 | H44: 1 Alarme | I44: Digital Simples | J44: 6F1/6F2 | K44: Consistido | L44: 607 | O44: =VLOOKUP(AB44,[1]ETerra_D!$A$1:$D$30000,4,0) -> #N/A
A45: 06F1 | B45: TR1_AT | C45: Disj. 52-2 (06Q0) - Supervisão Bobina Desligar 1 | D45: 3.8 | F45: VD.024 DJ 52 AT Falha Bob. Abert. 1 | G45: TR1_06F1/Application/USER3/VD024 | H45: 1 Alarme | I45: Digital Simples | J45: 6F1/6F2 | K45: Consistido | L45: 608
A46: 06F1 | B46: TR1_AT | C46: Disj. 52-2 (06Q0) - Supervisão Bobina Desligar 2 | D46: 4.1 | F46: VD.025 DJ 52 AT Falha Bob. Abert. 2 | G46: TR1_06F1/Application/USER3/VD025 | H46: 1 Alarme | I46: Digital Simples | J46: 6F1/6F2 | K46: Consistido | L46: 609 | O46: =VLOOKUP(AB46,[1]ETerra_D!$A$1:$D$30000,4,0) -> #N/A
A47: 06F1 | B47: TR1_AT | C47: Disj. 52-2 (06Q0) - Intertravamento | E47: 1.2 | F47: VD.129 DJ 52 AT Intertravamento | G47: TR1_06F1/Application/USER3/VD129 | H47: 1 Libera | I47: Digital Simples | J47: 6F1/6F2 | K47: Consistido | L47: 610 | M47: N2
A48: 06F1 | B48: TR1_AT | C48: Disj. 52-2 (06Q0) - Falha Comando de Desligar | F48: VD.022 DJ 52 AT Falha Comando de Desligar | G48: TR1_06F1/Application/USER3/VD022 | H48: 1 Falha | I48: Digital Simples | J48: 6F1/6F2 | K48: Consistido | L48: 611 | M48: N2
A49: 06F1 | B49: TR1_AT | C49: Disj. 52-2 (06Q0) - Falha Comando de Ligar | F49: VD.021 DJ 52 AT Falha Comando de Ligar | G49: TR1_06F1/Application/USER3/VD021 | H49: 1 Falha | I49: Digital Simples | J49: 6F1/6F2 | K49: Consistido | L49: 612 | M49: N2
A50: Seccionadora Barra 89-8 (06Q1)
A51: 06F1 | B51: TR1_AT | C51: Secc. 89-8 (06Q1 Barra) - Aberta | D51: 6.8 | F51: VD.004 Sec 89 Barra AT Aberta Consistida | G51: TR1_06F1/Application/USER3/VD004 | H51: 1 Aberta | I51: Digital Simples | J51: 6F1/6F2 | K51: Consistido | L51: 613 | O51: =VLOOKUP(AB51,[1]ETerra_D!$A$1:$D$30000,4,0) -> #N/A
A52: 06F1 | B52: TR1_AT | C52: Secc. 89-8 (06Q1 Barra) - Fechado | D52: 6.9 | F52: VD.005 Sec 89 Barra AT Fechada Consistida | G52: TR1_06F1/Application/USER3/VD005 | H52: 1 Fechada | I52: Digital Simples | J52: 6F1/6F2 | K52: Consistido | L52: 614 | O52: =VLOOKUP(AB52,[1]ETerra_D!$A$1:$D$30000,4,0) -> #N/A
A53: 06F1 | B53: TR1_AT | C53: Secc. 89-8 (06Q1 Barra) - Indefinida | F53: VD.006 Sec 89 Barra AT Indefinida | G53: TR1_06F1/Application/USER3/VD006 | H53: 1 Alarme | I53: Digital Simples | J53: 6F1/6F2 | K53: Consistido | L53: 615 | M53: N2
A54: 06F1 | B54: TR1_AT | C54: Secc. 89-8 (06Q1 Barra) - Alarme (43LR/Lo, FVCC Motor, FVCC CMD.) | D54: 6.10 | F54: BI.6.10 Sec 89 Barra AT Alarmes | G54: TR1_06F1/Application/USER1/BI610 | H54: 1 Alarme | I54: Digital Simples | J54: 6F1/6F2 | K54: Consistido | L54: 616 | O54: =VLOOKUP(AB54,[1]ETerra_D!$A$1:$D$30000,4,0) -> #N/A
A55: 06F1 | B55: TR1_AT | C55: Secc. 89-8 (06Q1 Barra) - Libera Manobra | E55: 4.5 | F55: BO.4.5 Sec 89 Barra AT Intertravamento | G55: TR1_06F1/Application/USER2/BO405 | H55: 1 Liberada | I55: Digital Simples | J55: 6F1/6F2 | K55: Consistido | L55: 617 | M55: N2 | O55: =VLOOKUP(AB55,[1]ETerra_D!$A$1:$D$30000,4,0) -> #N/A
A56: Seccionadora TR 89-10 (06Q2)
A57: 06F1 | B57: TR1_AT | C57: Secc. 89-10 (06Q2 TR) - Aberta | D57: 6.12 | F57: VD.007 Sec 89 TR AT Aberta Consistida | G57: TR1_06F1/Application/USER3/VD007 | H57: 1 Aberta | I57: Digital Simples | J57: 6F1/6F2 | K57: Consistido | L57: 618 | O57: =VLOOKUP(AB57,[1]ETerra_D!$A$1:$D$30000,4,0) -> #N/A
A58: 06F1 | B58: TR1_AT | C58: Secc. 89-10 (06Q2 TR) - Fechado | D58: 6.13 | F58: VD.008 Sec 89 TR AT Fechada Consistida | G58: TR1_06F1/Application/USER3/VD008 | H58: 1 Fechada | I58: Digital Simples | J58: 6F1/6F2 | K58: Consistido | L58: 619 | O58: =VLOOKUP(AB58,[1]ETerra_D!$A$1:$D$30000,4,0) -> #N/A
A59: 06F1 | B59: TR1_AT | C59: Secc. 89-10 (06Q2 TR) - Indefinida | F59: VD.009 Sec 89 TR AT Indefinida | G59: TR1_06F1/Application/USER3/VD009 | H59: 1 Alarme | I59: Digital Simples | J59: 6F1/6F2 | K59: Consistido | L59: 620 | M59: N2
A60: 06F1 | B60: TR1_AT | C60: Secc. 89-10 (06Q2 TR) - Alarme (43LR/Lo, FVCC Motor, FVCC CMD.) | D60: 6.14 | F60: BI.6.14 Sec 89 TR AT Alarmes | G60: TR1_06F1/Application/USER1/BI614 | H60: 1 Alarme | I60: Digital Simples | J60: 6F1/6F2 | K60: Consistido | L60: 621 | O60: =VLOOKUP(AB60,[1]ETerra_D!$A$1:$D$30000,4,0) -> #N/A
A61: 06F1 | B61: TR1_AT | C61: Secc. 89-10 (06Q2 TR) - Libera Manobra | E61: 4.8 | F61: BO.4.8 Sec 89 TR AT Intertravamento | G61: TR1_06F1/Application/USER2/BO408 | H61: 1 Liberada | I61: Digital Simples | J61: 6F1/6F2 | K61: Consistido | L61: 622 | M61: N2 | O61: =VLOOKUP(AB61,[1]ETerra_D!$A$1:$D$30000,4,0) -> #N/A
A62: Seccionadora Contorno 89-12 (06Q3)
A63: 06F1 | B63: TR1_AT | C63: Secc. 89-12 (06Q3 Contorno) - Aberta | D63: 6.16 | F63: VD.010 Sec 89 Contorno AT Aberta Consistida | G63: TR1_06F1/Application/USER3/VD010 | H63: 1 Aberta | I63: Digital Simples | J63: 6F1/6F2 | K63: Consistido | L63: 623 | O63: =VLOOKUP(AB63,[1]ETerra_D!$A$1:$D$30000,4,0) -> #N/A
A64: 06F1 | B64: TR1_AT | C64: Secc. 89-12 (06Q3 Contorno) - Fechado | D64: 6.17 | F64: VD.011 Sec 89 Contorno AT Fechada Consist. | G64: TR1_06F1/Application/USER3/VD011 | H64: 1 Fechada | I64: Digital Simples | J64: 6F1/6F2 | K64: Consistido | L64: 624 | O64: =VLOOKUP(AB64,[1]ETerra_D!$A$1:$D$30000,4,0) -> #N/A
A65: 06F1 | B65: TR1_AT | C65: Secc. 89-12 (06Q3 Contorno) - Indefinida | F65: VD.012 Sec 89 Comtorno AT Indefinida | G65: TR1_06F1/Application/USER3/VD012 | H65: 1 Alarme | I65: Digital Simples | J65: 6F1/6F2 | K65: Consistido | L65: 625 | M65: N2
A66: 06F1 | B66: TR1_AT | C66: Secc. 89-12 (06Q3 Contorno) - Alarme (43LR/Lo, FVCC Motor, FVCC CMD.) | D66: 6.18 | F66: BI.6.18 Sec 89 Contorno AT Alarmes | G66: TR1_06F1/Application/USER1/BI618 | H66: 1 Alarme | I66: Digital Simples | J66: 6F1/6F2 | K66: Consistido | L66: 626 | O66: =VLOOKUP(AB66,[1]ETerra_D!$A$1:$D$30000,4,0) -> #N/A
A67: 06F1 | B67: TR1_AT | C67: Secc. 89-12 (06Q3 Contorno) - Libera Manobra | E67: 4.11 | F67: BO.4.11 Sec 89 Contorno AT Intertravamento | G67: TR1_06F1/Application/USER2/BO411 | H67: 1 Liberada | I67: Digital Simples | J67: 6F1/6F2 | K67: Consistido | L67: 627 | M67: N2 | O67: =VLOOKUP(AB67,[1]ETerra_D!$A$1:$D$30000,4,0) -> #N/A
A68: Digitais Controle Módulo MT
A69: Disjuntor 52-10 (06Q4)
A70: 06F1 | B70: TR1_MT | C70: Disj. 52-10 (06Q4) - Desligado | D70: 6.22 | F70: VD.013 DJ 52 MT Desligado Consistido | G70: TR1_06F1/Application/USER3/VD013 | H70: 1 Desligado | I70: Digital Simples | J70: 6F1/6F2 | K70: Consistido | L70: 628 | O70: =VLOOKUP(AB70,[1]ETerra_D!$A$1:$D$30000,4,0) -> #N/A
A71: 06F1 | B71: TR1_MT | C71: Disj. 52-10 (06Q4) - Ligado | D71: 6.23 | F71: VD.014 DJ 52 MT Lgado Consistido | G71: TR1_06F1/Application/USER3/VD014 | H71: 1 Ligado | I71: Digital Simples | J71: 6F1/6F2 | K71: Consistido | L71: 629 | O71: =VLOOKUP(AB71,[1]ETerra_D!$A$1:$D$30000,4,0) -> #N/A
A72: 06F1 | B72: TR1_MT | C72: Disj. 52-10 (06Q4) - Indefinido | F72: VD.015 DJ 52 MT Indefinido | G72: TR1_06F1/Application/USER3/VD015 | H72: 1 Alarme | I72: Digital Simples | J72: 6F1/6F2 | K72: Consistido | L72: 630 | M72: N2
A73: 06F1 | B73: TR1_MT | C73: Disj. 52-10 (06Q4) - Mola Descarregada | D73: 6.24 | F73: VD.041 DJ 52 MT Mola Descarregada Temp. | G73: TR1_06F1/Application/USER3/VD041 | H73: 1 Alarme | I73: Digital Simples | J73: 6F1/6F2 | K73: Consistido | L73: 631 | O73: =VLOOKUP(AB73,[1]ETerra_D!$A$1:$D$30000,4,0) -> #N/A
A74: 06F1 | B74: TR1_MT | C74: Disj. 52-10 (06Q4) - Chave 43LR Pos. Local | D74: 6.25 | F74: BI.6.25 DJ 52 MT 43LR em Local | G74: TR1_06F1/Application/USER1/BI625 | H74: 1 Alarme | I74: Digital Simples | J74: 6F1/6F2 | K74: Consistido | L74: 632 | O74: =VLOOKUP(AB74,[1]ETerra_D!$A$1:$D$30000,4,0) -> #N/A
A75: 06F1 | B75: TR1_MT | C75: Disj. 52-10 (06Q4) - Chave 43LR Pos. Remoto | D75: 6.26 | F75: BI.6.26 DJ 52 MT 43LR em Remoto | G75: TR1_06F1/Application/USER1/BI626 | H75: 1 Normal | I75: Digital Simples | J75: 6F1/6F2 | K75: Consistido | L75: 633 | O75: =VLOOKUP(AB75,[1]ETerra_D!$A$1:$D$30000,4,0) -> #N/A
A76: 06F1 | B76: TR1_MT | C76: Disj. 52-10 (06Q4) - Falta VCC Motor | D76: 6.27 | F76: BI.6.27 DJ 52 MT Falta VCC Motor | G76: TR1_06F1/Application/USER1/BI627 | H76: 1 Alarme | I76: Digital Simples | J76: 6F1/6F2 | K76: Consistido | L76: 634 | O76: =VLOOKUP(AB76,[1]ETerra_D!$A$1:$D$30000,4,0) -> #N/A
A77: 06F1 | B77: TR1_MT | C77: Disj. 52-10 (06Q4) - Falta VCC Comando | D77: 6.28 | F77: BI.6.28 DJ 52 MT Falta VCC Comando | G77: TR1_06F1/Application/USER1/BI628 | H77: 1 Alarme | I77: Digital Simples | J77: 6F1/6F2 | K77: Consistido | L77: 635
A78: 06F1 | B78: TR1_MT | C78: Disj. 52-11 (11Q0) – Desligamento Local - Controle Permissivo | D78: 6.32 | F78: BI.6.32 DJ 52 MT Controle Permissivo | G78: TR1_06F1/Application/USER1/BI632 | H78: 1 Alarme | I78: Digital Simples | J78: 6F1/6F2 | K78: Consistido | L78: 636 | M78: N2
A79: 06F1 | B79: TR1_MT | C79: Disj. 52-10 (06Q4) – Supervisão Bobina de Ligar | D79: 6.31 | F79: VD.038 DJ 52 MT Falha Bob. Ligar | G79: TR1_06F1/Application/USER3/VD038 | H79: 1 Alarme | I79: Digital Simples | J79: 6F1/6F2 | K79: Consistido | L79: 637 | O79: =VLOOKUP(AB79,[1]ETerra_D!$A$1:$D$30000,4,0) -> #N/A
A80: 06F1 | B80: TR1_MT | C80: Disj. 52-10 (06Q4) - Supervisão Bobina Desligar 1 | D80: 6.30 | F80: VD.039 DJ 52 MT Falha Bob. Abert. 1 | G80: TR1_06F1/Application/USER3/VD039 | H80: 1 Alarme | I80: Digital Simples | J80: 6F1/6F2 | K80: Consistido | L80: 638
A81: 06F1 | B81: TR1_MT | C81: Disj. 52-10 (06Q4) - Supervisão Bobina Desligar 2 | D81: 6.29 | F81: VD.040 DJ 52 MT Falha Bob. Abert. 2 | G81: TR1_06F1/Application/USER3/VD040 | H81: 1 Alarme | I81: Digital Simples | J81: 6F1/6F2 | K81: Consistido | L81: 639 | O81: =VLOOKUP(AB81,[1]ETerra_D!$A$1:$D$30000,4,0) -> #N/A
A82: 06F1 | B82: TR1_MT | C82: Disj. 52-10 (06Q4) - Intertravamento | E82: 4.2 | F82: VD.130 DJ 52 MT Intertravamento | G82: TR1_06F1/Application/USER3/VD130 | H82: 1 Libera | I82: Digital Simples | J82: 6F1/6F2 | K82: Consistido | L82: 640 | M82: N2
A83: 06F1 | B83: TR1_MT | C83: Disj. 52-10 (06Q4) - Falha Comando de Desligar | F83: VD.037 DJ 52 MT Falha Comando de Desligar | G83: TR1_06F1/Application/USER3/VD037 | H83: 1 Falha | I83: Digital Simples | J83: 6F1/6F2 | K83: Consistido | L83: 641 | M83: N2
A84: 06F1 | B84: TR1_MT | C84: Disj. 52-10 (06Q4) - Falha Comando de Ligar | F84: VD.036 DJ 52 MT Falha Comando de Ligar | G84: TR1_06F1/Application/USER3/VD036 | H84: 1 Falha | I84: Digital Simples | J84: 6F1/6F2 | K84: Consistido | L84: 642 | M84: N2
A85: Seccionadora Contorno 89-104 (06Q7)
A86: 06F1 | B86: TR1_MT | C86: Secc. 89-104 (06Q7 Contorno) - Aberta | D86: 6.34 | F86: VD.016 Sec 89 Contorno MT Aberta Consistida | G86: TR1_06F1/Application/USER3/VD016 | H86: 1 Aberta | I86: Digital Simples | J86: 6F1/6F2 | K86: Consistido | L86: 643 | O86: =VLOOKUP(AB86,[1]ETerra_D!$A$1:$D$30000,4,0) -> #N/A
A87: 06F1 | B87: TR1_MT | C87: Secc. 89-104 (06Q7 Contorno) - Fechado | D87: 6.35 | F87: VD.017 Sec 89 Contorno MT Fechada Consist. | G87: TR1_06F1/Application/USER3/VD017 | H87: 1 Fechada | I87: Digital Simples | J87: 6F1/6F2 | K87: Consistido | L87: 644 | O87: =VLOOKUP(AB87,[1]ETerra_D!$A$1:$D$30000,4,0) -> #N/A
A88: 06F1 | B88: TR1_MT | C88: Secc. 89-104 (06Q7 Contorno) - Indefinida | F88: VD.018 Sec 89 Contorno MT Indefinida | G88: TR1_06F1/Application/USER3/VD018 | H88: 1 Alarme | I88: Digital Simples | J88: 6F1/6F2 | K88: Consistido | L88: 645 | M88: N2
A89: 06F1 | B89: TR1_MT | C89: Secc. 89-104 (06Q7 Contorno) - Alarme (43LR/Lo, FVCC Motor, FVCC CMD.) | D89: 6.36 | F89: BI.6.36 Sec 89 Contorno MT Alarmes | G89: TR1_06F1/Application/USER1/BI636 | H89: 1 Alarme | I89: Digital Simples | J89: 6F1/6F2 | K89: Consistido | L89: 646 | O89: =VLOOKUP(AB89,[1]ETerra_D!$A$1:$D$30000,4,0) -> #N/A
A90: 06F1 | B90: TR1_MT | C90: Secc. 89-104 (06Q7 Contorno) - Libera Manobra | E90: 4.14 | F90: BO.4.14 Sec 89 Contorno MT Intertravamento | G90: TR1_06F1/Application/USER2/BO414 | H90: 1 Liberada | I90: Digital Simples | J90: 6F1/6F2 | K90: Consistido | L90: 647 | M90: N2 | O90: =VLOOKUP(AB90,[1]ETerra_D!$A$1:$D$30000,4,0) -> #N/A
A91: Alarmes e Sinalizações
A92: Alarmes e Sinalizações IED
A93: 06F1 | B93: TR1 | C93: Chave 43TC Excluida | F93: VD.055 43TC Exluído | G93: TR1_06F1/Application/USER3/VD055 | H93: 1 Alarme | I93: Digital Simples | J93: 6F1/6F2 | K93: Consistido | L93: 648 | O93: =VLOOKUP(AB93,[1]ETerra_D!$A$1:$D$30000,4,0) -> #N/A
A94: 06F1 | B94: TR1_AT | C94: Módulo Normal (Disparo no 52 AT do TR) | F94: VD.045 Módulo AT - Normal | G94: TR1_06F1/Application/USER3/VD045 | H94: 1 Atuado | I94: Digital Simples | J94: 6F1/6F2 | K94: Consistido | L94: 649 | M94: N2
A95: 06F1 | B95: TR1_AT | C95: Módulo Intermediário (Disparo no 52 AT do TR e Disparo no 52 TRF-3) | F95: VD.047 Módulo AT - Intermediário | G95: TR1_06F1/Application/USER3/VD047 | H95: 1 Alarme | I95: Digital Simples | J95: 6F1/6F2 | K95: Consistido | L95: 650 | M95: N2
A96: 06F1 | B96: TR1_AT | C96: Módulo Transferido (Disparo no 52 do TRF-3) | F96: VD.046 Módulo AT - Transferido | G96: TR1_06F1/Application/USER3/VD046 | H96: 1 Alarme | I96: Digital Simples | J96: 6F1/6F2 | K96: Consistido | L96: 651
A97: 06F1 | B97: TR1_AT | C97: Transferência Incompleta AT | F97: VD.048 Módulo AT - Transferência Incompleta | G97: TR1_06F1/Application/USER3/VD048 | H97: 1 Alarme | I97: Digital Simples | J97: 6F1/6F2 | K97: Consistido | L97: 652
A98: 06F1 | B98: TR1_AT | C98: Operação Indevida Isoladoras (Módulo AT) | F98: VD.049 Módulo AT - Operação Indevida | G98: TR1_06F1/Application/USER3/VD049 | H98: 1 Ativo | I98: Digital Simples | J98: 6F1/6F2 | K98: Consistido | L98: 653
A99: 06F1 | B99: TR1_AT | C99: Alarme - Seccionadoras Isoladoras em interposição | F99: VD.050 Módulo AT - Secs. em Interposição | G99: TR1_06F1/Application/USER3/VD050 | H99: 1 Ativo | I99: Digital Simples | J99: 6F2 | K99: Consistido | L99: Somente a Nível 2 (WinCC) | O99: =VLOOKUP(AB99,[1]ETerra_D!$A$1:$D$30000,4,0) -> #N/A
A100: 06F1 | B100: TR1_MT | C100: Módulo Normal (Disparo no 52 MT do TR) | F100: VD.051 Módulo MT - Normal | G100: TR1_06F1/Application/USER3/VD051 | H100: 1 Atuado | I100: Digital Simples | J100: 6F1/6F2 | K100: Consistido | L100: 654 | M100: N2
...

Sheet TR1_A
A1: #VALUE! | C1: SUBESTAÇÃO RGE GRAVATAÍ 4 (SE_GTD) | K1: Consistido: Consistir IED Principal e Alternado (DNP em Vermelho) Direto: Aquisição direta do IED CMD. Direto: Comando Direct (Enviar para Principal e Alternado
C2: Lista de Pontos Supervisionados Transformador 1_Alternado
C3: Relé: Siemens 7UT85 Shorcode: P1F1096576 | G3: =Capa!G68 -> IP:10.39.13.16 | I3: Concentradora: SICAM PAS | O3: COS
C4: Protocolo: IEC 61850 Versão:2.1 FW: V9.8 FW Comm: V9.8 | I4: Protocolo: DNP3 IP:10.34.13.2 End:13
A5: IED | B5: Módulo | C5: Descrição do ponto | D5: Entrada BI.nária | E5: Saída BI.nária | F5: Variável | G5: Endereço Variável | H5: Variação: | I5: Tipo | J5: Origem | K5: Lógica | L5: Endereço DNP3 | M5: N2 | N5: N3 | O5: NIVEL3
A6: Analógicas
A7: Analógicas Módulo AT
A8: 06F2 | B8: TR1_AT | C8: Corrente Fase A | D8: 1IA | F8: Iph:A | G8: TR1_06F2/PTS1_OperationalValues/RPRE_MMXU1/A/phsA | I8: Analógico | J8: 6F1/6F2 | K8: Consistido | L8: * | O8: =VLOOKUP(AB8,[1]ETerra_A!$A$1:$D$30000,3,0) -> #N/A
A9: 06F2 | B9: TR1_AT | C9: Corrente Fase B | D9: 1IB | F9: Iph:B | G9: TR1_06F2/PTS1_OperationalValues/RPRE_MMXU1/A/phsB | I9: Analógico | J9: 6F1/6F2 | K9: Consistido | L9: * | O9: =VLOOKUP(AB9,[1]ETerra_A!$A$1:$D$30000,3,0) -> #N/A
A10: 06F2 | B10: TR1_AT | C10: Corrente Fase C | D10: 1IC | F10: Iph:C | G10: TR1_06F2/PTS1_OperationalValues/RPRE_MMXU1/A/phsC | I10: Analógico | J10: 6F1/6F2 | K10: Consistido | L10: * | O10: =VLOOKUP(AB10,[1]ETerra_A!$A$1:$D$30000,3,0) -> #N/A
A11: Analógicas Módulo MT
A12: 06F2 | B12: TR1_MT | C12: Corrente Fase A | D12: 1IA | F12: Iph:A | G12: TR1_06F2/PTS2_OperationalValues/RPRE_MMXU1/A/phsA | I12: Analógico | J12: 6F1/6F2 | K12: Consistido | L12: * | O12: =VLOOKUP(AB12,[1]ETerra_A!$A$1:$D$30000,3,0) -> #N/A
A13: 06F2 | B13: TR1_MT | C13: Corrente Fase B | D13: 1IB | F13: Iph:B | G13: TR1_06F2/PTS2_OperationalValues/RPRE_MMXU1/A/phsB | I13: Analógico | J13: 6F1/6F2 | K13: Consistido | L13: * | O13: =VLOOKUP(AB13,[1]ETerra_A!$A$1:$D$30000,3,0) -> #N/A
A14: 06F2 | B14: TR1_MT | C14: Corrente Fase C | D14: 1IC | F14: Iph:C | G14: TR1_06F2/PTS2_OperationalValues/RPRE_MMXU1/A/phsC | I14: Analógico | J14: 6F1/6F2 | K14: Consistido | L14: * | O14: =VLOOKUP(AB14,[1]ETerra_A!$A$1:$D$30000,3,0) -> #N/A
A15: 06F2 | B15: P1_23kV | C15: Tensão Barra P1 Fases AB | D15: 1V1 | F15: Vpp:AB | G15: TR1_06F2/PTS2_OperationalValues/RPRE_MMXU1/PPV/phsAB | I15: Analógico | J15: 6F2 | K15: Direto | L15: 611
A16: 06F2 | B16: P1_23kV | C16: Tensão Barra P1 Fases BC | D16: 1V2 | F16: Vpp:BC | G16: TR1_06F2/PTS2_OperationalValues/RPRE_MMXU1/PPV/phsBC | I16: Analógico | J16: 6F2 | K16: Direto | L16: 612
A17: 06F2 | B17: P1_23kV | C17: Tensão Barra P1 Fases CA | D17: 1V3 | F17: Vpp:CA | G17: TR1_06F2/PTS2_OperationalValues/RPRE_MMXU1/PPV/phsCA | I17: Analógico | J17: 6F2 | K17: Direto | L17: 613
A18: 06F2 | B18: TR1_MT | C18: Potência Ativa | F18: P tot | G18: TR1_06F2/PTS2_OperationalValues/PPRE_MMXU1/TotW | I18: Analógico | J18: 6F2 | K18: Direto | L18: 614
A19: 06F2 | B19: TR1_MT | C19: Potência Reativa | F19: Q tot | G19: TR1_06F2/PTS2_OperationalValues/PPRE_MMXU1/TotVAr | I19: Analógico | J19: 6F2 | K19: Direto | L19: 615
A20: 06F2 | B20: TR1_MT | C20: Frequencia | F20: f | G20: TR1_06F2/PTS2_OperationalValues/PPRE_MMXU1/Hz | I20: Analógico | J20: 6F2 | K20: Direto | L20: 616
A21: Comandos
A22: Comandos Módulos AT
A23: 06F2 | B23: TR1_AT | C23: Disj. 52-2 (06Q0) - Desligar / Ligar | E23: 1.3/1.1 | F23: Comando 52 AT | G23: TR1_06F2/CB1/CSWI1/Pos | H23: ON: Ligar / OFF: Desligar | I23: Comando D | J23: 6F1/6F2 | K23: Cmd Direto | L23: * | O23: =VLOOKUP(AB23,[1]ETerra_C!$A$1:$D$30000,2,0) -> #N/A
A24: 06F2 | B24: TR1_AT | C24: Secc. 89-8 (06Q1 Barra) - Abrir / Fechar | E24: 4.6/4.7 | F24: Comando 89 Barra AT | G24: TR1_06F2/Dc1/CSWI1/Pos | H24: ON: Fechar / OFF: Abrir | I24: Comando D | J24: 6F1/6F2 | K24: Cmd Direto | L24: * | O24: =VLOOKUP(AB24,[1]ETerra_C!$A$1:$D$30000,2,0) -> #N/A
A25: 06F2 | B25: TR1_AT | C25: Secc. 89-10 (06Q2 TR) - Abrir / Fechar | E25: 4.9/4.10 | F25: Comando 89 TR AT | G25: TR1_06F2/Dc2/CSWI1/Pos | H25: ON: Fechar / OFF: Abrir | I25: Comando D | J25: 6F1/6F2 | K25: Cmd Direto | L25: * | O25: =VLOOKUP(AB25,[1]ETerra_C!$A$1:$D$30000,2,0) -> #N/A
A26: 06F2 | B26: TR1_AT | C26: Secc. 89-12 (06Q3 Contorno) - Abrir / Fechar | E26: 4.12/4.13 | F26: Comando 89 Contorno AT | G26: TR1_06F2/Dc3/CSWI1/Pos | H26: ON: Fechar / OFF: Abrir | I26: Comando D | J26: 6F1/6F2 | K26: Cmd Direto | L26: *
A27: Comandos Módulos MT
A28: 06F2 | B28: TR1_AT | C28: Disj. 52-10 (06Q4) - Desligar / Ligar | E28: 4.3/4.1 | F28: Comando 52 MT | G28: TR1_06F2/CB2/CSWI1/Pos | H28: ON: Ligar / OFF: Desligar | I28: Comando D | J28: 6F1/6F2 | K28: Cmd Direto | L28: * | O28: =VLOOKUP(AB28,[1]ETerra_C!$A$1:$D$30000,2,0) -> #N/A
A29: 06F2 | B29: TR1_AT | C29: Secc. 89-104 (06Q7 Contorno) - Abrir / Fechar | F29: Comando 89 Contorno MT | G29: TR1_06F2/Dc4/CSWI1/Pos | H29: ON: Fechar / OFF: Abrir | I29: Comando D | J29: 6F1/6F2 | K29: Cmd Direto | L29: * | O29: =VLOOKUP(AB29,[1]ETerra_C!$A$1:$D$30000,2,0) -> #N/A
A30: 06F2 | B30: TR1_MT | C30: Proteção Frequencia (81U) - Excluir / Incluir | F30: CMD RMT.003 Bloqueio 81 | G30: TR1_06F2/Application/USER7/CMD003 | H30: ON: Incluí / OFF: Excluí | I30: Comando S | J30: 06F2 | K30: Cmd Direto | L30: 608
A31: 06F2 | B31: TR1_MT | C31: Proteção de SubFrequencia Estágio 1 (81-U1) Habilitar/Desabilitar | F31: CMD RMT.004 Habilitada 81U-1 | G31: TR1_06F2/Application/USER7/CMD004 | H31: ON: Incluí / OFF: Excluí | I31: Comando S | J31: 06F2 | K31: Cmd Direto | L31: 609
A32: 06F2 | B32: TR1_MT | C32: Proteção de SubFrequencia Estágio 2 (81-U2) Habilitar/Desabilitar | F32: CMD RMT.005 Habilitada 81U-2 | G32: TR1_06F2/Application/USER7/CMD005 | H32: ON: Incluí / OFF: Excluí | I32: Comando S | J32: 06F2 | K32: Cmd Direto | L32: 610
A33: 06F2 | B33: TR1_MT | C33: Proteção de SubFrequencia Estágio 3 (81-U3) Habilitar/Desabilitar | F33: CMD RMT.006 Habilitada 81U-3 | G33: TR1_06F2/Application/USER7/CMD006 | H33: ON: Incluí / OFF: Excluí | I33: Comando S | J33: 06F2 | K33: Cmd Direto | L33: 611
A34: 06F2 | B34: TR1_MT | C34: Proteção de SubFrequencia Estágio 4 (81-U4) Habilitar/Desabilitar | F34: CMD RMT.007 Habilitada 81U-4 | G34: TR1_06F2/Application/USER7/CMD007 | H34: ON: Incluí / OFF: Excluí | I34: Comando S | J34: 06F2 | K34: Cmd Direto | L34: 612
A35: 06F2 | B35: TR1_MT | C35: Proteção de SubFrequencia Estágio 5 (81-U5) Habilitar/Desabilitar | F35: CMD RMT.008 Habilitada 81U-5 | G35: TR1_06F2/Application/USER7/CMD008 | H35: ON: Incluí / OFF: Excluí | I35: Comando S | J35: 06F2 | K35: Cmd Direto | L35: 613
A36: Comandos Módulos TR
A37: 06F2 | B37: TR1 | C37: Grupo de Ajustes 2 - Excluir / Incluir | F37: CMD RMT.001 Troca de Grupo | G37: TR1_06F2/Application/USER7/CMD001 | H37: ON: Incluí / OFF: Excluí | I37: Comando D | J37: 6F1/6F2 | K37: Cmd Direto | L37: * | O37: =VLOOKUP(AB37,[1]ETerra_C!$A$1:$D$30000,2,0) -> #N/A
A38: 06F2 | B38: TR1 | C38: Diferencial (87) - Bloqueio / Desbloqueio | F38: CMD RMT.002 Bloqueio 87 | G38: TR1_06F2/Application/USER7/CMD002 | H38: ON: Incluí / OFF: Excluí | I38: Comando S | J38: 6F1/6F2 | K38: Cmd Direto | L38: 614 | O38: =VLOOKUP(AB38,[1]ETerra_C!$A$1:$D$30000,2,0) -> #N/A
A39: 06F2 | B39: TR1 | C39: Reserva para Aplicação Futura RGE | F39: CMD RMT.009 Reserva | G39: TR1_06F2/Application/USER7/CMD009 | H39: ON: Incluí / OFF: Excluí | I39: Comando D | J39: 6F1/6F2 | K39: Cmd Direto | L39: *
A40: 06F2 | B40: TR1 | C40: Reserva para Aplicação Futura RGE | F40: CMD RMT.010 Reserva | G40: TR1_06F2/Application/USER7/CMD010 | H40: ON: Incluí / OFF: Excluí | I40: Comando D | J40: 6F1/6F2 | K40: Cmd Direto | L40: *
