Workbook

Sheet Informações
B2: Nome SE | C2: IMIGRANTE
B3: Sigla SE | C3: IMA
B4: Tipo | C4: UTR
B5: Protocolo | C5: DNP3
B6: AOR | C6: =C3 -> IMA
B7: Mnemônico RTU | C7: =_xlfn.TEXTJOIN("_",FALSE,C4,C3,"1") -> UTR_IMA_1
B8: Fabricante da UTR | C8: SIEMENS_SICAM
B9: Adress Source | C9: X
B10: Adress Destination | C10: X
B11: IP Canal Principal | C11: 10.34.16.2 | D11: Porta TCP | E11: 20000
B12: IP Canal Starlink (8) | C12: 10.68.22.2 | D12: Porta TCP | E12: 20000
B13: IP Canal Starlink (9) | D13: Porta TCP | E13: XXXX
B15: Analógicos | C15: Como padrão, analógicos devem ser configurados como float. Caso não seja possível, deve ser utilizada escala conforme coluna L presente nas abas da lista de ponto ou informada qual escala deverá ser configurada.
B16: Estampa de tempo | C16: A estampa de tempo deve ser enviada em todos os pontos digitais
B17: Modo de Comando | C17: Como padrão, o modo de comando deve ser configurado como Direto. Caso haja alguma divergência, deve ser sinalizado.
B19: OBSERVAÇÃO
C26: PONTOS ADICIONADOS
C27: PONTOS ALTERADOS
C28: PONTOS EXCLUIDOS
C29: INDEX SUBISTITUIDOS - CORREÇÃO DOS ESTADOS DOS EQUIPAMENTOS (CONSISTIDOS)

Sheet LT 1 (FUTURO)
A1: MÓDULO - LINHA DE TRANSMISSÃO - LT 69KV (FUTURO) - 01F1/01F2
A2: EQUIPAMENTO | B2: NÚMERO OPERATIVO / MNEMNICO
A3: MÓDULO | B3: 1
A4: DJ | B4: 52-1
A5: SECC | B5: 89-4
A6: SECF | B6: 89-2
A7: SECT | B7: 89-6
A8: SECG | B8: 29-1
A10: Utilizado? | B10: SUBESTAÇÃO | C10: MÓDULO | D10: EQUIPAMENTO | E10: TIPO | F10: DESCRIÇÃO DO PONTO | G10: SIGLA SINAL | H10: NOME | I10: Tipo | J10: Nível Lógico 0 | K10: Nível Lógico 1 | L10: Escala | M10: Control Code / Qualificador | N10: INDEX DNP3
A11: NÃO | B11: =Informações!$C$3 -> IMA | C11: LT | D11: TC | E11: A | F11: =VLOOKUP(G11,[1]Analog!$A:$B,2,FALSE) -> CORRENTE FASE A | G11: IA | H11: {=_xlfn.IFS(OR(D11="TC",D11="TP",D11="LT"),CONCATENATE(B11,"_",C11,$B$3,"_",C11,$B$3,"_",G11),D11="SECC",CONCATENATE(B11,"_",C11,$B$3,"_",$B$5,"_",G11),D11="SECF",CONCATENATE(B11,"_",C11,$B$3,"_",$B$6,"_",G11),D11="SECT",CONCATENATE(B11,"_",C11,$B$3,"_",$B$7,"_",G11),D11="SECG",CONCATENATE(B11,"_",C11,$B$3,"_",$B$8,"_",G11),D11="DJ",CONCATENATE(B11,"_",C11,$B$3,"_",$B$4,"_",G11),D11="DJ_P",CONCATENATE(B11,"_",C11,$B$3,"_",$B$4,"_P","_",G11),D11="DJ_A",CONCATENATE(B11,"_",C11,$B$3,"_",$B$4,"_A","_",G11),D11="LT_P",CONCATENATE(B11,"_",C11,$B$3,"_",C11,$B$3,"_P","_",G11),D11="LT_A",CONCATENATE(B11,"_",C11,$B$3,"_",C11,$B$3,"_A","_",G11))} -> IMA_LT1_LT1_IA | I11: Ponto Simples | J11: - | K11: - | L11: 1 | M11: -
A12: NÃO | B12: =Informações!$C$3 -> IMA | C12: LT | D12: TC | E12: A | F12: =VLOOKUP(G12,[1]Analog!$A:$B,2,FALSE) -> CORRENTE FASE B | G12: IB | H12: {=_xlfn.IFS(OR(D12="TC",D12="TP",D12="LT"),CONCATENATE(B12,"_",C12,$B$3,"_",C12,$B$3,"_",G12),D12="SECC",CONCATENATE(B12,"_",C12,$B$3,"_",$B$5,"_",G12),D12="SECF",CONCATENATE(B12,"_",C12,$B$3,"_",$B$6,"_",G12),D12="SECT",CONCATENATE(B12,"_",C12,$B$3,"_",$B$7,"_",G12),D12="SECG",CONCATENATE(B12,"_",C12,$B$3,"_",$B$8,"_",G12),D12="DJ",CONCATENATE(B12,"_",C12,$B$3,"_",$B$4,"_",G12),D12="DJ_P",CONCATENATE(B12,"_",C12,$B$3,"_",$B$4,"_P","_",G12),D12="DJ_A",CONCATENATE(B12,"_",C12,$B$3,"_",$B$4,"_A","_",G12),D12="LT_P",CONCATENATE(B12,"_",C12,$B$3,"_",C12,$B$3,"_P","_",G12),D12="LT_A",CONCATENATE(B12,"_",C12,$B$3,"_",C12,$B$3,"_A","_",G12))} -> IMA_LT1_LT1_IB | I12: Ponto Simples | J12: - | K12: - | L12: 1 | M12: -
A13: NÃO | B13: =Informações!$C$3 -> IMA | C13: LT | D13: TC | E13: A | F13: =VLOOKUP(G13,[1]Analog!$A:$B,2,FALSE) -> CORRENTE FASE C | G13: IC | H13: {=_xlfn.IFS(OR(D13="TC",D13="TP",D13="LT"),CONCATENATE(B13,"_",C13,$B$3,"_",C13,$B$3,"_",G13),D13="SECC",CONCATENATE(B13,"_",C13,$B$3,"_",$B$5,"_",G13),D13="SECF",CONCATENATE(B13,"_",C13,$B$3,"_",$B$6,"_",G13),D13="SECT",CONCATENATE(B13,"_",C13,$B$3,"_",$B$7,"_",G13),D13="SECG",CONCATENATE(B13,"_",C13,$B$3,"_",$B$8,"_",G13),D13="DJ",CONCATENATE(B13,"_",C13,$B$3,"_",$B$4,"_",G13),D13="DJ_P",CONCATENATE(B13,"_",C13,$B$3,"_",$B$4,"_P","_",G13),D13="DJ_A",CONCATENATE(B13,"_",C13,$B$3,"_",$B$4,"_A","_",G13),D13="LT_P",CONCATENATE(B13,"_",C13,$B$3,"_",C13,$B$3,"_P","_",G13),D13="LT_A",CONCATENATE(B13,"_",C13,$B$3,"_",C13,$B$3,"_A","_",G13))} -> IMA_LT1_LT1_IC | I13: Ponto Simples | J13: - | K13: - | L13: 1 | M13: -
A14: NÃO | B14: =Informações!$C$3 -> IMA | C14: LT | D14: TP | E14: A | F14: =VLOOKUP(G14,[1]Analog!$A:$B,2,FALSE) -> TENSAO BARRA FASE A | G14: VA_B | H14: {=_xlfn.IFS(OR(D14="TC",D14="TP",D14="LT"),CONCATENATE(B14,"_",C14,$B$3,"_",C14,$B$3,"_",G14),D14="SECC",CONCATENATE(B14,"_",C14,$B$3,"_",$B$5,"_",G14),D14="SECF",CONCATENATE(B14,"_",C14,$B$3,"_",$B$6,"_",G14),D14="SECT",CONCATENATE(B14,"_",C14,$B$3,"_",$B$7,"_",G14),D14="SECG",CONCATENATE(B14,"_",C14,$B$3,"_",$B$8,"_",G14),D14="DJ",CONCATENATE(B14,"_",C14,$B$3,"_",$B$4,"_",G14),D14="DJ_P",CONCATENATE(B14,"_",C14,$B$3,"_",$B$4,"_P","_",G14),D14="DJ_A",CONCATENATE(B14,"_",C14,$B$3,"_",$B$4,"_A","_",G14),D14="LT_P",CONCATENATE(B14,"_",C14,$B$3,"_",C14,$B$3,"_P","_",G14),D14="LT_A",CONCATENATE(B14,"_",C14,$B$3,"_",C14,$B$3,"_A","_",G14))} -> IMA_LT1_LT1_VA_B | I14: Ponto Simples | J14: - | K14: - | L14: 0.01 | M14: -
A15: NÃO | B15: =Informações!$C$3 -> IMA | C15: LT | D15: TP | E15: A | F15: =VLOOKUP(G15,[1]Analog!$A:$B,2,FALSE) -> TENSAO BARRA FASE B | G15: VB_B | H15: {=_xlfn.IFS(OR(D15="TC",D15="TP",D15="LT"),CONCATENATE(B15,"_",C15,$B$3,"_",C15,$B$3,"_",G15),D15="SECC",CONCATENATE(B15,"_",C15,$B$3,"_",$B$5,"_",G15),D15="SECF",CONCATENATE(B15,"_",C15,$B$3,"_",$B$6,"_",G15),D15="SECT",CONCATENATE(B15,"_",C15,$B$3,"_",$B$7,"_",G15),D15="SECG",CONCATENATE(B15,"_",C15,$B$3,"_",$B$8,"_",G15),D15="DJ",CONCATENATE(B15,"_",C15,$B$3,"_",$B$4,"_",G15),D15="DJ_P",CONCATENATE(B15,"_",C15,$B$3,"_",$B$4,"_P","_",G15),D15="DJ_A",CONCATENATE(B15,"_",C15,$B$3,"_",$B$4,"_A","_",G15),D15="LT_P",CONCATENATE(B15,"_",C15,$B$3,"_",C15,$B$3,"_P","_",G15),D15="LT_A",CONCATENATE(B15,"_",C15,$B$3,"_",C15,$B$3,"_A","_",G15))} -> IMA_LT1_LT1_VB_B | I15: Ponto Simples | J15: - | K15: - | L15: 0.01 | M15: -
A16: NÃO | B16: =Informações!$C$3 -> IMA | C16: LT | D16: TP | E16: A | F16: =VLOOKUP(G16,[1]Analog!$A:$B,2,FALSE) -> TENSAO BARRA FASE C | G16: VC_B | H16: {=_xlfn.IFS(OR(D16="TC",D16="TP",D16="LT"),CONCATENATE(B16,"_",C16,$B$3,"_",C16,$B$3,"_",G16),D16="SECC",CONCATENATE(B16,"_",C16,$B$3,"_",$B$5,"_",G16),D16="SECF",CONCATENATE(B16,"_",C16,$B$3,"_",$B$6,"_",G16),D16="SECT",CONCATENATE(B16,"_",C16,$B$3,"_",$B$7,"_",G16),D16="SECG",CONCATENATE(B16,"_",C16,$B$3,"_",$B$8,"_",G16),D16="DJ",CONCATENATE(B16,"_",C16,$B$3,"_",$B$4,"_",G16),D16="DJ_P",CONCATENATE(B16,"_",C16,$B$3,"_",$B$4,"_P","_",G16),D16="DJ_A",CONCATENATE(B16,"_",C16,$B$3,"_",$B$4,"_A","_",G16),D16="LT_P",CONCATENATE(B16,"_",C16,$B$3,"_",C16,$B$3,"_P","_",G16),D16="LT_A",CONCATENATE(B16,"_",C16,$B$3,"_",C16,$B$3,"_A","_",G16))} -> IMA_LT1_LT1_VC_B | I16: Ponto Simples | J16: - | K16: - | L16: 0.01 | M16: -
A17: NÃO | B17: =Informações!$C$3 -> IMA | C17: LT | D17: TP | E17: A | F17: =VLOOKUP(G17,[1]Analog!$A:$B,2,FALSE) -> TENSAO LINHA FASE A | G17: VA_L | H17: {=_xlfn.IFS(OR(D17="TC",D17="TP",D17="LT"),CONCATENATE(B17,"_",C17,$B$3,"_",C17,$B$3,"_",G17),D17="SECC",CONCATENATE(B17,"_",C17,$B$3,"_",$B$5,"_",G17),D17="SECF",CONCATENATE(B17,"_",C17,$B$3,"_",$B$6,"_",G17),D17="SECT",CONCATENATE(B17,"_",C17,$B$3,"_",$B$7,"_",G17),D17="SECG",CONCATENATE(B17,"_",C17,$B$3,"_",$B$8,"_",G17),D17="DJ",CONCATENATE(B17,"_",C17,$B$3,"_",$B$4,"_",G17),D17="DJ_P",CONCATENATE(B17,"_",C17,$B$3,"_",$B$4,"_P","_",G17),D17="DJ_A",CONCATENATE(B17,"_",C17,$B$3,"_",$B$4,"_A","_",G17),D17="LT_P",CONCATENATE(B17,"_",C17,$B$3,"_",C17,$B$3,"_P","_",G17),D17="LT_A",CONCATENATE(B17,"_",C17,$B$3,"_",C17,$B$3,"_A","_",G17))} -> IMA_LT1_LT1_VA_L | I17: Ponto Simples | J17: - | K17: - | L17: 0.01 | M17: -
A18: NÃO | B18: =Informações!$C$3 -> IMA | C18: LT | D18: TP | E18: A | F18: =VLOOKUP(G18,[1]Analog!$A:$B,2,FALSE) -> TENSAO LINHA FASE B | G18: VB_L | H18: {=_xlfn.IFS(OR(D18="TC",D18="TP",D18="LT"),CONCATENATE(B18,"_",C18,$B$3,"_",C18,$B$3,"_",G18),D18="SECC",CONCATENATE(B18,"_",C18,$B$3,"_",$B$5,"_",G18),D18="SECF",CONCATENATE(B18,"_",C18,$B$3,"_",$B$6,"_",G18),D18="SECT",CONCATENATE(B18,"_",C18,$B$3,"_",$B$7,"_",G18),D18="SECG",CONCATENATE(B18,"_",C18,$B$3,"_",$B$8,"_",G18),D18="DJ",CONCATENATE(B18,"_",C18,$B$3,"_",$B$4,"_",G18),D18="DJ_P",CONCATENATE(B18,"_",C18,$B$3,"_",$B$4,"_P","_",G18),D18="DJ_A",CONCATENATE(B18,"_",C18,$B$3,"_",$B$4,"_A","_",G18),D18="LT_P",CONCATENATE(B18,"_",C18,$B$3,"_",C18,$B$3,"_P","_",G18),D18="LT_A",CONCATENATE(B18,"_",C18,$B$3,"_",C18,$B$3,"_A","_",G18))} -> IMA_LT1_LT1_VB_L | I18: Ponto Simples | J18: - | K18: - | L18: 0.01 | M18: -
A19: NÃO | B19: =Informações!$C$3 -> IMA | C19: LT | D19: TP | E19: A | F19: =VLOOKUP(G19,[1]Analog!$A:$B,2,FALSE) -> TENSAO LINHA FASE C | G19: VC_L | H19: {=_xlfn.IFS(OR(D19="TC",D19="TP",D19="LT"),CONCATENATE(B19,"_",C19,$B$3,"_",C19,$B$3,"_",G19),D19="SECC",CONCATENATE(B19,"_",C19,$B$3,"_",$B$5,"_",G19),D19="SECF",CONCATENATE(B19,"_",C19,$B$3,"_",$B$6,"_",G19),D19="SECT",CONCATENATE(B19,"_",C19,$B$3,"_",$B$7,"_",G19),D19="SECG",CONCATENATE(B19,"_",C19,$B$3,"_",$B$8,"_",G19),D19="DJ",CONCATENATE(B19,"_",C19,$B$3,"_",$B$4,"_",G19),D19="DJ_P",CONCATENATE(B19,"_",C19,$B$3,"_",$B$4,"_P","_",G19),D19="DJ_A",CONCATENATE(B19,"_",C19,$B$3,"_",$B$4,"_A","_",G19),D19="LT_P",CONCATENATE(B19,"_",C19,$B$3,"_",C19,$B$3,"_P","_",G19),D19="LT_A",CONCATENATE(B19,"_",C19,$B$3,"_",C19,$B$3,"_A","_",G19))} -> IMA_LT1_LT1_VC_L | I19: Ponto Simples | J19: - | K19: - | L19: 0.01 | M19: -
A20: NÃO | B20: =Informações!$C$3 -> IMA | C20: LT | D20: TC | E20: A | F20: =VLOOKUP(G20,[1]Analog!$A:$B,2,FALSE) -> POTENCIA ATIVA | G20: P | H20: {=_xlfn.IFS(OR(D20="TC",D20="TP",D20="LT"),CONCATENATE(B20,"_",C20,$B$3,"_",C20,$B$3,"_",G20),D20="SECC",CONCATENATE(B20,"_",C20,$B$3,"_",$B$5,"_",G20),D20="SECF",CONCATENATE(B20,"_",C20,$B$3,"_",$B$6,"_",G20),D20="SECT",CONCATENATE(B20,"_",C20,$B$3,"_",$B$7,"_",G20),D20="SECG",CONCATENATE(B20,"_",C20,$B$3,"_",$B$8,"_",G20),D20="DJ",CONCATENATE(B20,"_",C20,$B$3,"_",$B$4,"_",G20),D20="DJ_P",CONCATENATE(B20,"_",C20,$B$3,"_",$B$4,"_P","_",G20),D20="DJ_A",CONCATENATE(B20,"_",C20,$B$3,"_",$B$4,"_A","_",G20),D20="LT_P",CONCATENATE(B20,"_",C20,$B$3,"_",C20,$B$3,"_P","_",G20),D20="LT_A",CONCATENATE(B20,"_",C20,$B$3,"_",C20,$B$3,"_A","_",G20))} -> IMA_LT1_LT1_P | I20: Ponto Simples | J20: - | K20: - | L20: 10 | M20: -
A21: NÃO | B21: =Informações!$C$3 -> IMA | C21: LT | D21: TC | E21: A | F21: =VLOOKUP(G21,[1]Analog!$A:$B,2,FALSE) -> POTENCIA REATIVA | G21: Q | H21: {=_xlfn.IFS(OR(D21="TC",D21="TP",D21="LT"),CONCATENATE(B21,"_",C21,$B$3,"_",C21,$B$3,"_",G21),D21="SECC",CONCATENATE(B21,"_",C21,$B$3,"_",$B$5,"_",G21),D21="SECF",CONCATENATE(B21,"_",C21,$B$3,"_",$B$6,"_",G21),D21="SECT",CONCATENATE(B21,"_",C21,$B$3,"_",$B$7,"_",G21),D21="SECG",CONCATENATE(B21,"_",C21,$B$3,"_",$B$8,"_",G21),D21="DJ",CONCATENATE(B21,"_",C21,$B$3,"_",$B$4,"_",G21),D21="DJ_P",CONCATENATE(B21,"_",C21,$B$3,"_",$B$4,"_P","_",G21),D21="DJ_A",CONCATENATE(B21,"_",C21,$B$3,"_",$B$4,"_A","_",G21),D21="LT_P",CONCATENATE(B21,"_",C21,$B$3,"_",C21,$B$3,"_P","_",G21),D21="LT_A",CONCATENATE(B21,"_",C21,$B$3,"_",C21,$B$3,"_A","_",G21))} -> IMA_LT1_LT1_Q | I21: Ponto Simples | J21: - | K21: - | L21: 10 | M21: -
A22: NÃO | B22: =Informações!$C$3 -> IMA | C22: LT | D22: LT | E22: A | F22: =VLOOKUP(G22,[1]Analog!$A:$B,2,FALSE) -> DISTANCIA DEFEITO | G22: KMDF | H22: {=_xlfn.IFS(OR(D22="TC",D22="TP",D22="LT"),CONCATENATE(B22,"_",C22,$B$3,"_",C22,$B$3,"_",G22),D22="SECC",CONCATENATE(B22,"_",C22,$B$3,"_",$B$5,"_",G22),D22="SECF",CONCATENATE(B22,"_",C22,$B$3,"_",$B$6,"_",G22),D22="SECT",CONCATENATE(B22,"_",C22,$B$3,"_",$B$7,"_",G22),D22="SECG",CONCATENATE(B22,"_",C22,$B$3,"_",$B$8,"_",G22),D22="DJ",CONCATENATE(B22,"_",C22,$B$3,"_",$B$4,"_",G22),D22="DJ_P",CONCATENATE(B22,"_",C22,$B$3,"_",$B$4,"_P","_",G22),D22="DJ_A",CONCATENATE(B22,"_",C22,$B$3,"_",$B$4,"_A","_",G22),D22="LT_P",CONCATENATE(B22,"_",C22,$B$3,"_",C22,$B$3,"_P","_",G22),D22="LT_A",CONCATENATE(B22,"_",C22,$B$3,"_",C22,$B$3,"_A","_",G22))} -> IMA_LT1_LT1_KMDF | I22: Ponto Simples | J22: - | K22: - | L22: 0.01 | M22: -
... A25: NÃO | B25: =Informações!$C$3 -> IMA | C25: LT | D25: TC | E25: A | F25: =VLOOKUP(G25,[1]Analog!$A:$B,2,FALSE) -> CORRENTE CURTO CIRCUITO FASE C | G25: ICCC | H25: {=_xlfn.IFS(OR(D25="TC",D25="TP",D25="LT"),CONCATENATE(B25,"_",C25,$B$3,"_",C25,$B$3,"_",G25),D25="SECC",CONCATENATE(B25,"_",C25,$B$3,"_",$B$5,"_",G25),D25="SECF",CONCATENATE(B25,"_",C25,$B$3,"_",$B$6,"_",G25),D25="SECT",CONCATENATE(B25,"_",C25,$B$3,"_",$B$7,"_",G25),D25="SECG",CONCATENATE(B25,"_",C25,$B$3,"_",$B$8,"_",G25),D25="DJ",CONCATENATE(B25,"_",C25,$B$3,"_",$B$4,"_",G25),D25="DJ_P",CONCATENATE(B25,"_",C25,$B$3,"_",$B$4,"_P","_",G25),D25="DJ_A",CONCATENATE(B25,"_",C25,$B$3,"_",$B$4,"_A","_",G25),D25="LT_P",CONCATENATE(B25,"_",C25,$B$3,"_",C25,$B$3,"_P","_",G25),D25="LT_A",CONCATENATE(B25,"_",C25,$B$3,"_",C25,$B$3,"_A","_",G25))} -> IMA_LT1_LT1_ICCC | I25: Ponto Simples | J25: - | K25: - | L25: 1 | M25: -
A26: NÃO | B26: =Informações!$C$3 -> IMA | C26: LT | D26: SECC | E26: C | F26: =VLOOKUP(G26,[1]Discrete!$A:$B,2,FALSE) -> SECCIONADORA CARGA | G26: SECC | H26: {=_xlfn.IFS(OR(D26="TC",D26="TP",D26="LT"),CONCATENATE(B26,"_",C26,$B$3,"_",C26,$B$3,"_",G26),D26="SECC",CONCATENATE(B26,"_",C26,$B$3,"_",$B$5,"_",G26),D26="SECF",CONCATENATE(B26,"_",C26,$B$3,"_",$B$6,"_",G26),D26="SECT",CONCATENATE(B26,"_",C26,$B$3,"_",$B$7,"_",G26),D26="SECG",CONCATENATE(B26,"_",C26,$B$3,"_",$B$8,"_",G26),D26="DJ",CONCATENATE(B26,"_",C26,$B$3,"_",$B$4,"_",G26),D26="DJ_P",CONCATENATE(B26,"_",C26,$B$3,"_",$B$4,"_P","_",G26),D26="DJ_A",CONCATENATE(B26,"_",C26,$B$3,"_",$B$4,"_A","_",G26),D26="LT_P",CONCATENATE(B26,"_",C26,$B$3,"_",C26,$B$3,"_P","_",G26),D26="LT_A",CONCATENATE(B26,"_",C26,$B$3,"_",C26,$B$3,"_A","_",G26))} -> IMA_LT1_89-4_SECC | I26: - | J26: - | K26: - | L26: - | M26: 0 - Trip/Pulse-On // 1 - Close/Pulse-On
A27: NÃO | B27: =Informações!$C$3 -> IMA | C27: LT | D27: SECF | E27: C | F27: =VLOOKUP(G27,[1]Discrete!$A:$B,2,FALSE) -> SECCIONADORA FONTE | G27: SECF | H27: {=_xlfn.IFS(OR(D27="TC",D27="TP",D27="LT"),CONCATENATE(B27,"_",C27,$B$3,"_",C27,$B$3,"_",G27),D27="SECC",CONCATENATE(B27,"_",C27,$B$3,"_",$B$5,"_",G27),D27="SECF",CONCATENATE(B27,"_",C27,$B$3,"_",$B$6,"_",G27),D27="SECT",CONCATENATE(B27,"_",C27,$B$3,"_",$B$7,"_",G27),D27="SECG",CONCATENATE(B27,"_",C27,$B$3,"_",$B$8,"_",G27),D27="DJ",CONCATENATE(B27,"_",C27,$B$3,"_",$B$4,"_",G27),D27="DJ_P",CONCATENATE(B27,"_",C27,$B$3,"_",$B$4,"_P","_",G27),D27="DJ_A",CONCATENATE(B27,"_",C27,$B$3,"_",$B$4,"_A","_",G27),D27="LT_P",CONCATENATE(B27,"_",C27,$B$3,"_",C27,$B$3,"_P","_",G27),D27="LT_A",CONCATENATE(B27,"_",C27,$B$3,"_",C27,$B$3,"_A","_",G27))} -> IMA_LT1_89-2_SECF | I27: - | J27: - | K27: - | L27: - | M27: 0 - Trip/Pulse-On // 1 - Close/Pulse-On
A28: NÃO | B28: =Informações!$C$3 -> IMA | C28: LT | D28: SECT | E28: C | F28: =VLOOKUP(G28,[1]Discrete!$A:$B,2,FALSE) -> SECCIONADORA TRANSFERENCIA | G28: SECT | H28: {=_xlfn.IFS(OR(D28="TC",D28="TP",D28="LT"),CONCATENATE(B28,"_",C28,$B$3,"_",C28,$B$3,"_",G28),D28="SECC",CONCATENATE(B28,"_",C28,$B$3,"_",$B$5,"_",G28),D28="SECF",CONCATENATE(B28,"_",C28,$B$3,"_",$B$6,"_",G28),D28="SECT",CONCATENATE(B28,"_",C28,$B$3,"_",$B$7,"_",G28),D28="SECG",CONCATENATE(B28,"_",C28,$B$3,"_",$B$8,"_",G28),D28="DJ",CONCATENATE(B28,"_",C28,$B$3,"_",$B$4,"_",G28),D28="DJ_P",CONCATENATE(B28,"_",C28,$B$3,"_",$B$4,"_P","_",G28),D28="DJ_A",CONCATENATE(B28,"_",C28,$B$3,"_",$B$4,"_A","_",G28),D28="LT_P",CONCATENATE(B28,"_",C28,$B$3,"_",C28,$B$3,"_P","_",G28),D28="LT_A",CONCATENATE(B28,"_",C28,$B$3,"_",C28,$B$3,"_A","_",G28))} -> IMA_LT1_89-6_SECT | I28: - | J28: - | K28: - | L28: - | M28: 0 - Trip/Pulse-On // 1 - Close/Pulse-On
A29: NÃO | B29: =Informações!$C$3 -> IMA | C29: LT | D29: DJ | E29: C | F29: =VLOOKUP(G29,[1]Discrete!$A:$B,2,FALSE) -> DISJUNTOR NF | G29: DJF1 | H29: {=_xlfn.IFS(OR(D29="TC",D29="TP",D29="LT"),CONCATENATE(B29,"_",C29,$B$3,"_",C29,$B$3,"_",G29),D29="SECC",CONCATENATE(B29,"_",C29,$B$3,"_",$B$5,"_",G29),D29="SECF",CONCATENATE(B29,"_",C29,$B$3,"_",$B$6,"_",G29),D29="SECT",CONCATENATE(B29,"_",C29,$B$3,"_",$B$7,"_",G29),D29="SECG",CONCATENATE(B29,"_",C29,$B$3,"_",$B$8,"_",G29),D29="DJ",CONCATENATE(B29,"_",C29,$B$3,"_",$B$4,"_",G29),D29="DJ_P",CONCATENATE(B29,"_",C29,$B$3,"_",$B$4,"_P","_",G29),D29="DJ_A",CONCATENATE(B29,"_",C29,$B$3,"_",$B$4,"_A","_",G29),D29="LT_P",CONCATENATE(B29,"_",C29,$B$3,"_",C29,$B$3,"_P","_",G29),D29="LT_A",CONCATENATE(B29,"_",C29,$B$3,"_",C29,$B$3,"_A","_",G29))} -> IMA_LT1_52-1_DJF1 | I29: - | J29: - | K29: - | L29: - | M29: 0 - Trip/Pulse-On // 1 - Close/Pulse-On
A30: NÃO | B30: =Informações!$C$3 -> IMA | C30: LT | D30: DJ | E30: C | F30: =VLOOKUP(G30,[1]Discrete!$A:$B,2,FALSE) -> #N/A | G30: 79 | H30: {=_xlfn.IFS(OR(D30="TC",D30="TP",D30="LT"),CONCATENATE(B30,"_",C30,$B$3,"_",C30,$B$3,"_",G30),D30="SECC",CONCATENATE(B30,"_",C30,$B$3,"_",$B$5,"_",G30),D30="SECF",CONCATENATE(B30,"_",C30,$B$3,"_",$B$6,"_",G30),D30="SECT",CONCATENATE(B30,"_",C30,$B$3,"_",$B$7,"_",G30),D30="SECG",CONCATENATE(B30,"_",C30,$B$3,"_",$B$8,"_",G30),D30="DJ",CONCATENATE(B30,"_",C30,$B$3,"_",$B$4,"_",G30),D30="DJ_P",CONCATENATE(B30,"_",C30,$B$3,"_",$B$4,"_P","_",G30),D30="DJ_A",CONCATENATE(B30,"_",C30,$B$3,"_",$B$4,"_A","_",G30),D30="LT_P",CONCATENATE(B30,"_",C30,$B$3,"_",C30,$B$3,"_P","_",G30),D30="LT_A",CONCATENATE(B30,"_",C30,$B$3,"_",C30,$B$3,"_A","_",G30))} -> IMA_LT1_52-1_79 | I30: - | J30: - | K30: - | L30: - | M30: 0 - Close/Pulse-On // 1 - Trip/Pulse-On
A31: NÃO | B31: =Informações!$C$3 -> IMA | C31: LT | D31: DJ | E31: C | F31: =VLOOKUP(G31,[1]Discrete!$A:$B,2,FALSE) -> 51 - FUNCAO SOBRECORRENTE TEMPORIZADA NEUTRO | G31: 51N | H31: {=_xlfn.IFS(OR(D31="TC",D31="TP",D31="LT"),CONCATENATE(B31,"_",C31,$B$3,"_",C31,$B$3,"_",G31),D31="SECC",CONCATENATE(B31,"_",C31,$B$3,"_",$B$5,"_",G31),D31="SECF",CONCATENATE(B31,"_",C31,$B$3,"_",$B$6,"_",G31),D31="SECT",CONCATENATE(B31,"_",C31,$B$3,"_",$B$7,"_",G31),D31="SECG",CONCATENATE(B31,"_",C31,$B$3,"_",$B$8,"_",G31),D31="DJ",CONCATENATE(B31,"_",C31,$B$3,"_",$B$4,"_",G31),D31="DJ_P",CONCATENATE(B31,"_",C31,$B$3,"_",$B$4,"_P","_",G31),D31="DJ_A",CONCATENATE(B31,"_",C31,$B$3,"_",$B$4,"_A","_",G31),D31="LT_P",CONCATENATE(B31,"_",C31,$B$3,"_",C31,$B$3,"_P","_",G31),D31="LT_A",CONCATENATE(B31,"_",C31,$B$3,"_",C31,$B$3,"_A","_",G31))} -> IMA_LT1_52-1_51N | I31: - | J31: - | K31: - | L31: - | M31: 0 - Close/Pulse-On // 1 - Trip/Pulse-On
A32: NÃO | B32: =Informações!$C$3 -> IMA | C32: LT | D32: DJ | E32: C | F32: =VLOOKUP(G32,[1]Discrete!$A:$B,2,FALSE) -> #N/A | G32: 81 | H32: {=_xlfn.IFS(OR(D32="TC",D32="TP",D32="LT"),CONCATENATE(B32,"_",C32,$B$3,"_",C32,$B$3,"_",G32),D32="SECC",CONCATENATE(B32,"_",C32,$B$3,"_",$B$5,"_",G32),D32="SECF",CONCATENATE(B32,"_",C32,$B$3,"_",$B$6,"_",G32),D32="SECT",CONCATENATE(B32,"_",C32,$B$3,"_",$B$7,"_",G32),D32="SECG",CONCATENATE(B32,"_",C32,$B$3,"_",$B$8,"_",G32),D32="DJ",CONCATENATE(B32,"_",C32,$B$3,"_",$B$4,"_",G32),D32="DJ_P",CONCATENATE(B32,"_",C32,$B$3,"_",$B$4,"_P","_",G32),D32="DJ_A",CONCATENATE(B32,"_",C32,$B$3,"_",$B$4,"_A","_",G32),D32="LT_P",CONCATENATE(B32,"_",C32,$B$3,"_",C32,$B$3,"_P","_",G32),D32="LT_A",CONCATENATE(B32,"_",C32,$B$3,"_",C32,$B$3,"_A","_",G32))} -> IMA_LT1_52-1_81 | I32: - | J32: - | K32: - | L32: - | M32: 0 - Close/Pulse-On // 1 - Trip/Pulse-On
A33: NÃO | B33: =Informações!$C$3 -> IMA | C33: LT | D33: DJ | E33: C | F33: =VLOOKUP(G33,[1]Discrete!$A:$B,2,FALSE) -> GRUPO DE AJUSTE FUNCAO 81 | G33: 81AJST | H33: {=_xlfn.IFS(OR(D33="TC",D33="TP",D33="LT"),CONCATENATE(B33,"_",C33,$B$3,"_",C33,$B$3,"_",G33),D33="SECC",CONCATENATE(B33,"_",C33,$B$3,"_",$B$5,"_",G33),D33="SECF",CONCATENATE(B33,"_",C33,$B$3,"_",$B$6,"_",G33),D33="SECT",CONCATENATE(B33,"_",C33,$B$3,"_",$B$7,"_",G33),D33="SECG",CONCATENATE(B33,"_",C33,$B$3,"_",$B$8,"_",G33),D33="DJ",CONCATENATE(B33,"_",C33,$B$3,"_",$B$4,"_",G33),D33="DJ_P",CONCATENATE(B33,"_",C33,$B$3,"_",$B$4,"_P","_",G33),D33="DJ_A",CONCATENATE(B33,"_",C33,$B$3,"_",$B$4,"_A","_",G33),D33="LT_P",CONCATENATE(B33,"_",C33,$B$3,"_",C33,$B$3,"_P","_",G33),D33="LT_A",CONCATENATE(B33,"_",C33,$B$3,"_",C33,$B$3,"_A","_",G33))} -> IMA_LT1_52-1_81AJST | I33: - | J33: - | K33: - | L33: - | M33: 0 - Close/Pulse-On // 1 - Trip/Pulse-On
A34: NÃO | B34: =Informações!$C$3 -> IMA | C34: LT | D34: DJ | E34: C | F34: =VLOOKUP(G34,[1]Discrete!$A:$B,2,FALSE) -> 25 - FUNCAO SINCRONISMO | G34: 25IE | H34: {=_xlfn.IFS(OR(D34="TC",D34="TP",D34="LT"),CONCATENATE(B34,"_",C34,$B$3,"_",C34,$B$3,"_",G34),D34="SECC",CONCATENATE(B34,"_",C34,$B$3,"_",$B$5,"_",G34),D34="SECF",CONCATENATE(B34,"_",C34,$B$3,"_",$B$6,"_",G34),D34="SECT",CONCATENATE(B34,"_",C34,$B$3,"_",$B$7,"_",G34),D34="SECG",CONCATENATE(B34,"_",C34,$B$3,"_",$B$8,"_",G34),D34="DJ",CONCATENATE(B34,"_",C34,$B$3,"_",$B$4,"_",G34),D34="DJ_P",CONCATENATE(B34,"_",C34,$B$3,"_",$B$4,"_P","_",G34),D34="DJ_A",CONCATENATE(B34,"_",C34,$B$3,"_",$B$4,"_A","_",G34),D34="LT_P",CONCATENATE(B34,"_",C34,$B$3,"_",C34,$B$3,"_P","_",G34),D34="LT_A",CONCATENATE(B34,"_",C34,$B$3,"_",C34,$B$3,"_A","_",G34))} -> IMA_LT1_52-1_25IE | I34: - | J34: - | K34: - | L34: - | M34: 0 - Close/Pulse-On // 1 - Trip/Pulse-On
A35: NÃO | B35: =Informações!$C$3 -> IMA | C35: LT | D35: DJ | E35: C | F35: =VLOOKUP(G35,[1]Discrete!$A:$B,2,FALSE) -> #N/A | G35: 27 | H35: {=_xlfn.IFS(OR(D35="TC",D35="TP",D35="LT"),CONCATENATE(B35,"_",C35,$B$3,"_",C35,$B$3,"_",G35),D35="SECC",CONCATENATE(B35,"_",C35,$B$3,"_",$B$5,"_",G35),D35="SECF",CONCATENATE(B35,"_",C35,$B$3,"_",$B$6,"_",G35),D35="SECT",CONCATENATE(B35,"_",C35,$B$3,"_",$B$7,"_",G35),D35="SECG",CONCATENATE(B35,"_",C35,$B$3,"_",$B$8,"_",G35),D35="DJ",CONCATENATE(B35,"_",C35,$B$3,"_",$B$4,"_",G35),D35="DJ_P",CONCATENATE(B35,"_",C35,$B$3,"_",$B$4,"_P","_",G35),D35="DJ_A",CONCATENATE(B35,"_",C35,$B$3,"_",$B$4,"_A","_",G35),D35="LT_P",CONCATENATE(B35,"_",C35,$B$3,"_",C35,$B$3,"_P","_",G35),D35="LT_A",CONCATENATE(B35,"_",C35,$B$3,"_",C35,$B$3,"_A","_",G35))} -> IMA_LT1_52-1_27 | I35: - | J35: - | K35: - | L35: - | M35: 0 - Close/Pulse-On // 1 - Trip/Pulse-On
A36: NÃO | B36: =Informações!$C$3 -> IMA | C36: LT | D36: DJ | E36: C | F36: =VLOOKUP(G36,[1]Discrete!$A:$B,2,FALSE) -> #N/A | G36: 59 | H36: {=_xlfn.IFS(OR(D36="TC",D36="TP",D36="LT"),CONCATENATE(B36,"_",C36,$B$3,"_",C36,$B$3,"_",G36),D36="SECC",CONCATENATE(B36,"_",C36,$B$3,"_",$B$5,"_",G36),D36="SECF",CONCATENATE(B36,"_",C36,$B$3,"_",$B$6,"_",G36),D36="SECT",CONCATENATE(B36,"_",C36,$B$3,"_",$B$7,"_",G36),D36="SECG",CONCATENATE(B36,"_",C36,$B$3,"_",$B$8,"_",G36),D36="DJ",CONCATENATE(B36,"_",C36,$B$3,"_",$B$4,"_",G36),D36="DJ_P",CONCATENATE(B36,"_",C36,$B$3,"_",$B$4,"_P","_",G36),D36="DJ_A",CONCATENATE(B36,"_",C36,$B$3,"_",$B$4,"_A","_",G36),D36="LT_P",CONCATENATE(B36,"_",C36,$B$3,"_",C36,$B$3,"_P","_",G36),D36="LT_A",CONCATENATE(B36,"_",C36,$B$3,"_",C36,$B$3,"_A","_",G36))} -> IMA_LT1_52-1_59 | I36: - | J36: - | K36: - | L36: - | M36: 0 - Close/Pulse-On // 1 - Trip/Pulse-On
A37: NÃO | B37: =Informações!$C$3 -> IMA | C37: LT | D37: DJ | E37: C | F37: =VLOOKUP(G37,[1]Discrete!$A:$B,2,FALSE) -> AJUSTE PARA 81 E1 | G37: 81U1 | H37: {=_xlfn.IFS(OR(D37="TC",D37="TP",D37="LT"),CONCATENATE(B37,"_",C37,$B$3,"_",C37,$B$3,"_",G37),D37="SECC",CONCATENATE(B37,"_",C37,$B$3,"_",$B$5,"_",G37),D37="SECF",CONCATENATE(B37,"_",C37,$B$3,"_",$B$6,"_",G37),D37="SECT",CONCATENATE(B37,"_",C37,$B$3,"_",$B$7,"_",G37),D37="SECG",CONCATENATE(B37,"_",C37,$B$3,"_",$B$8,"_",G37),D37="DJ",CONCATENATE(B37,"_",C37,$B$3,"_",$B$4,"_",G37),D37="DJ_P",CONCATENATE(B37,"_",C37,$B$3,"_",$B$4,"_P","_",G37),D37="DJ_A",CONCATENATE(B37,"_",C37,$B$3,"_",$B$4,"_A","_",G37),D37="LT_P",CONCATENATE(B37,"_",C37,$B$3,"_",C37,$B$3,"_P","_",G37),D37="LT_A",CONCATENATE(B37,"_",C37,$B$3,"_",C37,$B$3,"_A","_",G37))} -> IMA_LT1_52-1_81U1 | I37: - | J37: - | K37: - | L37: - | M37: 0 - Close/Pulse-On // 1 - Trip/Pulse-On
A38: NÃO | B38: =Informações!$C$3 -> IMA | C38: LT | D38: DJ | E38: C | F38: =VLOOKUP(G38,[1]Discrete!$A:$B,2,FALSE) -> AJUSTE PARA 81 E2 | G38: 81U2 | H38: {=_xlfn.IFS(OR(D38="TC",D38="TP",D38="LT"),CONCATENATE(B38,"_",C38,$B$3,"_",C38,$B$3,"_",G38),D38="SECC",CONCATENATE(B38,"_",C38,$B$3,"_",$B$5,"_",G38),D38="SECF",CONCATENATE(B38,"_",C38,$B$3,"_",$B$6,"_",G38),D38="SECT",CONCATENATE(B38,"_",C38,$B$3,"_",$B$7,"_",G38),D38="SECG",CONCATENATE(B38,"_",C38,$B$3,"_",$B$8,"_",G38),D38="DJ",CONCATENATE(B38,"_",C38,$B$3,"_",$B$4,"_",G38),D38="DJ_P",CONCATENATE(B38,"_",C38,$B$3,"_",$B$4,"_P","_",G38),D38="DJ_A",CONCATENATE(B38,"_",C38,$B$3,"_",$B$4,"_A","_",G38),D38="LT_P",CONCATENATE(B38,"_",C38,$B$3,"_",C38,$B$3,"_P","_",G38),D38="LT_A",CONCATENATE(B38,"_",C38,$B$3,"_",C38,$B$3,"_A","_",G38))} -> IMA_LT1_52-1_81U2 | I38: - | J38: - | K38: - | L38: - | M38: 0 - Close/Pulse-On // 1 - Trip/Pulse-On
A39: NÃO | B39: =Informações!$C$3 -> IMA | C39: LT | D39: DJ | E39: C | F39: =VLOOKUP(G39,[1]Discrete!$A:$B,2,FALSE) -> AJUSTE PARA 81 E3 | G39: 81U3 | H39: {=_xlfn.IFS(OR(D39="TC",D39="TP",D39="LT"),CONCATENATE(B39,"_",C39,$B$3,"_",C39,$B$3,"_",G39),D39="SECC",CONCATENATE(B39,"_",C39,$B$3,"_",$B$5,"_",G39),D39="SECF",CONCATENATE(B39,"_",C39,$B$3,"_",$B$6,"_",G39),D39="SECT",CONCATENATE(B39,"_",C39,$B$3,"_",$B$7,"_",G39),D39="SECG",CONCATENATE(B39,"_",C39,$B$3,"_",$B$8,"_",G39),D39="DJ",CONCATENATE(B39,"_",C39,$B$3,"_",$B$4,"_",G39),D39="DJ_P",CONCATENATE(B39,"_",C39,$B$3,"_",$B$4,"_P","_",G39),D39="DJ_A",CONCATENATE(B39,"_",C39,$B$3,"_",$B$4,"_A","_",G39),D39="LT_P",CONCATENATE(B39,"_",C39,$B$3,"_",C39,$B$3,"_P","_",G39),D39="LT_A",CONCATENATE(B39,"_",C39,$B$3,"_",C39,$B$3,"_A","_",G39))} -> IMA_LT1_52-1_81U3 | I39: - | J39: - | K39: - | L39: - | M39: 0 - Close/Pulse-On // 1 - Trip/Pulse-On
A40: NÃO | B40: =Informações!$C$3 -> IMA | C40: LT | D40: DJ | E40: C | F40: =VLOOKUP(G40,[1]Discrete!$A:$B,2,FALSE) -> AJUSTE PARA 81 E4 | G40: 81U4 | H40: {=_xlfn.IFS(OR(D40="TC",D40="TP",D40="LT"),CONCATENATE(B40,"_",C40,$B$3,"_",C40,$B$3,"_",G40),D40="SECC",CONCATENATE(B40,"_",C40,$B$3,"_",$B$5,"_",G40),D40="SECF",CONCATENATE(B40,"_",C40,$B$3,"_",$B$6,"_",G40),D40="SECT",CONCATENATE(B40,"_",C40,$B$3,"_",$B$7,"_",G40),D40="SECG",CONCATENATE(B40,"_",C40,$B$3,"_",$B$8,"_",G40),D40="DJ",CONCATENATE(B40,"_",C40,$B$3,"_",$B$4,"_",G40),D40="DJ_P",CONCATENATE(B40,"_",C40,$B$3,"_",$B$4,"_P","_",G40),D40="DJ_A",CONCATENATE(B40,"_",C40,$B$3,"_",$B$4,"_A","_",G40),D40="LT_P",CONCATENATE(B40,"_",C40,$B$3,"_",C40,$B$3,"_P","_",G40),D40="LT_A",CONCATENATE(B40,"_",C40,$B$3,"_",C40,$B$3,"_A","_",G40))} -> IMA_LT1_52-1_81U4 | I40: - | J40: - | K40: - | L40: - | M40: 0 - Close/Pulse-On // 1 - Trip/Pulse-On
A41: NÃO | B41: =Informações!$C$3 -> IMA | C41: LT | D41: DJ | E41: C | F41: AJUSTE PARA 81 ESTAGIO 5 | G41: 81U5 | H41: {=_xlfn.IFS(OR(D41="TC",D41="TP",D41="LT"),CONCATENATE(B41,"_",C41,$B$3,"_",C41,$B$3,"_",G41),D41="SECC",CONCATENATE(B41,"_",C41,$B$3,"_",$B$5,"_",G41),D41="SECF",CONCATENATE(B41,"_",C41,$B$3,"_",$B$6,"_",G41),D41="SECT",CONCATENATE(B41,"_",C41,$B$3,"_",$B$7,"_",G41),D41="SECG",CONCATENATE(B41,"_",C41,$B$3,"_",$B$8,"_",G41),D41="DJ",CONCATENATE(B41,"_",C41,$B$3,"_",$B$4,"_",G41),D41="DJ_P",CONCATENATE(B41,"_",C41,$B$3,"_",$B$4,"_P","_",G41),D41="DJ_A",CONCATENATE(B41,"_",C41,$B$3,"_",$B$4,"_A","_",G41),D41="LT_P",CONCATENATE(B41,"_",C41,$B$3,"_",C41,$B$3,"_P","_",G41),D41="LT_A",CONCATENATE(B41,"_",C41,$B$3,"_",C41,$B$3,"_A","_",G41))} -> IMA_LT1_52-1_81U5 | I41: - | J41: - | K41: - | L41: - | M41: 0 - Close/Pulse-On // 1 - Trip/Pulse-On
A42: NÃO | B42: =Informações!$C$3 -> IMA | C42: LT | D42: SECC | E42: D | F42: =VLOOKUP(G42,[1]Discrete!$A:$B,2,FALSE) -> SECCIONADORA CARGA | G42: SECC | H42: {=_xlfn.IFS(OR(D42="TC",D42="TP",D42="LT"),CONCATENATE(B42,"_",C42,$B$3,"_",C42,$B$3,"_",G42),D42="SECC",CONCATENATE(B42,"_",C42,$B$3,"_",$B$5,"_",G42),D42="SECF",CONCATENATE(B42,"_",C42,$B$3,"_",$B$6,"_",G42),D42="SECT",CONCATENATE(B42,"_",C42,$B$3,"_",$B$7,"_",G42),D42="SECG",CONCATENATE(B42,"_",C42,$B$3,"_",$B$8,"_",G42),D42="DJ",CONCATENATE(B42,"_",C42,$B$3,"_",$B$4,"_",G42),D42="DJ_P",CONCATENATE(B42,"_",C42,$B$3,"_",$B$4,"_P","_",G42),D42="DJ_A",CONCATENATE(B42,"_",C42,$B$3,"_",$B$4,"_A","_",G42),D42="LT_P",CONCATENATE(B42,"_",C42,$B$3,"_",C42,$B$3,"_P","_",G42),D42="LT_A",CONCATENATE(B42,"_",C42,$B$3,"_",C42,$B$3,"_A","_",G42))} -> IMA_LT1_89-4_SECC | I42: Ponto Simples | J42: ABERTA | K42: FECHADA | L42: - | M42: -
A43: NÃO | B43: =Informações!$C$3 -> IMA | C43: LT | D43: SECC | E43: D | F43: =VLOOKUP(G43,[1]Discrete!$A:$B,2,FALSE) -> 43 - CHAVE LOCAL REMOTO | G43: 43LR | H43: {=_xlfn.IFS(OR(D43="TC",D43="TP",D43="LT"),CONCATENATE(B43,"_",C43,$B$3,"_",C43,$B$3,"_",G43),D43="SECC",CONCATENATE(B43,"_",C43,$B$3,"_",$B$5,"_",G43),D43="SECF",CONCATENATE(B43,"_",C43,$B$3,"_",$B$6,"_",G43),D43="SECT",CONCATENATE(B43,"_",C43,$B$3,"_",$B$7,"_",G43),D43="SECG",CONCATENATE(B43,"_",C43,$B$3,"_",$B$8,"_",G43),D43="DJ",CONCATENATE(B43,"_",C43,$B$3,"_",$B$4,"_",G43),D43="DJ_P",CONCATENATE(B43,"_",C43,$B$3,"_",$B$4,"_P","_",G43),D43="DJ_A",CONCATENATE(B43,"_",C43,$B$3,"_",$B$4,"_A","_",G43),D43="LT_P",CONCATENATE(B43,"_",C43,$B$3,"_",C43,$B$3,"_P","_",G43),D43="LT_A",CONCATENATE(B43,"_",C43,$B$3,"_",C43,$B$3,"_A","_",G43))} -> IMA_LT1_89-4_43LR | I43: Ponto Simples | J43: REMOTO | K43: LOCAL | L43: - | M43: -
A44: NÃO | B44: =Informações!$C$3 -> IMA | C44: LT | D44: SECC | E44: D | F44: =VLOOKUP(G44,[1]Discrete!$A:$B,2,FALSE) -> FALTA VCC | G44: CCFL | H44: {=_xlfn.IFS(OR(D44="TC",D44="TP",D44="LT"),CONCATENATE(B44,"_",C44,$B$3,"_",C44,$B$3,"_",G44),D44="SECC",CONCATENATE(B44,"_",C44,$B$3,"_",$B$5,"_",G44),D44="SECF",CONCATENATE(B44,"_",C44,$B$3,"_",$B$6,"_",G44),D44="SECT",CONCATENATE(B44,"_",C44,$B$3,"_",$B$7,"_",G44),D44="SECG",CONCATENATE(B44,"_",C44,$B$3,"_",$B$8,"_",G44),D44="DJ",CONCATENATE(B44,"_",C44,$B$3,"_",$B$4,"_",G44),D44="DJ_P",CONCATENATE(B44,"_",C44,$B$3,"_",$B$4,"_P","_",G44),D44="DJ_A",CONCATENATE(B44,"_",C44,$B$3,"_",$B$4,"_A","_",G44),D44="LT_P",CONCATENATE(B44,"_",C44,$B$3,"_",C44,$B$3,"_P","_",G44),D44="LT_A",CONCATENATE(B44,"_",C44,$B$3,"_",C44,$B$3,"_A","_",G44))} -> IMA_LT1_89-4_CCFL | I44: Ponto Simples | J44: NORMAL | K44: DEFEITO | L44: - | M44: -
A45: NÃO | B45: =Informações!$C$3 -> IMA | C45: LT | D45: SECC | E45: D | F45: =VLOOKUP(G45,[1]Discrete!$A:$B,2,FALSE) -> OPERACAO INDEVIDA SECCIONADORA | G45: OI | H45: {=_xlfn.IFS(OR(D45="TC",D45="TP",D45="LT"),CONCATENATE(B45,"_",C45,$B$3,"_",C45,$B$3,"_",G45),D45="SECC",CONCATENATE(B45,"_",C45,$B$3,"_",$B$5,"_",G45),D45="SECF",CONCATENATE(B45,"_",C45,$B$3,"_",$B$6,"_",G45),D45="SECT",CONCATENATE(B45,"_",C45,$B$3,"_",$B$7,"_",G45),D45="SECG",CONCATENATE(B45,"_",C45,$B$3,"_",$B$8,"_",G45),D45="DJ",CONCATENATE(B45,"_",C45,$B$3,"_",$B$4,"_",G45),D45="DJ_P",CONCATENATE(B45,"_",C45,$B$3,"_",$B$4,"_P","_",G45),D45="DJ_A",CONCATENATE(B45,"_",C45,$B$3,"_",$B$4,"_A","_",G45),D45="LT_P",CONCATENATE(B45,"_",C45,$B$3,"_",C45,$B$3,"_P","_",G45),D45="LT_A",CONCATENATE(B45,"_",C45,$B$3,"_",C45,$B$3,"_A","_",G45))} -> IMA_LT1_89-4_OI | I45: Ponto Simples | J45: NORMAL | K45: ATUADO | L45: - | M45: -
A46: NÃO | B46: =Informações!$C$3 -> IMA | C46: LT | D46: SECC | E46: D | F46: =VLOOKUP(G46,[1]Discrete!$A:$B,2,FALSE) -> LIBERA MANOBRA | G46: LIBM | H46: {=_xlfn.IFS(OR(D46="TC",D46="TP",D46="LT"),CONCATENATE(B46,"_",C46,$B$3,"_",C46,$B$3,"_",G46),D46="SECC",CONCATENATE(B46,"_",C46,$B$3,"_",$B$5,"_",G46),D46="SECF",CONCATENATE(B46,"_",C46,$B$3,"_",$B$6,"_",G46),D46="SECT",CONCATENATE(B46,"_",C46,$B$3,"_",$B$7,"_",G46),D46="SECG",CONCATENATE(B46,"_",C46,$B$3,"_",$B$8,"_",G46),D46="DJ",CONCATENATE(B46,"_",C46,$B$3,"_",$B$4,"_",G46),D46="DJ_P",CONCATENATE(B46,"_",C46,$B$3,"_",$B$4,"_P","_",G46),D46="DJ_A",CONCATENATE(B46,"_",C46,$B$3,"_",$B$4,"_A","_",G46),D46="LT_P",CONCATENATE(B46,"_",C46,$B$3,"_",C46,$B$3,"_P","_",G46),D46="LT_A",CONCATENATE(B46,"_",C46,$B$3,"_",C46,$B$3,"_A","_",G46))} -> IMA_LT1_89-4_LIBM | I46: Ponto Simples | J46: BLOQUEADA | K46: LIBERADA | L46: - | M46: -
A47: NÃO | B47: =Informações!$C$3 -> IMA | C47: LT | D47: SECF | E47: D | F47: =VLOOKUP(G47,[1]Discrete!$A:$B,2,FALSE) -> SECCIONADORA FONTE | G47: SECF | H47: {=_xlfn.IFS(OR(D47="TC",D47="TP",D47="LT"),CONCATENATE(B47,"_",C47,$B$3,"_",C47,$B$3,"_",G47),D47="SECC",CONCATENATE(B47,"_",C47,$B$3,"_",$B$5,"_",G47),D47="SECF",CONCATENATE(B47,"_",C47,$B$3,"_",$B$6,"_",G47),D47="SECT",CONCATENATE(B47,"_",C47,$B$3,"_",$B$7,"_",G47),D47="SECG",CONCATENATE(B47,"_",C47,$B$3,"_",$B$8,"_",G47),D47="DJ",CONCATENATE(B47,"_",C47,$B$3,"_",$B$4,"_",G47),D47="DJ_P",CONCATENATE(B47,"_",C47,$B$3,"_",$B$4,"_P","_",G47),D47="DJ_A",CONCATENATE(B47,"_",C47,$B$3,"_",$B$4,"_A","_",G47),D47="LT_P",CONCATENATE(B47,"_",C47,$B$3,"_",C47,$B$3,"_P","_",G47),D47="LT_A",CONCATENATE(B47,"_",C47,$B$3,"_",C47,$B$3,"_A","_",G47))} -> IMA_LT1_89-2_SECF | I47: Ponto Simples | J47: ABERTA | K47: FECHADA | L47: - | M47: -
A48: NÃO | B48: =Informações!$C$3 -> IMA | C48: LT | D48: SECF | E48: D | F48: =VLOOKUP(G48,[1]Discrete!$A:$B,2,FALSE) -> 43 - CHAVE LOCAL REMOTO | G48: 43LR | H48: {=_xlfn.IFS(OR(D48="TC",D48="TP",D48="LT"),CONCATENATE(B48,"_",C48,$B$3,"_",C48,$B$3,"_",G48),D48="SECC",CONCATENATE(B48,"_",C48,$B$3,"_",$B$5,"_",G48),D48="SECF",CONCATENATE(B48,"_",C48,$B$3,"_",$B$6,"_",G48),D48="SECT",CONCATENATE(B48,"_",C48,$B$3,"_",$B$7,"_",G48),D48="SECG",CONCATENATE(B48,"_",C48,$B$3,"_",$B$8,"_",G48),D48="DJ",CONCATENATE(B48,"_",C48,$B$3,"_",$B$4,"_",G48),D48="DJ_P",CONCATENATE(B48,"_",C48,$B$3,"_",$B$4,"_P","_",G48),D48="DJ_A",CONCATENATE(B48,"_",C48,$B$3,"_",$B$4,"_A","_",G48),D48="LT_P",CONCATENATE(B48,"_",C48,$B$3,"_",C48,$B$3,"_P","_",G48),D48="LT_A",CONCATENATE(B48,"_",C48,$B$3,"_",C48,$B$3,"_A","_",G48))} -> IMA_LT1_89-2_43LR | I48: Ponto Simples | J48: REMOTO | K48: LOCAL | L48: - | M48: -
A49: NÃO | B49: =Informações!$C$3 -> IMA | C49: LT | D49: SECF | E49: D | F49: =VLOOKUP(G49,[1]Discrete!$A:$B,2,FALSE) -> FALTA VCC | G49: CCFL | H49: {=_xlfn.IFS(OR(D49="TC",D49="TP",D49="LT"),CONCATENATE(B49,"_",C49,$B$3,"_",C49,$B$3,"_",G49),D49="SECC",CONCATENATE(B49,"_",C49,$B$3,"_",$B$5,"_",G49),D49="SECF",CONCATENATE(B49,"_",C49,$B$3,"_",$B$6,"_",G49),D49="SECT",CONCATENATE(B49,"_",C49,$B$3,"_",$B$7,"_",G49),D49="SECG",CONCATENATE(B49,"_",C49,$B$3,"_",$B$8,"_",G49),D49="DJ",CONCATENATE(B49,"_",C49,$B$3,"_",$B$4,"_",G49),D49="DJ_P",CONCATENATE(B49,"_",C49,$B$3,"_",$B$4,"_P","_",G49),D49="DJ_A",CONCATENATE(B49,"_",C49,$B$3,"_",$B$4,"_A","_",G49),D49="LT_P",CONCATENATE(B49,"_",C49,$B$3,"_",C49,$B$3,"_P","_",G49),D49="LT_A",CONCATENATE(B49,"_",C49,$B$3,"_",C49,$B$3,"_A","_",G49))} -> IMA_LT1_89-2_CCFL | I49: Ponto Simples | J49: NORMAL | K49: DEFEITO | L49: - | M49: -
A50: NÃO | B50: =Informações!$C$3 -> IMA | C50: LT | D50: SECF | E50: D | F50: =VLOOKUP(G50,[1]Discrete!$A:$B,2,FALSE) -> OPERACAO INDEVIDA SECCIONADORA | G50: OI | H50: {=_xlfn.IFS(OR(D50="TC",D50="TP",D50="LT"),CONCATENATE(B50,"_",C50,$B$3,"_",C50,$B$3,"_",G50),D50="SECC",CONCATENATE(B50,"_",C50,$B$3,"_",$B$5,"_",G50),D50="SECF",CONCATENATE(B50,"_",C50,$B$3,"_",$B$6,"_",G50),D50="SECT",CONCATENATE(B50,"_",C50,$B$3,"_",$B$7,"_",G50),D50="SECG",CONCATENATE(B50,"_",C50,$B$3,"_",$B$8,"_",G50),D50="DJ",CONCATENATE(B50,"_",C50,$B$3,"_",$B$4,"_",G50),D50="DJ_P",CONCATENATE(B50,"_",C50,$B$3,"_",$B$4,"_P","_",G50),D50="DJ_A",CONCATENATE(B50,"_",C50,$B$3,"_",$B$4,"_A","_",G50),D50="LT_P",CONCATENATE(B50,"_",C50,$B$3,"_",C50,$B$3,"_P","_",G50),D50="LT_A",CONCATENATE(B50,"_",C50,$B$3,"_",C50,$B$3,"_A","_",G50))} -> IMA_LT1_89-2_OI | I50: Ponto Simples | J50: NORMAL | K50: ATUADO | L50: - | M50: -
A51: NÃO | B51: =Informações!$C$3 -> IMA | C51: LT | D51: SECF | E51: D | F51: =VLOOKUP(G51,[1]Discrete!$A:$B,2,FALSE) -> LIBERA MANOBRA | G51: LIBM | H51: {=_xlfn.IFS(OR(D51="TC",D51="TP",D51="LT"),CONCATENATE(B51,"_",C51,$B$3,"_",C51,$B$3,"_",G51),D51="SECC",CONCATENATE(B51,"_",C51,$B$3,"_",$B$5,"_",G51),D51="SECF",CONCATENATE(B51,"_",C51,$B$3,"_",$B$6,"_",G51),D51="SECT",CONCATENATE(B51,"_",C51,$B$3,"_",$B$7,"_",G51),D51="SECG",CONCATENATE(B51,"_",C51,$B$3,"_",$B$8,"_",G51),D51="DJ",CONCATENATE(B51,"_",C51,$B$3,"_",$B$4,"_",G51),D51="DJ_P",CONCATENATE(B51,"_",C51,$B$3,"_",$B$4,"_P","_",G51),D51="DJ_A",CONCATENATE(B51,"_",C51,$B$3,"_",$B$4,"_A","_",G51),D51="LT_P",CONCATENATE(B51,"_",C51,$B$3,"_",C51,$B$3,"_P","_",G51),D51="LT_A",CONCATENATE(B51,"_",C51,$B$3,"_",C51,$B$3,"_A","_",G51))} -> IMA_LT1_89-2_LIBM | I51: Ponto Simples | J51: BLOQUEADA | K51: LIBERADA | L51: - | M51: -
A52: NÃO | B52: =Informações!$C$3 -> IMA | C52: LT | D52: SECT | E52: D | F52: =VLOOKUP(G52,[1]Discrete!$A:$B,2,FALSE) -> SECCIONADORA TRANSFERENCIA | G52: SECT | H52: {=_xlfn.IFS(OR(D52="TC",D52="TP",D52="LT"),CONCATENATE(B52,"_",C52,$B$3,"_",C52,$B$3,"_",G52),D52="SECC",CONCATENATE(B52,"_",C52,$B$3,"_",$B$5,"_",G52),D52="SECF",CONCATENATE(B52,"_",C52,$B$3,"_",$B$6,"_",G52),D52="SECT",CONCATENATE(B52,"_",C52,$B$3,"_",$B$7,"_",G52),D52="SECG",CONCATENATE(B52,"_",C52,$B$3,"_",$B$8,"_",G52),D52="DJ",CONCATENATE(B52,"_",C52,$B$3,"_",$B$4,"_",G52),D52="DJ_P",CONCATENATE(B52,"_",C52,$B$3,"_",$B$4,"_P","_",G52),D52="DJ_A",CONCATENATE(B52,"_",C52,$B$3,"_",$B$4,"_A","_",G52),D52="LT_P",CONCATENATE(B52,"_",C52,$B$3,"_",C52,$B$3,"_P","_",G52),D52="LT_A",CONCATENATE(B52,"_",C52,$B$3,"_",C52,$B$3,"_A","_",G52))} -> IMA_LT1_89-6_SECT | I52: Ponto Simples | J52: ABERTA | K52: FECHADA | L52: - | M52: -
A53: NÃO | B53: =Informações!$C$3 -> IMA | C53: LT | D53: SECT | E53: D | F53: =VLOOKUP(G53,[1]Discrete!$A:$B,2,FALSE) -> 43 - CHAVE LOCAL REMOTO | G53: 43LR | H53: {=_xlfn.IFS(OR(D53="TC",D53="TP",D53="LT"),CONCATENATE(B53,"_",C53,$B$3,"_",C53,$B$3,"_",G53),D53="SECC",CONCATENATE(B53,"_",C53,$B$3,"_",$B$5,"_",G53),D53="SECF",CONCATENATE(B53,"_",C53,$B$3,"_",$B$6,"_",G53),D53="SECT",CONCATENATE(B53,"_",C53,$B$3,"_",$B$7,"_",G53),D53="SECG",CONCATENATE(B53,"_",C53,$B$3,"_",$B$8,"_",G53),D53="DJ",CONCATENATE(B53,"_",C53,$B$3,"_",$B$4,"_",G53),D53="DJ_P",CONCATENATE(B53,"_",C53,$B$3,"_",$B$4,"_P","_",G53),D53="DJ_A",CONCATENATE(B53,"_",C53,$B$3,"_",$B$4,"_A","_",G53),D53="LT_P",CONCATENATE(B53,"_",C53,$B$3,"_",C53,$B$3,"_P","_",G53),D53="LT_A",CONCATENATE(B53,"_",C53,$B$3,"_",C53,$B$3,"_A","_",G53))} -> IMA_LT1_89-6_43LR | I53: Ponto Simples | J53: REMOTO | K53: LOCAL | L53: - | M53: -
... A58: NÃO | B58: =Informações!$C$3 -> IMA | C58: LT | D58: DJ | E58: D | F58: =VLOOKUP(G58,[1]Discrete!$A:$B,2,FALSE) -> DISJUNTOR NF | G58: DJF1 | H58: {=_xlfn.IFS(OR(D58="TC",D58="TP",D58="LT"),CONCATENATE(B58,"_",C58,$B$3,"_",C58,$B$3,"_",G58),D58="SECC",CONCATENATE(B58,"_",C58,$B$3,"_",$B$5,"_",G58),D58="SECF",CONCATENATE(B58,"_",C58,$B$3,"_",$B$6,"_",G58),D58="SECT",CONCATENATE(B58,"_",C58,$B$3,"_",$B$7,"_",G58),D58="SECG",CONCATENATE(B58,"_",C58,$B$3,"_",$B$8,"_",G58),D58="DJ",CONCATENATE(B58,"_",C58,$B$3,"_",$B$4,"_",G58),D58="DJ_P",CONCATENATE(B58,"_",C58,$B$3,"_",$B$4,"_P","_",G58),D58="DJ_A",CONCATENATE(B58,"_",C58,$B$3,"_",$B$4,"_A","_",G58),D58="LT_P",CONCATENATE(B58,"_",C58,$B$3,"_",C58,$B$3,"_P","_",G58),D58="LT_A",CONCATENATE(B58,"_",C58,$B$3,"_",C58,$B$3,"_A","_",G58))} -> IMA_LT1_52-1_DJF1 | I58: Ponto Simples | J58: DESLIGADO | K58: LIGADO | L58: - | M58: -
A59: NÃO | B59: =Informações!$C$3 -> IMA | C59: LT | D59: DJ | E59: D | F59: =VLOOKUP(G59,[1]Discrete!$A:$B,2,FALSE) -> #N/A | G59: 79 | H59: {=_xlfn.IFS(OR(D59="TC",D59="TP",D59="LT"),CONCATENATE(B59,"_",C59,$B$3,"_",C59,$B$3,"_",G59),D59="SECC",CONCATENATE(B59,"_",C59,$B$3,"_",$B$5,"_",G59),D59="SECF",CONCATENATE(B59,"_",C59,$B$3,"_",$B$6,"_",G59),D59="SECT",CONCATENATE(B59,"_",C59,$B$3,"_",$B$7,"_",G59),D59="SECG",CONCATENATE(B59,"_",C59,$B$3,"_",$B$8,"_",G59),D59="DJ",CONCATENATE(B59,"_",C59,$B$3,"_",$B$4,"_",G59),D59="DJ_P",CONCATENATE(B59,"_",C59,$B$3,"_",$B$4,"_P","_",G59),D59="DJ_A",CONCATENATE(B59,"_",C59,$B$3,"_",$B$4,"_A","_",G59),D59="LT_P",CONCATENATE(B59,"_",C59,$B$3,"_",C59,$B$3,"_P","_",G59),D59="LT_A",CONCATENATE(B59,"_",C59,$B$3,"_",C59,$B$3,"_A","_",G59))} -> IMA_LT1_52-1_79 | I59: Ponto Simples | J59: NORMAL | K59: ATUADO | L59: - | M59: -
A60: NÃO | B60: =Informações!$C$3 -> IMA | C60: LT | D60: DJ | E60: D | F60: =VLOOKUP(G60,[1]Discrete!$A:$B,2,FALSE) -> 51 - FUNCAO SOBRECORRENTE TEMPORIZADA NEUTRO | G60: 51N | H60: {=_xlfn.IFS(OR(D60="TC",D60="TP",D60="LT"),CONCATENATE(B60,"_",C60,$B$3,"_",C60,$B$3,"_",G60),D60="SECC",CONCATENATE(B60,"_",C60,$B$3,"_",$B$5,"_",G60),D60="SECF",CONCATENATE(B60,"_",C60,$B$3,"_",$B$6,"_",G60),D60="SECT",CONCATENATE(B60,"_",C60,$B$3,"_",$B$7,"_",G60),D60="SECG",CONCATENATE(B60,"_",C60,$B$3,"_",$B$8,"_",G60),D60="DJ",CONCATENATE(B60,"_",C60,$B$3,"_",$B$4,"_",G60),D60="DJ_P",CONCATENATE(B60,"_",C60,$B$3,"_",$B$4,"_P","_",G60),D60="DJ_A",CONCATENATE(B60,"_",C60,$B$3,"_",$B$4,"_A","_",G60),D60="LT_P",CONCATENATE(B60,"_",C60,$B$3,"_",C60,$B$3,"_P","_",G60),D60="LT_A",CONCATENATE(B60,"_",C60,$B$3,"_",C60,$B$3,"_A","_",G60))} -> IMA_LT1_52-1_51N | I60: Ponto Simples | J60: NORMAL | K60: ATUADO | L60: - | M60: -
A61: NÃO | B61: =Informações!$C$3 -> IMA | C61: LT | D61: DJ | E61: D | F61: =VLOOKUP(G61,[1]Discrete!$A:$B,2,FALSE) -> ALARME BAIXA PRESSAO SF6 | G61: SF6A | H61: {=_xlfn.IFS(OR(D61="TC",D61="TP",D61="LT"),CONCATENATE(B61,"_",C61,$B$3,"_",C61,$B$3,"_",G61),D61="SECC",CONCATENATE(B61,"_",C61,$B$3,"_",$B$5,"_",G61),D61="SECF",CONCATENATE(B61,"_",C61,$B$3,"_",$B$6,"_",G61),D61="SECT",CONCATENATE(B61,"_",C61,$B$3,"_",$B$7,"_",G61),D61="SECG",CONCATENATE(B61,"_",C61,$B$3,"_",$B$8,"_",G61),D61="DJ",CONCATENATE(B61,"_",C61,$B$3,"_",$B$4,"_",G61),D61="DJ_P",CONCATENATE(B61,"_",C61,$B$3,"_",$B$4,"_P","_",G61),D61="DJ_A",CONCATENATE(B61,"_",C61,$B$3,"_",$B$4,"_A","_",G61),D61="LT_P",CONCATENATE(B61,"_",C61,$B$3,"_",C61,$B$3,"_P","_",G61),D61="LT_A",CONCATENATE(B61,"_",C61,$B$3,"_",C61,$B$3,"_A","_",G61))} -> IMA_LT1_52-1_SF6A | I61: Ponto Simples | J61: NORMAL | K61: ATUADO | L61: - | M61: -
A62: NÃO | B62: =Informações!$C$3 -> IMA | C62: LT | D62: DJ | E62: D | F62: =VLOOKUP(G62,[1]Discrete!$A:$B,2,FALSE) -> BLOQUEIO BAIXA PRESSAO SF6 | G62: SF6B | H62: {=_xlfn.IFS(OR(D62="TC",D62="TP",D62="LT"),CONCATENATE(B62,"_",C62,$B$3,"_",C62,$B$3,"_",G62),D62="SECC",CONCATENATE(B62,"_",C62,$B$3,"_",$B$5,"_",G62),D62="SECF",CONCATENATE(B62,"_",C62,$B$3,"_",$B$6,"_",G62),D62="SECT",CONCATENATE(B62,"_",C62,$B$3,"_",$B$7,"_",G62),D62="SECG",CONCATENATE(B62,"_",C62,$B$3,"_",$B$8,"_",G62),D62="DJ",CONCATENATE(B62,"_",C62,$B$3,"_",$B$4,"_",G62),D62="DJ_P",CONCATENATE(B62,"_",C62,$B$3,"_",$B$4,"_P","_",G62),D62="DJ_A",CONCATENATE(B62,"_",C62,$B$3,"_",$B$4,"_A","_",G62),D62="LT_P",CONCATENATE(B62,"_",C62,$B$3,"_",C62,$B$3,"_P","_",G62),D62="LT_A",CONCATENATE(B62,"_",C62,$B$3,"_",C62,$B$3,"_A","_",G62))} -> IMA_LT1_52-1_SF6B | I62: Ponto Simples | J62: NORMAL | K62: ATUADO | L62: - | M62: -
A63: NÃO | B63: =Informações!$C$3 -> IMA | C63: LT | D63: DJ | E63: D | F63: =VLOOKUP(G63,[1]Discrete!$A:$B,2,FALSE) -> MOLA | G63: MOLA | H63: {=_xlfn.IFS(OR(D63="TC",D63="TP",D63="LT"),CONCATENATE(B63,"_",C63,$B$3,"_",C63,$B$3,"_",G63),D63="SECC",CONCATENATE(B63,"_",C63,$B$3,"_",$B$5,"_",G63),D63="SECF",CONCATENATE(B63,"_",C63,$B$3,"_",$B$6,"_",G63),D63="SECT",CONCATENATE(B63,"_",C63,$B$3,"_",$B$7,"_",G63),D63="SECG",CONCATENATE(B63,"_",C63,$B$3,"_",$B$8,"_",G63),D63="DJ",CONCATENATE(B63,"_",C63,$B$3,"_",$B$4,"_",G63),D63="DJ_P",CONCATENATE(B63,"_",C63,$B$3,"_",$B$4,"_P","_",G63),D63="DJ_A",CONCATENATE(B63,"_",C63,$B$3,"_",$B$4,"_A","_",G63),D63="LT_P",CONCATENATE(B63,"_",C63,$B$3,"_",C63,$B$3,"_P","_",G63),D63="LT_A",CONCATENATE(B63,"_",C63,$B$3,"_",C63,$B$3,"_A","_",G63))} -> IMA_LT1_52-1_MOLA | I63: Ponto Simples | J63: DESCARREGADA | K63: CARREGADA | L63: - | M63: -
A64: NÃO | B64: =Informações!$C$3 -> IMA | C64: LT | D64: DJ | E64: D | F64: =VLOOKUP(G64,[1]Discrete!$A:$B,2,FALSE) -> 43 - CHAVE LOCAL REMOTO | G64: 43LR | H64: {=_xlfn.IFS(OR(D64="TC",D64="TP",D64="LT"),CONCATENATE(B64,"_",C64,$B$3,"_",C64,$B$3,"_",G64),D64="SECC",CONCATENATE(B64,"_",C64,$B$3,"_",$B$5,"_",G64),D64="SECF",CONCATENATE(B64,"_",C64,$B$3,"_",$B$6,"_",G64),D64="SECT",CONCATENATE(B64,"_",C64,$B$3,"_",$B$7,"_",G64),D64="SECG",CONCATENATE(B64,"_",C64,$B$3,"_",$B$8,"_",G64),D64="DJ",CONCATENATE(B64,"_",C64,$B$3,"_",$B$4,"_",G64),D64="DJ_P",CONCATENATE(B64,"_",C64,$B$3,"_",$B$4,"_P","_",G64),D64="DJ_A",CONCATENATE(B64,"_",C64,$B$3,"_",$B$4,"_A","_",G64),D64="LT_P",CONCATENATE(B64,"_",C64,$B$3,"_",C64,$B$3,"_P","_",G64),D64="LT_A",CONCATENATE(B64,"_",C64,$B$3,"_",C64,$B$3,"_A","_",G64))} -> IMA_LT1_52-1_43LR | I64: Ponto Simples | J64: REMOTO | K64: LOCAL | L64: - | M64: -
A65: NÃO | B65: =Informações!$C$3 -> IMA | C65: LT | D65: DJ | E65: D | F65: =VLOOKUP(G65,[1]Discrete!$A:$B,2,FALSE) -> 43 - CHAVE TELECOMANDO | G65: 43TC | H65: {=_xlfn.IFS(OR(D65="TC",D65="TP",D65="LT"),CONCATENATE(B65,"_",C65,$B$3,"_",C65,$B$3,"_",G65),D65="SECC",CONCATENATE(B65,"_",C65,$B$3,"_",$B$5,"_",G65),D65="SECF",CONCATENATE(B65,"_",C65,$B$3,"_",$B$6,"_",G65),D65="SECT",CONCATENATE(B65,"_",C65,$B$3,"_",$B$7,"_",G65),D65="SECG",CONCATENATE(B65,"_",C65,$B$3,"_",$B$8,"_",G65),D65="DJ",CONCATENATE(B65,"_",C65,$B$3,"_",$B$4,"_",G65),D65="DJ_P",CONCATENATE(B65,"_",C65,$B$3,"_",$B$4,"_P","_",G65),D65="DJ_A",CONCATENATE(B65,"_",C65,$B$3,"_",$B$4,"_A","_",G65),D65="LT_P",CONCATENATE(B65,"_",C65,$B$3,"_",C65,$B$3,"_P","_",G65),D65="LT_A",CONCATENATE(B65,"_",C65,$B$3,"_",C65,$B$3,"_A","_",G65))} -> IMA_LT1_52-1_43TC | I65: Ponto Simples | J65: EXCLUIDO | K65: INCLUIDO | L65: - | M65: -
A66: NÃO | B66: =Informações!$C$3 -> IMA | C66: LT | D66: DJ | E66: D | F66: =VLOOKUP(G66,[1]Discrete!$A:$B,2,FALSE) -> BOBINA ABERTURA | G66: BBAB | H66: {=_xlfn.IFS(OR(D66="TC",D66="TP",D66="LT"),CONCATENATE(B66,"_",C66,$B$3,"_",C66,$B$3,"_",G66),D66="SECC",CONCATENATE(B66,"_",C66,$B$3,"_",$B$5,"_",G66),D66="SECF",CONCATENATE(B66,"_",C66,$B$3,"_",$B$6,"_",G66),D66="SECT",CONCATENATE(B66,"_",C66,$B$3,"_",$B$7,"_",G66),D66="SECG",CONCATENATE(B66,"_",C66,$B$3,"_",$B$8,"_",G66),D66="DJ",CONCATENATE(B66,"_",C66,$B$3,"_",$B$4,"_",G66),D66="DJ_P",CONCATENATE(B66,"_",C66,$B$3,"_",$B$4,"_P","_",G66),D66="DJ_A",CONCATENATE(B66,"_",C66,$B$3,"_",$B$4,"_A","_",G66),D66="LT_P",CONCATENATE(B66,"_",C66,$B$3,"_",C66,$B$3,"_P","_",G66),D66="LT_A",CONCATENATE(B66,"_",C66,$B$3,"_",C66,$B$3,"_A","_",G66))} -> IMA_LT1_52-1_BBAB | I66: Ponto Simples | J66: NORMAL | K66: FALHA | L66: - | M66: -
A67: NÃO | B67: =Informações!$C$3 -> IMA | C67: LT | D67: DJ | E67: D | F67: =VLOOKUP(G67,[1]Discrete!$A:$B,2,FALSE) -> BOBINA FECHAMENTO | G67: BBFC | H67: {=_xlfn.IFS(OR(D67="TC",D67="TP",D67="LT"),CONCATENATE(B67,"_",C67,$B$3,"_",C67,$B$3,"_",G67),D67="SECC",CONCATENATE(B67,"_",C67,$B$3,"_",$B$5,"_",G67),D67="SECF",CONCATENATE(B67,"_",C67,$B$3,"_",$B$6,"_",G67),D67="SECT",CONCATENATE(B67,"_",C67,$B$3,"_",$B$7,"_",G67),D67="SECG",CONCATENATE(B67,"_",C67,$B$3,"_",$B$8,"_",G67),D67="DJ",CONCATENATE(B67,"_",C67,$B$3,"_",$B$4,"_",G67),D67="DJ_P",CONCATENATE(B67,"_",C67,$B$3,"_",$B$4,"_P","_",G67),D67="DJ_A",CONCATENATE(B67,"_",C67,$B$3,"_",$B$4,"_A","_",G67),D67="LT_P",CONCATENATE(B67,"_",C67,$B$3,"_",C67,$B$3,"_P","_",G67),D67="LT_A",CONCATENATE(B67,"_",C67,$B$3,"_",C67,$B$3,"_A","_",G67))} -> IMA_LT1_52-1_BBFC | I67: Ponto Simples | J67: NORMAL | K67: FALHA | L67: - | M67: -
A68: NÃO | B68: =Informações!$C$3 -> IMA | C68: LT | D68: DJ | E68: D | F68: =VLOOKUP(G68,[1]Discrete!$A:$B,2,FALSE) -> FALTA VCC | G68: CCFL | H68: {=_xlfn.IFS(OR(D68="TC",D68="TP",D68="LT"),CONCATENATE(B68,"_",C68,$B$3,"_",C68,$B$3,"_",G68),D68="SECC",CONCATENATE(B68,"_",C68,$B$3,"_",$B$5,"_",G68),D68="SECF",CONCATENATE(B68,"_",C68,$B$3,"_",$B$6,"_",G68),D68="SECT",CONCATENATE(B68,"_",C68,$B$3,"_",$B$7,"_",G68),D68="SECG",CONCATENATE(B68,"_",C68,$B$3,"_",$B$8,"_",G68),D68="DJ",CONCATENATE(B68,"_",C68,$B$3,"_",$B$4,"_",G68),D68="DJ_P",CONCATENATE(B68,"_",C68,$B$3,"_",$B$4,"_P","_",G68),D68="DJ_A",CONCATENATE(B68,"_",C68,$B$3,"_",$B$4,"_A","_",G68),D68="LT_P",CONCATENATE(B68,"_",C68,$B$3,"_",C68,$B$3,"_P","_",G68),D68="LT_A",CONCATENATE(B68,"_",C68,$B$3,"_",C68,$B$3,"_A","_",G68))} -> IMA_LT1_52-1_CCFL | I68: Ponto Simples | J68: NORMAL | K68: FALTA | L68: - | M68: -
A69: NÃO | B69: =Informações!$C$3 -> IMA | C69: LT | D69: DJ | E69: D | F69: =VLOOKUP(G69,[1]Discrete!$A:$B,2,FALSE) -> FALTA VCA | G69: CAFL | H69: {=_xlfn.IFS(OR(D69="TC",D69="TP",D69="LT"),CONCATENATE(B69,"_",C69,$B$3,"_",C69,$B$3,"_",G69),D69="SECC",CONCATENATE(B69,"_",C69,$B$3,"_",$B$5,"_",G69),D69="SECF",CONCATENATE(B69,"_",C69,$B$3,"_",$B$6,"_",G69),D69="SECT",CONCATENATE(B69,"_",C69,$B$3,"_",$B$7,"_",G69),D69="SECG",CONCATENATE(B69,"_",C69,$B$3,"_",$B$8,"_",G69),D69="DJ",CONCATENATE(B69,"_",C69,$B$3,"_",$B$4,"_",G69),D69="DJ_P",CONCATENATE(B69,"_",C69,$B$3,"_",$B$4,"_P","_",G69),D69="DJ_A",CONCATENATE(B69,"_",C69,$B$3,"_",$B$4,"_A","_",G69),D69="LT_P",CONCATENATE(B69,"_",C69,$B$3,"_",C69,$B$3,"_P","_",G69),D69="LT_A",CONCATENATE(B69,"_",C69,$B$3,"_",C69,$B$3,"_A","_",G69))} -> IMA_LT1_52-1_CAFL | I69: Ponto Simples | J69: NORMAL | K69: FALTA | L69: - | M69: -
A70: NÃO | B70: =Informações!$C$3 -> IMA | C70: LT | D70: DJ | E70: D | F70: =VLOOKUP(G70,[1]Discrete!$A:$B,2,FALSE) -> #N/A | G70: 81 | H70: {=_xlfn.IFS(OR(D70="TC",D70="TP",D70="LT"),CONCATENATE(B70,"_",C70,$B$3,"_",C70,$B$3,"_",G70),D70="SECC",CONCATENATE(B70,"_",C70,$B$3,"_",$B$5,"_",G70),D70="SECF",CONCATENATE(B70,"_",C70,$B$3,"_",$B$6,"_",G70),D70="SECT",CONCATENATE(B70,"_",C70,$B$3,"_",$B$7,"_",G70),D70="SECG",CONCATENATE(B70,"_",C70,$B$3,"_",$B$8,"_",G70),D70="DJ",CONCATENATE(B70,"_",C70,$B$3,"_",$B$4,"_",G70),D70="DJ_P",CONCATENATE(B70,"_",C70,$B$3,"_",$B$4,"_P","_",G70),D70="DJ_A",CONCATENATE(B70,"_",C70,$B$3,"_",$B$4,"_A","_",G70),D70="LT_P",CONCATENATE(B70,"_",C70,$B$3,"_",C70,$B$3,"_P","_",G70),D70="LT_A",CONCATENATE(B70,"_",C70,$B$3,"_",C70,$B$3,"_A","_",G70))} -> IMA_LT1_52-1_81 | I70: Ponto Simples | J70: NORMAL | K70: ATUADO | L70: - | M70: -
A71: NÃO | B71: =Informações!$C$3 -> IMA | C71: LT | D71: DJ | E71: D | F71: =VLOOKUP(G71,[1]Discrete!$A:$B,2,FALSE) -> AJUSTE PARA 81 E1 | G71: 81U1 | H71: {=_xlfn.IFS(OR(D71="TC",D71="TP",D71="LT"),CONCATENATE(B71,"_",C71,$B$3,"_",C71,$B$3,"_",G71),D71="SECC",CONCATENATE(B71,"_",C71,$B$3,"_",$B$5,"_",G71),D71="SECF",CONCATENATE(B71,"_",C71,$B$3,"_",$B$6,"_",G71),D71="SECT",CONCATENATE(B71,"_",C71,$B$3,"_",$B$7,"_",G71),D71="SECG",CONCATENATE(B71,"_",C71,$B$3,"_",$B$8,"_",G71),D71="DJ",CONCATENATE(B71,"_",C71,$B$3,"_",$B$4,"_",G71),D71="DJ_P",CONCATENATE(B71,"_",C71,$B$3,"_",$B$4,"_P","_",G71),D71="DJ_A",CONCATENATE(B71,"_",C71,$B$3,"_",$B$4,"_A","_",G71),D71="LT_P",CONCATENATE(B71,"_",C71,$B$3,"_",C71,$B$3,"_P","_",G71),D71="LT_A",CONCATENATE(B71,"_",C71,$B$3,"_",C71,$B$3,"_A","_",G71))} -> IMA_LT1_52-1_81U1 | I71: Ponto Simples | J71: NORMAL | K71: ATUADO | L71: - | M71: -
A72: NÃO | B72: =Informações!$C$3 -> IMA | C72: LT | D72: DJ | E72: D | F72: =VLOOKUP(G72,[1]Discrete!$A:$B,2,FALSE) -> AJUSTE PARA 81 E2 | G72: 81U2 | H72: {=_xlfn.IFS(OR(D72="TC",D72="TP",D72="LT"),CONCATENATE(B72,"_",C72,$B$3,"_",C72,$B$3,"_",G72),D72="SECC",CONCATENATE(B72,"_",C72,$B$3,"_",$B$5,"_",G72),D72="SECF",CONCATENATE(B72,"_",C72,$B$3,"_",$B$6,"_",G72),D72="SECT",CONCATENATE(B72,"_",C72,$B$3,"_",$B$7,"_",G72),D72="SECG",CONCATENATE(B72,"_",C72,$B$3,"_",$B$8,"_",G72),D72="DJ",CONCATENATE(B72,"_",C72,$B$3,"_",$B$4,"_",G72),D72="DJ_P",CONCATENATE(B72,"_",C72,$B$3,"_",$B$4,"_P","_",G72),D72="DJ_A",CONCATENATE(B72,"_",C72,$B$3,"_",$B$4,"_A","_",G72),D72="LT_P",CONCATENATE(B72,"_",C72,$B$3,"_",C72,$B$3,"_P","_",G72),D72="LT_A",CONCATENATE(B72,"_",C72,$B$3,"_",C72,$B$3,"_A","_",G72))} -> IMA_LT1_52-1_81U2 | I72: Ponto Simples | J72: NORMAL | K72: ATUADO | L72: - | M72: -
A73: NÃO | B73: =Informações!$C$3 -> IMA | C73: LT | D73: DJ | E73: D | F73: =VLOOKUP(G73,[1]Discrete!$A:$B,2,FALSE) -> AJUSTE PARA 81 E3 | G73: 81U3 | H73: {=_xlfn.IFS(OR(D73="TC",D73="TP",D73="LT"),CONCATENATE(B73,"_",C73,$B$3,"_",C73,$B$3,"_",G73),D73="SECC",CONCATENATE(B73,"_",C73,$B$3,"_",$B$5,"_",G73),D73="SECF",CONCATENATE(B73,"_",C73,$B$3,"_",$B$6,"_",G73),D73="SECT",CONCATENATE(B73,"_",C73,$B$3,"_",$B$7,"_",G73),D73="SECG",CONCATENATE(B73,"_",C73,$B$3,"_",$B$8,"_",G73),D73="DJ",CONCATENATE(B73,"_",C73,$B$3,"_",$B$4,"_",G73),D73="DJ_P",CONCATENATE(B73,"_",C73,$B$3,"_",$B$4,"_P","_",G73),D73="DJ_A",CONCATENATE(B73,"_",C73,$B$3,"_",$B$4,"_A","_",G73),D73="LT_P",CONCATENATE(B73,"_",C73,$B$3,"_",C73,$B$3,"_P","_",G73),D73="LT_A",CONCATENATE(B73,"_",C73,$B$3,"_",C73,$B$3,"_A","_",G73))} -> IMA_LT1_52-1_81U3 | I73: Ponto Simples | J73: NORMAL | K73: ATUADO | L73: - | M73: -
A74: NÃO | B74: =Informações!$C$3 -> IMA | C74: LT | D74: DJ | E74: D | F74: =VLOOKUP(G74,[1]Discrete!$A:$B,2,FALSE) -> AJUSTE PARA 81 E4 | G74: 81U4 | H74: {=_xlfn.IFS(OR(D74="TC",D74="TP",D74="LT"),CONCATENATE(B74,"_",C74,$B$3,"_",C74,$B$3,"_",G74),D74="SECC",CONCATENATE(B74,"_",C74,$B$3,"_",$B$5,"_",G74),D74="SECF",CONCATENATE(B74,"_",C74,$B$3,"_",$B$6,"_",G74),D74="SECT",CONCATENATE(B74,"_",C74,$B$3,"_",$B$7,"_",G74),D74="SECG",CONCATENATE(B74,"_",C74,$B$3,"_",$B$8,"_",G74),D74="DJ",CONCATENATE(B74,"_",C74,$B$3,"_",$B$4,"_",G74),D74="DJ_P",CONCATENATE(B74,"_",C74,$B$3,"_",$B$4,"_P","_",G74),D74="DJ_A",CONCATENATE(B74,"_",C74,$B$3,"_",$B$4,"_A","_",G74),D74="LT_P",CONCATENATE(B74,"_",C74,$B$3,"_",C74,$B$3,"_P","_",G74),D74="LT_A",CONCATENATE(B74,"_",C74,$B$3,"_",C74,$B$3,"_A","_",G74))} -> IMA_LT1_52-1_81U4 | I74: Ponto Simples | J74: NORMAL | K74: ATUADO | L74: - | M74: -
A75: NÃO | B75: =Informações!$C$3 -> IMA | C75: LT | D75: DJ | E75: D | F75: AJUSTE PARA 81 ESTAGIO 5 | G75: 81U5 | H75: {=_xlfn.IFS(OR(D75="TC",D75="TP",D75="LT"),CONCATENATE(B75,"_",C75,$B$3,"_",C75,$B$3,"_",G75),D75="SECC",CONCATENATE(B75,"_",C75,$B$3,"_",$B$5,"_",G75),D75="SECF",CONCATENATE(B75,"_",C75,$B$3,"_",$B$6,"_",G75),D75="SECT",CONCATENATE(B75,"_",C75,$B$3,"_",$B$7,"_",G75),D75="SECG",CONCATENATE(B75,"_",C75,$B$3,"_",$B$8,"_",G75),D75="DJ",CONCATENATE(B75,"_",C75,$B$3,"_",$B$4,"_",G75),D75="DJ_P",CONCATENATE(B75,"_",C75,$B$3,"_",$B$4,"_P","_",G75),D75="DJ_A",CONCATENATE(B75,"_",C75,$B$3,"_",$B$4,"_A","_",G75),D75="LT_P",CONCATENATE(B75,"_",C75,$B$3,"_",C75,$B$3,"_P","_",G75),D75="LT_A",CONCATENATE(B75,"_",C75,$B$3,"_",C75,$B$3,"_A","_",G75))} -> IMA_LT1_52-1_81U5 | I75: Ponto Simples | J75: NORMAL | K75: ATUADO | L75: - | M75: -
A76: NÃO | B76: =Informações!$C$3 -> IMA | C76: LT | D76: DJ | E76: D | F76: =VLOOKUP(G76,[1]Discrete!$A:$B,2,FALSE) -> 62 - FALHA DISJUNTOR BLOQUEIO | G76: 62BF | H76: {=_xlfn.IFS(OR(D76="TC",D76="TP",D76="LT"),CONCATENATE(B76,"_",C76,$B$3,"_",C76,$B$3,"_",G76),D76="SECC",CONCATENATE(B76,"_",C76,$B$3,"_",$B$5,"_",G76),D76="SECF",CONCATENATE(B76,"_",C76,$B$3,"_",$B$6,"_",G76),D76="SECT",CONCATENATE(B76,"_",C76,$B$3,"_",$B$7,"_",G76),D76="SECG",CONCATENATE(B76,"_",C76,$B$3,"_",$B$8,"_",G76),D76="DJ",CONCATENATE(B76,"_",C76,$B$3,"_",$B$4,"_",G76),D76="DJ_P",CONCATENATE(B76,"_",C76,$B$3,"_",$B$4,"_P","_",G76),D76="DJ_A",CONCATENATE(B76,"_",C76,$B$3,"_",$B$4,"_A","_",G76),D76="LT_P",CONCATENATE(B76,"_",C76,$B$3,"_",C76,$B$3,"_P","_",G76),D76="LT_A",CONCATENATE(B76,"_",C76,$B$3,"_",C76,$B$3,"_A","_",G76))} -> IMA_LT1_52-1_62BF | I76: Ponto Simples | J76: NORMAL | K76: ATUADO | L76: - | M76: -
A77: NÃO | B77: =Informações!$C$3 -> IMA | C77: LT | D77: DJ | E77: D | F77: =VLOOKUP(G77,[1]Discrete!$A:$B,2,FALSE) -> 79 - RELIGAMENTO BLOQUEADO | G77: 79LO | H77: {=_xlfn.IFS(OR(D77="TC",D77="TP",D77="LT"),CONCATENATE(B77,"_",C77,$B$3,"_",C77,$B$3,"_",G77),D77="SECC",CONCATENATE(B77,"_",C77,$B$3,"_",$B$5,"_",G77),D77="SECF",CONCATENATE(B77,"_",C77,$B$3,"_",$B$6,"_",G77),D77="SECT",CONCATENATE(B77,"_",C77,$B$3,"_",$B$7,"_",G77),D77="SECG",CONCATENATE(B77,"_",C77,$B$3,"_",$B$8,"_",G77),D77="DJ",CONCATENATE(B77,"_",C77,$B$3,"_",$B$4,"_",G77),D77="DJ_P",CONCATENATE(B77,"_",C77,$B$3,"_",$B$4,"_P","_",G77),D77="DJ_A",CONCATENATE(B77,"_",C77,$B$3,"_",$B$4,"_A","_",G77),D77="LT_P",CONCATENATE(B77,"_",C77,$B$3,"_",C77,$B$3,"_P","_",G77),D77="LT_A",CONCATENATE(B77,"_",C77,$B$3,"_",C77,$B$3,"_A","_",G77))} -> IMA_LT1_52-1_79LO | I77: Ponto Simples | J77: NORMAL | K77: ATUADO | L77: - | M77: -
A78: NÃO | B78: =Informações!$C$3 -> IMA | C78: LT | D78: DJ | E78: D | F78: =VLOOKUP(G78,[1]Discrete!$A:$B,2,FALSE) -> 79 - RELIGAMENTO COM SUCESSO | G78: 79OK | H78: {=_xlfn.IFS(OR(D78="TC",D78="TP",D78="LT"),CONCATENATE(B78,"_",C78,$B$3,"_",C78,$B$3,"_",G78),D78="SECC",CONCATENATE(B78,"_",C78,$B$3,"_",$B$5,"_",G78),D78="SECF",CONCATENATE(B78,"_",C78,$B$3,"_",$B$6,"_",G78),D78="SECT",CONCATENATE(B78,"_",C78,$B$3,"_",$B$7,"_",G78),D78="SECG",CONCATENATE(B78,"_",C78,$B$3,"_",$B$8,"_",G78),D78="DJ",CONCATENATE(B78,"_",C78,$B$3,"_",$B$4,"_",G78),D78="DJ_P",CONCATENATE(B78,"_",C78,$B$3,"_",$B$4,"_P","_",G78),D78="DJ_A",CONCATENATE(B78,"_",C78,$B$3,"_",$B$4,"_A","_",G78),D78="LT_P",CONCATENATE(B78,"_",C78,$B$3,"_",C78,$B$3,"_P","_",G78),D78="LT_A",CONCATENATE(B78,"_",C78,$B$3,"_",C78,$B$3,"_A","_",G78))} -> IMA_LT1_52-1_79OK | I78: Ponto Simples | J78: NORMAL | K78: ATUADO | L78: - | M78: -
A79: NÃO | B79: =Informações!$C$3 -> IMA | C79: LT | D79: DJ | E79: D | F79: =VLOOKUP(G79,[1]Discrete!$A:$B,2,FALSE) -> 79 - RELIGAMENTO PRONTO | G79: 79RE | H79: {=_xlfn.IFS(OR(D79="TC",D79="TP",D79="LT"),CONCATENATE(B79,"_",C79,$B$3,"_",C79,$B$3,"_",G79),D79="SECC",CONCATENATE(B79,"_",C79,$B$3,"_",$B$5,"_",G79),D79="SECF",CONCATENATE(B79,"_",C79,$B$3,"_",$B$6,"_",G79),D79="SECT",CONCATENATE(B79,"_",C79,$B$3,"_",$B$7,"_",G79),D79="SECG",CONCATENATE(B79,"_",C79,$B$3,"_",$B$8,"_",G79),D79="DJ",CONCATENATE(B79,"_",C79,$B$3,"_",$B$4,"_",G79),D79="DJ_P",CONCATENATE(B79,"_",C79,$B$3,"_",$B$4,"_P","_",G79),D79="DJ_A",CONCATENATE(B79,"_",C79,$B$3,"_",$B$4,"_A","_",G79),D79="LT_P",CONCATENATE(B79,"_",C79,$B$3,"_",C79,$B$3,"_P","_",G79),D79="LT_A",CONCATENATE(B79,"_",C79,$B$3,"_",C79,$B$3,"_A","_",G79))} -> IMA_LT1_52-1_79RE | I79: Ponto Simples | J79: NORMAL | K79: ATUADO | L79: - | M79: -
A80: NÃO | B80: =Informações!$C$3 -> IMA | C80: LT | D80: DJ | E80: D | F80: =VLOOKUP(G80,[1]Discrete!$A:$B,2,FALSE) -> 79 - PARTIDA RELIGAMENTO | G80: 79_1 | H80: {=_xlfn.IFS(OR(D80="TC",D80="TP",D80="LT"),CONCATENATE(B80,"_",C80,$B$3,"_",C80,$B$3,"_",G80),D80="SECC",CONCATENATE(B80,"_",C80,$B$3,"_",$B$5,"_",G80),D80="SECF",CONCATENATE(B80,"_",C80,$B$3,"_",$B$6,"_",G80),D80="SECT",CONCATENATE(B80,"_",C80,$B$3,"_",$B$7,"_",G80),D80="SECG",CONCATENATE(B80,"_",C80,$B$3,"_",$B$8,"_",G80),D80="DJ",CONCATENATE(B80,"_",C80,$B$3,"_",$B$4,"_",G80),D80="DJ_P",CONCATENATE(B80,"_",C80,$B$3,"_",$B$4,"_P","_",G80),D80="DJ_A",CONCATENATE(B80,"_",C80,$B$3,"_",$B$4,"_A","_",G80),D80="LT_P",CONCATENATE(B80,"_",C80,$B$3,"_",C80,$B$3,"_P","_",G80),D80="LT_A",CONCATENATE(B80,"_",C80,$B$3,"_",C80,$B$3,"_A","_",G80))} -> IMA_LT1_52-1_79_1 | I80: Ponto Simples | J80: NORMAL | K80: ATUADO | L80: - | M80: -
A81: NÃO | B81: =Informações!$C$3 -> IMA | C81: LT | D81: DJ_P | E81: D | F81: =VLOOKUP(G81,[1]Discrete!$A:$B,2,FALSE) -> 62 - FALHA DISJUNTOR BLOQUEIO | G81: 62BF | H81: {=_xlfn.IFS(OR(D81="TC",D81="TP",D81="LT"),CONCATENATE(B81,"_",C81,$B$3,"_",C81,$B$3,"_",G81),D81="SECC",CONCATENATE(B81,"_",C81,$B$3,"_",$B$5,"_",G81),D81="SECF",CONCATENATE(B81,"_",C81,$B$3,"_",$B$6,"_",G81),D81="SECT",CONCATENATE(B81,"_",C81,$B$3,"_",$B$7,"_",G81),D81="SECG",CONCATENATE(B81,"_",C81,$B$3,"_",$B$8,"_",G81),D81="DJ",CONCATENATE(B81,"_",C81,$B$3,"_",$B$4,"_",G81),D81="DJ_P",CONCATENATE(B81,"_",C81,$B$3,"_",$B$4,"_P","_",G81),D81="DJ_A",CONCATENATE(B81,"_",C81,$B$3,"_",$B$4,"_A","_",G81),D81="LT_P",CONCATENATE(B81,"_",C81,$B$3,"_",C81,$B$3,"_P","_",G81),D81="LT_A",CONCATENATE(B81,"_",C81,$B$3,"_",C81,$B$3,"_A","_",G81))} -> IMA_LT1_52-1_P_62BF | I81: Ponto Simples | J81: NORMAL | K81: ATUADO | L81: - | M81: -
A82: NÃO | B82: =Informações!$C$3 -> IMA | C82: LT | D82: DJ_A | E82: D | F82: =VLOOKUP(G82,[1]Discrete!$A:$B,2,FALSE) -> 62 - FALHA DISJUNTOR BLOQUEIO | G82: 62BF | H82: {=_xlfn.IFS(OR(D82="TC",D82="TP",D82="LT"),CONCATENATE(B82,"_",C82,$B$3,"_",C82,$B$3,"_",G82),D82="SECC",CONCATENATE(B82,"_",C82,$B$3,"_",$B$5,"_",G82),D82="SECF",CONCATENATE(B82,"_",C82,$B$3,"_",$B$6,"_",G82),D82="SECT",CONCATENATE(B82,"_",C82,$B$3,"_",$B$7,"_",G82),D82="SECG",CONCATENATE(B82,"_",C82,$B$3,"_",$B$8,"_",G82),D82="DJ",CONCATENATE(B82,"_",C82,$B$3,"_",$B$4,"_",G82),D82="DJ_P",CONCATENATE(B82,"_",C82,$B$3,"_",$B$4,"_P","_",G82),D82="DJ_A",CONCATENATE(B82,"_",C82,$B$3,"_",$B$4,"_A","_",G82),D82="LT_P",CONCATENATE(B82,"_",C82,$B$3,"_",C82,$B$3,"_P","_",G82),D82="LT_A",CONCATENATE(B82,"_",C82,$B$3,"_",C82,$B$3,"_A","_",G82))} -> IMA_LT1_52-1_A_62BF | I82: Ponto Simples | J82: NORMAL | K82: ATUADO | L82: - | M82: -
A83: NÃO | B83: =Informações!$C$3 -> IMA | C83: LT | D83: DJ | E83: D | F83: =VLOOKUP(G83,[1]Discrete!$A:$B,2,FALSE) -> DEFEITO RELE | G83: DR | H83: {=_xlfn.IFS(OR(D83="TC",D83="TP",D83="LT"),CONCATENATE(B83,"_",C83,$B$3,"_",C83,$B$3,"_",G83),D83="SECC",CONCATENATE(B83,"_",C83,$B$3,"_",$B$5,"_",G83),D83="SECF",CONCATENATE(B83,"_",C83,$B$3,"_",$B$6,"_",G83),D83="SECT",CONCATENATE(B83,"_",C83,$B$3,"_",$B$7,"_",G83),D83="SECG",CONCATENATE(B83,"_",C83,$B$3,"_",$B$8,"_",G83),D83="DJ",CONCATENATE(B83,"_",C83,$B$3,"_",$B$4,"_",G83),D83="DJ_P",CONCATENATE(B83,"_",C83,$B$3,"_",$B$4,"_P","_",G83),D83="DJ_A",CONCATENATE(B83,"_",C83,$B$3,"_",$B$4,"_A","_",G83),D83="LT_P",CONCATENATE(B83,"_",C83,$B$3,"_",C83,$B$3,"_P","_",G83),D83="LT_A",CONCATENATE(B83,"_",C83,$B$3,"_",C83,$B$3,"_A","_",G83))} -> IMA_LT1_52-1_DR | I83: Ponto Simples | J83: NORMAL | K83: FALHA | L83: - | M83: -
A84: NÃO | B84: =Informações!$C$3 -> IMA | C84: LT | D84: DJ | E84: D | F84: =VLOOKUP(G84,[1]Discrete!$A:$B,2,FALSE) -> MINI DISJUNTOR LT | G84: MDLT | H84: {=_xlfn.IFS(OR(D84="TC",D84="TP",D84="LT"),CONCATENATE(B84,"_",C84,$B$3,"_",C84,$B$3,"_",G84),D84="SECC",CONCATENATE(B84,"_",C84,$B$3,"_",$B$5,"_",G84),D84="SECF",CONCATENATE(B84,"_",C84,$B$3,"_",$B$6,"_",G84),D84="SECT",CONCATENATE(B84,"_",C84,$B$3,"_",$B$7,"_",G84),D84="SECG",CONCATENATE(B84,"_",C84,$B$3,"_",$B$8,"_",G84),D84="DJ",CONCATENATE(B84,"_",C84,$B$3,"_",$B$4,"_",G84),D84="DJ_P",CONCATENATE(B84,"_",C84,$B$3,"_",$B$4,"_P","_",G84),D84="DJ_A",CONCATENATE(B84,"_",C84,$B$3,"_",$B$4,"_A","_",G84),D84="LT_P",CONCATENATE(B84,"_",C84,$B$3,"_",C84,$B$3,"_P","_",G84),D84="LT_A",CONCATENATE(B84,"_",C84,$B$3,"_",C84,$B$3,"_A","_",G84))} -> IMA_LT1_52-1_MDLT | I84: Ponto Simples | J84: DESLIGADO | K84: LIGADO | L84: - | M84: -
A85: NÃO | B85: =Informações!$C$3 -> IMA | C85: LT | D85: DJ | E85: D | F85: =VLOOKUP(G85,[1]Discrete!$A:$B,2,FALSE) -> MINI DISJUNTOR BARRA PAINEL | G85: MDBC | H85: {=_xlfn.IFS(OR(D85="TC",D85="TP",D85="LT"),CONCATENATE(B85,"_",C85,$B$3,"_",C85,$B$3,"_",G85),D85="SECC",CONCATENATE(B85,"_",C85,$B$3,"_",$B$5,"_",G85),D85="SECF",CONCATENATE(B85,"_",C85,$B$3,"_",$B$6,"_",G85),D85="SECT",CONCATENATE(B85,"_",C85,$B$3,"_",$B$7,"_",G85),D85="SECG",CONCATENATE(B85,"_",C85,$B$3,"_",$B$8,"_",G85),D85="DJ",CONCATENATE(B85,"_",C85,$B$3,"_",$B$4,"_",G85),D85="DJ_P",CONCATENATE(B85,"_",C85,$B$3,"_",$B$4,"_P","_",G85),D85="DJ_A",CONCATENATE(B85,"_",C85,$B$3,"_",$B$4,"_A","_",G85),D85="LT_P",CONCATENATE(B85,"_",C85,$B$3,"_",C85,$B$3,"_P","_",G85),D85="LT_A",CONCATENATE(B85,"_",C85,$B$3,"_",C85,$B$3,"_A","_",G85))} -> IMA_LT1_52-1_MDBC | I85: Ponto Simples | J85: DESLIGADO | K85: LIGADO | L85: - | M85: -
A86: NÃO | B86: =Informações!$C$3 -> IMA | C86: LT | D86: DJ_P | E86: D | F86: =VLOOKUP(G86,[1]Discrete!$A:$B,2,FALSE) -> FASE A | G86: FA | H86: {=_xlfn.IFS(OR(D86="TC",D86="TP",D86="LT"),CONCATENATE(B86,"_",C86,$B$3,"_",C86,$B$3,"_",G86),D86="SECC",CONCATENATE(B86,"_",C86,$B$3,"_",$B$5,"_",G86),D86="SECF",CONCATENATE(B86,"_",C86,$B$3,"_",$B$6,"_",G86),D86="SECT",CONCATENATE(B86,"_",C86,$B$3,"_",$B$7,"_",G86),D86="SECG",CONCATENATE(B86,"_",C86,$B$3,"_",$B$8,"_",G86),D86="DJ",CONCATENATE(B86,"_",C86,$B$3,"_",$B$4,"_",G86),D86="DJ_P",CONCATENATE(B86,"_",C86,$B$3,"_",$B$4,"_P","_",G86),D86="DJ_A",CONCATENATE(B86,"_",C86,$B$3,"_",$B$4,"_A","_",G86),D86="LT_P",CONCATENATE(B86,"_",C86,$B$3,"_",C86,$B$3,"_P","_",G86),D86="LT_A",CONCATENATE(B86,"_",C86,$B$3,"_",C86,$B$3,"_A","_",G86))} -> IMA_LT1_52-1_P_FA | I86: Ponto Simples | J86: NORMAL | K86: ATUADO | L86: - | M86: -
A87: NÃO | B87: =Informações!$C$3 -> IMA | C87: LT | D87: DJ_P | E87: D | F87: =VLOOKUP(G87,[1]Discrete!$A:$B,2,FALSE) -> FASE B | G87: FB | H87: {=_xlfn.IFS(OR(D87="TC",D87="TP",D87="LT"),CONCATENATE(B87,"_",C87,$B$3,"_",C87,$B$3,"_",G87),D87="SECC",CONCATENATE(B87,"_",C87,$B$3,"_",$B$5,"_",G87),D87="SECF",CONCATENATE(B87,"_",C87,$B$3,"_",$B$6,"_",G87),D87="SECT",CONCATENATE(B87,"_",C87,$B$3,"_",$B$7,"_",G87),D87="SECG",CONCATENATE(B87,"_",C87,$B$3,"_",$B$8,"_",G87),D87="DJ",CONCATENATE(B87,"_",C87,$B$3,"_",$B$4,"_",G87),D87="DJ_P",CONCATENATE(B87,"_",C87,$B$3,"_",$B$4,"_P","_",G87),D87="DJ_A",CONCATENATE(B87,"_",C87,$B$3,"_",$B$4,"_A","_",G87),D87="LT_P",CONCATENATE(B87,"_",C87,$B$3,"_",C87,$B$3,"_P","_",G87),D87="LT_A",CONCATENATE(B87,"_",C87,$B$3,"_",C87,$B$3,"_A","_",G87))} -> IMA_LT1_52-1_P_FB | I87: Ponto Simples | J87: NORMAL | K87: ATUADO | L87: - | M87: -
... A116: NÃO | B116: =Informações!$C$3 -> IMA | C116: LT | D116: LT_A | E116: D | F116: =VLOOKUP(G116,[1]Discrete!$A:$B,2,FALSE) -> 21 - TRIP ZONA 5 | G116: 21Z5 | H116: {=_xlfn.IFS(OR(D116="TC",D116="TP",D116="LT"),CONCATENATE(B116,"_",C116,$B$3,"_",C116,$B$3,"_",G116),D116="SECC",CONCATENATE(B116,"_",C116,$B$3,"_",$B$5,"_",G116),D116="SECF",CONCATENATE(B116,"_",C116,$B$3,"_",$B$6,"_",G116),D116="SECT",CONCATENATE(B116,"_",C116,$B$3,"_",$B$7,"_",G116),D116="SECG",CONCATENATE(B116,"_",C116,$B$3,"_",$B$8,"_",G116),D116="DJ",CONCATENATE(B116,"_",C116,$B$3,"_",$B$4,"_",G116),D116="DJ_P",CONCATENATE(B116,"_",C116,$B$3,"_",$B$4,"_P","_",G116),D116="DJ_A",CONCATENATE(B116,"_",C116,$B$3,"_",$B$4,"_A","_",G116),D116="LT_P",CONCATENATE(B116,"_",C116,$B$3,"_",C116,$B$3,"_P","_",G116),D116="LT_A",CONCATENATE(B116,"_",C116,$B$3,"_",C116,$B$3,"_A","_",G116))} -> IMA_LT1_LT1_A_21Z5 | I116: Ponto Simples | J116: NORMAL | K116: ATUADO | L116: - | M116: -
A117: NÃO | B117: =Informações!$C$3 -> IMA | C117: LT | D117: LT | E117: D | F117: =VLOOKUP(G117,[1]Discrete!$A:$B,2,FALSE) -> #N/A | G117: 21 | H117: {=_xlfn.IFS(OR(D117="TC",D117="TP",D117="LT"),CONCATENATE(B117,"_",C117,$B$3,"_",C117,$B$3,"_",G117),D117="SECC",CONCATENATE(B117,"_",C117,$B$3,"_",$B$5,"_",G117),D117="SECF",CONCATENATE(B117,"_",C117,$B$3,"_",$B$6,"_",G117),D117="SECT",CONCATENATE(B117,"_",C117,$B$3,"_",$B$7,"_",G117),D117="SECG",CONCATENATE(B117,"_",C117,$B$3,"_",$B$8,"_",G117),D117="DJ",CONCATENATE(B117,"_",C117,$B$3,"_",$B$4,"_",G117),D117="DJ_P",CONCATENATE(B117,"_",C117,$B$3,"_",$B$4,"_P","_",G117),D117="DJ_A",CONCATENATE(B117,"_",C117,$B$3,"_",$B$4,"_A","_",G117),D117="LT_P",CONCATENATE(B117,"_",C117,$B$3,"_",C117,$B$3,"_P","_",G117),D117="LT_A",CONCATENATE(B117,"_",C117,$B$3,"_",C117,$B$3,"_A","_",G117))} -> IMA_LT1_LT1_21 | I117: Ponto Simples | J117: NORMAL | K117: ATUADO | L117: - | M117: -
A118: NÃO | B118: =Informações!$C$3 -> IMA | C118: LT | D118: DJ_P | E118: D | F118: =VLOOKUP(G118,[1]Discrete!$A:$B,2,FALSE) -> 27 - TRIP SUBTENSAO | G118: 27_T | H118: {=_xlfn.IFS(OR(D118="TC",D118="TP",D118="LT"),CONCATENATE(B118,"_",C118,$B$3,"_",C118,$B$3,"_",G118),D118="SECC",CONCATENATE(B118,"_",C118,$B$3,"_",$B$5,"_",G118),D118="SECF",CONCATENATE(B118,"_",C118,$B$3,"_",$B$6,"_",G118),D118="SECT",CONCATENATE(B118,"_",C118,$B$3,"_",$B$7,"_",G118),D118="SECG",CONCATENATE(B118,"_",C118,$B$3,"_",$B$8,"_",G118),D118="DJ",CONCATENATE(B118,"_",C118,$B$3,"_",$B$4,"_",G118),D118="DJ_P",CONCATENATE(B118,"_",C118,$B$3,"_",$B$4,"_P","_",G118),D118="DJ_A",CONCATENATE(B118,"_",C118,$B$3,"_",$B$4,"_A","_",G118),D118="LT_P",CONCATENATE(B118,"_",C118,$B$3,"_",C118,$B$3,"_P","_",G118),D118="LT_A",CONCATENATE(B118,"_",C118,$B$3,"_",C118,$B$3,"_A","_",G118))} -> IMA_LT1_52-1_P_27_T | I118: Ponto Simples | J118: NORMAL | K118: ATUADO | L118: - | M118: -
A119: NÃO | B119: =Informações!$C$3 -> IMA | C119: LT | D119: DJ_P | E119: D | F119: =VLOOKUP(G119,[1]Discrete!$A:$B,2,FALSE) -> 59 - TRIP SOBRETENSAO | G119: 59_T | H119: {=_xlfn.IFS(OR(D119="TC",D119="TP",D119="LT"),CONCATENATE(B119,"_",C119,$B$3,"_",C119,$B$3,"_",G119),D119="SECC",CONCATENATE(B119,"_",C119,$B$3,"_",$B$5,"_",G119),D119="SECF",CONCATENATE(B119,"_",C119,$B$3,"_",$B$6,"_",G119),D119="SECT",CONCATENATE(B119,"_",C119,$B$3,"_",$B$7,"_",G119),D119="SECG",CONCATENATE(B119,"_",C119,$B$3,"_",$B$8,"_",G119),D119="DJ",CONCATENATE(B119,"_",C119,$B$3,"_",$B$4,"_",G119),D119="DJ_P",CONCATENATE(B119,"_",C119,$B$3,"_",$B$4,"_P","_",G119),D119="DJ_A",CONCATENATE(B119,"_",C119,$B$3,"_",$B$4,"_A","_",G119),D119="LT_P",CONCATENATE(B119,"_",C119,$B$3,"_",C119,$B$3,"_P","_",G119),D119="LT_A",CONCATENATE(B119,"_",C119,$B$3,"_",C119,$B$3,"_A","_",G119))} -> IMA_LT1_52-1_P_59_T | I119: Ponto Simples | J119: NORMAL | K119: ATUADO | L119: - | M119: -
A120: NÃO | B120: =Informações!$C$3 -> IMA | C120: LT | D120: DJ_A | E120: D | F120: =VLOOKUP(G120,[1]Discrete!$A:$B,2,FALSE) -> 27 - TRIP SUBTENSAO | G120: 27_T | H120: {=_xlfn.IFS(OR(D120="TC",D120="TP",D120="LT"),CONCATENATE(B120,"_",C120,$B$3,"_",C120,$B$3,"_",G120),D120="SECC",CONCATENATE(B120,"_",C120,$B$3,"_",$B$5,"_",G120),D120="SECF",CONCATENATE(B120,"_",C120,$B$3,"_",$B$6,"_",G120),D120="SECT",CONCATENATE(B120,"_",C120,$B$3,"_",$B$7,"_",G120),D120="SECG",CONCATENATE(B120,"_",C120,$B$3,"_",$B$8,"_",G120),D120="DJ",CONCATENATE(B120,"_",C120,$B$3,"_",$B$4,"_",G120),D120="DJ_P",CONCATENATE(B120,"_",C120,$B$3,"_",$B$4,"_P","_",G120),D120="DJ_A",CONCATENATE(B120,"_",C120,$B$3,"_",$B$4,"_A","_",G120),D120="LT_P",CONCATENATE(B120,"_",C120,$B$3,"_",C120,$B$3,"_P","_",G120),D120="LT_A",CONCATENATE(B120,"_",C120,$B$3,"_",C120,$B$3,"_A","_",G120))} -> IMA_LT1_52-1_A_27_T | I120: Ponto Simples | J120: NORMAL | K120: ATUADO | L120: - | M120: -
A121: NÃO | B121: =Informações!$C$3 -> IMA | C121: LT | D121: DJ_A | E121: D | F121: =VLOOKUP(G121,[1]Discrete!$A:$B,2,FALSE) -> 59 - TRIP SOBRETENSAO | G121: 59_T | H121: {=_xlfn.IFS(OR(D121="TC",D121="TP",D121="LT"),CONCATENATE(B121,"_",C121,$B$3,"_",C121,$B$3,"_",G121),D121="SECC",CONCATENATE(B121,"_",C121,$B$3,"_",$B$5,"_",G121),D121="SECF",CONCATENATE(B121,"_",C121,$B$3,"_",$B$6,"_",G121),D121="SECT",CONCATENATE(B121,"_",C121,$B$3,"_",$B$7,"_",G121),D121="SECG",CONCATENATE(B121,"_",C121,$B$3,"_",$B$8,"_",G121),D121="DJ",CONCATENATE(B121,"_",C121,$B$3,"_",$B$4,"_",G121),D121="DJ_P",CONCATENATE(B121,"_",C121,$B$3,"_",$B$4,"_P","_",G121),D121="DJ_A",CONCATENATE(B121,"_",C121,$B$3,"_",$B$4,"_A","_",G121),D121="LT_P",CONCATENATE(B121,"_",C121,$B$3,"_",C121,$B$3,"_P","_",G121),D121="LT_A",CONCATENATE(B121,"_",C121,$B$3,"_",C121,$B$3,"_A","_",G121))} -> IMA_LT1_52-1_A_59_T | I121: Ponto Simples | J121: NORMAL | K121: ATUADO | L121: - | M121: -
A122: NÃO | B122: =Informações!$C$3 -> IMA | C122: LT | D122: DJ | E122: D | F122: =VLOOKUP(G122,[1]Discrete!$A:$B,2,FALSE) -> #N/A | G122: 27 | H122: {=_xlfn.IFS(OR(D122="TC",D122="TP",D122="LT"),CONCATENATE(B122,"_",C122,$B$3,"_",C122,$B$3,"_",G122),D122="SECC",CONCATENATE(B122,"_",C122,$B$3,"_",$B$5,"_",G122),D122="SECF",CONCATENATE(B122,"_",C122,$B$3,"_",$B$6,"_",G122),D122="SECT",CONCATENATE(B122,"_",C122,$B$3,"_",$B$7,"_",G122),D122="SECG",CONCATENATE(B122,"_",C122,$B$3,"_",$B$8,"_",G122),D122="DJ",CONCATENATE(B122,"_",C122,$B$3,"_",$B$4,"_",G122),D122="DJ_P",CONCATENATE(B122,"_",C122,$B$3,"_",$B$4,"_P","_",G122),D122="DJ_A",CONCATENATE(B122,"_",C122,$B$3,"_",$B$4,"_A","_",G122),D122="LT_P",CONCATENATE(B122,"_",C122,$B$3,"_",C122,$B$3,"_P","_",G122),D122="LT_A",CONCATENATE(B122,"_",C122,$B$3,"_",C122,$B$3,"_A","_",G122))} -> IMA_LT1_52-1_27 | I122: Ponto Simples | J122: NORMAL | K122: ATUADO | L122: - | M122: -
A123: NÃO | B123: =Informações!$C$3 -> IMA | C123: LT | D123: DJ | E123: D | F123: =VLOOKUP(G123,[1]Discrete!$A:$B,2,FALSE) -> #N/A | G123: 59 | H123: {=_xlfn.IFS(OR(D123="TC",D123="TP",D123="LT"),CONCATENATE(B123,"_",C123,$B$3,"_",C123,$B$3,"_",G123),D123="SECC",CONCATENATE(B123,"_",C123,$B$3,"_",$B$5,"_",G123),D123="SECF",CONCATENATE(B123,"_",C123,$B$3,"_",$B$6,"_",G123),D123="SECT",CONCATENATE(B123,"_",C123,$B$3,"_",$B$7,"_",G123),D123="SECG",CONCATENATE(B123,"_",C123,$B$3,"_",$B$8,"_",G123),D123="DJ",CONCATENATE(B123,"_",C123,$B$3,"_",$B$4,"_",G123),D123="DJ_P",CONCATENATE(B123,"_",C123,$B$3,"_",$B$4,"_P","_",G123),D123="DJ_A",CONCATENATE(B123,"_",C123,$B$3,"_",$B$4,"_A","_",G123),D123="LT_P",CONCATENATE(B123,"_",C123,$B$3,"_",C123,$B$3,"_P","_",G123),D123="LT_A",CONCATENATE(B123,"_",C123,$B$3,"_",C123,$B$3,"_A","_",G123))} -> IMA_LT1_52-1_59 | I123: Ponto Simples | J123: NORMAL | K123: ATUADO | L123: - | M123: -
A124: NÃO | B124: =Informações!$C$3 -> IMA | C124: LT | D124: DJ_P | E124: D | F124: =VLOOKUP(G124,[1]Discrete!$A:$B,2,FALSE) -> 81 - TRIP SUB FREQUENCIA | G124: 81SU | H124: {=_xlfn.IFS(OR(D124="TC",D124="TP",D124="LT"),CONCATENATE(B124,"_",C124,$B$3,"_",C124,$B$3,"_",G124),D124="SECC",CONCATENATE(B124,"_",C124,$B$3,"_",$B$5,"_",G124),D124="SECF",CONCATENATE(B124,"_",C124,$B$3,"_",$B$6,"_",G124),D124="SECT",CONCATENATE(B124,"_",C124,$B$3,"_",$B$7,"_",G124),D124="SECG",CONCATENATE(B124,"_",C124,$B$3,"_",$B$8,"_",G124),D124="DJ",CONCATENATE(B124,"_",C124,$B$3,"_",$B$4,"_",G124),D124="DJ_P",CONCATENATE(B124,"_",C124,$B$3,"_",$B$4,"_P","_",G124),D124="DJ_A",CONCATENATE(B124,"_",C124,$B$3,"_",$B$4,"_A","_",G124),D124="LT_P",CONCATENATE(B124,"_",C124,$B$3,"_",C124,$B$3,"_P","_",G124),D124="LT_A",CONCATENATE(B124,"_",C124,$B$3,"_",C124,$B$3,"_A","_",G124))} -> IMA_LT1_52-1_P_81SU | I124: Ponto Simples | J124: NORMAL | K124: ATUADO | L124: - | M124: -
A125: NÃO | B125: =Informações!$C$3 -> IMA | C125: LT | D125: DJ_P | E125: D | F125: =VLOOKUP(G125,[1]Discrete!$A:$B,2,FALSE) -> 81 - TRIP SUB/SOBRE FREQUENCIA E1 | G125: 81E1 | H125: {=_xlfn.IFS(OR(D125="TC",D125="TP",D125="LT"),CONCATENATE(B125,"_",C125,$B$3,"_",C125,$B$3,"_",G125),D125="SECC",CONCATENATE(B125,"_",C125,$B$3,"_",$B$5,"_",G125),D125="SECF",CONCATENATE(B125,"_",C125,$B$3,"_",$B$6,"_",G125),D125="SECT",CONCATENATE(B125,"_",C125,$B$3,"_",$B$7,"_",G125),D125="SECG",CONCATENATE(B125,"_",C125,$B$3,"_",$B$8,"_",G125),D125="DJ",CONCATENATE(B125,"_",C125,$B$3,"_",$B$4,"_",G125),D125="DJ_P",CONCATENATE(B125,"_",C125,$B$3,"_",$B$4,"_P","_",G125),D125="DJ_A",CONCATENATE(B125,"_",C125,$B$3,"_",$B$4,"_A","_",G125),D125="LT_P",CONCATENATE(B125,"_",C125,$B$3,"_",C125,$B$3,"_P","_",G125),D125="LT_A",CONCATENATE(B125,"_",C125,$B$3,"_",C125,$B$3,"_A","_",G125))} -> IMA_LT1_52-1_P_81E1 | I125: Ponto Simples | J125: NORMAL | K125: ATUADO | L125: - | M125: -
A126: NÃO | B126: =Informações!$C$3 -> IMA | C126: LT | D126: DJ_P | E126: D | F126: =VLOOKUP(G126,[1]Discrete!$A:$B,2,FALSE) -> 81 - TRIP SUB/SOBRE FREQUENCIA E2 | G126: 81E2 | H126: {=_xlfn.IFS(OR(D126="TC",D126="TP",D126="LT"),CONCATENATE(B126,"_",C126,$B$3,"_",C126,$B$3,"_",G126),D126="SECC",CONCATENATE(B126,"_",C126,$B$3,"_",$B$5,"_",G126),D126="SECF",CONCATENATE(B126,"_",C126,$B$3,"_",$B$6,"_",G126),D126="SECT",CONCATENATE(B126,"_",C126,$B$3,"_",$B$7,"_",G126),D126="SECG",CONCATENATE(B126,"_",C126,$B$3,"_",$B$8,"_",G126),D126="DJ",CONCATENATE(B126,"_",C126,$B$3,"_",$B$4,"_",G126),D126="DJ_P",CONCATENATE(B126,"_",C126,$B$3,"_",$B$4,"_P","_",G126),D126="DJ_A",CONCATENATE(B126,"_",C126,$B$3,"_",$B$4,"_A","_",G126),D126="LT_P",CONCATENATE(B126,"_",C126,$B$3,"_",C126,$B$3,"_P","_",G126),D126="LT_A",CONCATENATE(B126,"_",C126,$B$3,"_",C126,$B$3,"_A","_",G126))} -> IMA_LT1_52-1_P_81E2 | I126: Ponto Simples | J126: NORMAL | K126: ATUADO | L126: - | M126: -
A127: NÃO | B127: =Informações!$C$3 -> IMA | C127: LT | D127: DJ_P | E127: D | F127: =VLOOKUP(G127,[1]Discrete!$A:$B,2,FALSE) -> 81 - TRIP SUB/SOBRE FREQUENCIA E3 | G127: 81E3 | H127: {=_xlfn.IFS(OR(D127="TC",D127="TP",D127="LT"),CONCATENATE(B127,"_",C127,$B$3,"_",C127,$B$3,"_",G127),D127="SECC",CONCATENATE(B127,"_",C127,$B$3,"_",$B$5,"_",G127),D127="SECF",CONCATENATE(B127,"_",C127,$B$3,"_",$B$6,"_",G127),D127="SECT",CONCATENATE(B127,"_",C127,$B$3,"_",$B$7,"_",G127),D127="SECG",CONCATENATE(B127,"_",C127,$B$3,"_",$B$8,"_",G127),D127="DJ",CONCATENATE(B127,"_",C127,$B$3,"_",$B$4,"_",G127),D127="DJ_P",CONCATENATE(B127,"_",C127,$B$3,"_",$B$4,"_P","_",G127),D127="DJ_A",CONCATENATE(B127,"_",C127,$B$3,"_",$B$4,"_A","_",G127),D127="LT_P",CONCATENATE(B127,"_",C127,$B$3,"_",C127,$B$3,"_P","_",G127),D127="LT_A",CONCATENATE(B127,"_",C127,$B$3,"_",C127,$B$3,"_A","_",G127))} -> IMA_LT1_52-1_P_81E3 | I127: Ponto Simples | J127: NORMAL | K127: ATUADO | L127: - | M127: -
A128: NÃO | B128: =Informações!$C$3 -> IMA | C128: LT | D128: DJ_P | E128: D | F128: =VLOOKUP(G128,[1]Discrete!$A:$B,2,FALSE) -> 81 - TRIP SUB/SOBRE FREQUENCIA E4 | G128: 81E4 | H128: {=_xlfn.IFS(OR(D128="TC",D128="TP",D128="LT"),CONCATENATE(B128,"_",C128,$B$3,"_",C128,$B$3,"_",G128),D128="SECC",CONCATENATE(B128,"_",C128,$B$3,"_",$B$5,"_",G128),D128="SECF",CONCATENATE(B128,"_",C128,$B$3,"_",$B$6,"_",G128),D128="SECT",CONCATENATE(B128,"_",C128,$B$3,"_",$B$7,"_",G128),D128="SECG",CONCATENATE(B128,"_",C128,$B$3,"_",$B$8,"_",G128),D128="DJ",CONCATENATE(B128,"_",C128,$B$3,"_",$B$4,"_",G128),D128="DJ_P",CONCATENATE(B128,"_",C128,$B$3,"_",$B$4,"_P","_",G128),D128="DJ_A",CONCATENATE(B128,"_",C128,$B$3,"_",$B$4,"_A","_",G128),D128="LT_P",CONCATENATE(B128,"_",C128,$B$3,"_",C128,$B$3,"_P","_",G128),D128="LT_A",CONCATENATE(B128,"_",C128,$B$3,"_",C128,$B$3,"_A","_",G128))} -> IMA_LT1_52-1_P_81E4 | I128: Ponto Simples | J128: NORMAL | K128: ATUADO | L128: - | M128: -
A129: NÃO | B129: =Informações!$C$3 -> IMA | C129: LT | D129: DJ_P | E129: D | F129: 81 - TRIP SUB/SOBRE FREQUENCIA ESTAGIO 5 | G129: 81E5 | H129: {=_xlfn.IFS(OR(D129="TC",D129="TP",D129="LT"),CONCATENATE(B129,"_",C129,$B$3,"_",C129,$B$3,"_",G129),D129="SECC",CONCATENATE(B129,"_",C129,$B$3,"_",$B$5,"_",G129),D129="SECF",CONCATENATE(B129,"_",C129,$B$3,"_",$B$6,"_",G129),D129="SECT",CONCATENATE(B129,"_",C129,$B$3,"_",$B$7,"_",G129),D129="SECG",CONCATENATE(B129,"_",C129,$B$3,"_",$B$8,"_",G129),D129="DJ",CONCATENATE(B129,"_",C129,$B$3,"_",$B$4,"_",G129),D129="DJ_P",CONCATENATE(B129,"_",C129,$B$3,"_",$B$4,"_P","_",G129),D129="DJ_A",CONCATENATE(B129,"_",C129,$B$3,"_",$B$4,"_A","_",G129),D129="LT_P",CONCATENATE(B129,"_",C129,$B$3,"_",C129,$B$3,"_P","_",G129),D129="LT_A",CONCATENATE(B129,"_",C129,$B$3,"_",C129,$B$3,"_A","_",G129))} -> IMA_LT1_52-1_P_81E5 | I129: Ponto Simples | J129: NORMAL | K129: ATUADO | L129: - | M129: -
A130: NÃO | B130: =Informações!$C$3 -> IMA | C130: LT | D130: DJ_A | E130: D | F130: =VLOOKUP(G130,[1]Discrete!$A:$B,2,FALSE) -> 81 - TRIP SUB FREQUENCIA | G130: 81SU | H130: {=_xlfn.IFS(OR(D130="TC",D130="TP",D130="LT"),CONCATENATE(B130,"_",C130,$B$3,"_",C130,$B$3,"_",G130),D130="SECC",CONCATENATE(B130,"_",C130,$B$3,"_",$B$5,"_",G130),D130="SECF",CONCATENATE(B130,"_",C130,$B$3,"_",$B$6,"_",G130),D130="SECT",CONCATENATE(B130,"_",C130,$B$3,"_",$B$7,"_",G130),D130="SECG",CONCATENATE(B130,"_",C130,$B$3,"_",$B$8,"_",G130),D130="DJ",CONCATENATE(B130,"_",C130,$B$3,"_",$B$4,"_",G130),D130="DJ_P",CONCATENATE(B130,"_",C130,$B$3,"_",$B$4,"_P","_",G130),D130="DJ_A",CONCATENATE(B130,"_",C130,$B$3,"_",$B$4,"_A","_",G130),D130="LT_P",CONCATENATE(B130,"_",C130,$B$3,"_",C130,$B$3,"_P","_",G130),D130="LT_A",CONCATENATE(B130,"_",C130,$B$3,"_",C130,$B$3,"_A","_",G130))} -> IMA_LT1_52-1_A_81SU | I130: Ponto Simples | J130: NORMAL | K130: ATUADO | L130: - | M130: -
A131: NÃO | B131: =Informações!$C$3 -> IMA | C131: LT | D131: DJ_A | E131: D | F131: =VLOOKUP(G131,[1]Discrete!$A:$B,2,FALSE) -> 81 - TRIP SUB/SOBRE FREQUENCIA E1 | G131: 81E1 | H131: {=_xlfn.IFS(OR(D131="TC",D131="TP",D131="LT"),CONCATENATE(B131,"_",C131,$B$3,"_",C131,$B$3,"_",G131),D131="SECC",CONCATENATE(B131,"_",C131,$B$3,"_",$B$5,"_",G131),D131="SECF",CONCATENATE(B131,"_",C131,$B$3,"_",$B$6,"_",G131),D131="SECT",CONCATENATE(B131,"_",C131,$B$3,"_",$B$7,"_",G131),D131="SECG",CONCATENATE(B131,"_",C131,$B$3,"_",$B$8,"_",G131),D131="DJ",CONCATENATE(B131,"_",C131,$B$3,"_",$B$4,"_",G131),D131="DJ_P",CONCATENATE(B131,"_",C131,$B$3,"_",$B$4,"_P","_",G131),D131="DJ_A",CONCATENATE(B131,"_",C131,$B$3,"_",$B$4,"_A","_",G131),D131="LT_P",CONCATENATE(B131,"_",C131,$B$3,"_",C131,$B$3,"_P","_",G131),D131="LT_A",CONCATENATE(B131,"_",C131,$B$3,"_",C131,$B$3,"_A","_",G131))} -> IMA_LT1_52-1_A_81E1 | I131: Ponto Simples | J131: NORMAL | K131: ATUADO | L131: - | M131: -
A132: NÃO | B132: =Informações!$C$3 -> IMA | C132: LT | D132: DJ_A | E132: D | F132: =VLOOKUP(G132,[1]Discrete!$A:$B,2,FALSE) -> 81 - TRIP SUB/SOBRE FREQUENCIA E2 | G132: 81E2 | H132: {=_xlfn.IFS(OR(D132="TC",D132="TP",D132="LT"),CONCATENATE(B132,"_",C132,$B$3,"_",C132,$B$3,"_",G132),D132="SECC",CONCATENATE(B132,"_",C132,$B$3,"_",$B$5,"_",G132),D132="SECF",CONCATENATE(B132,"_",C132,$B$3,"_",$B$6,"_",G132),D132="SECT",CONCATENATE(B132,"_",C132,$B$3,"_",$B$7,"_",G132),D132="SECG",CONCATENATE(B132,"_",C132,$B$3,"_",$B$8,"_",G132),D132="DJ",CONCATENATE(B132,"_",C132,$B$3,"_",$B$4,"_",G132),D132="DJ_P",CONCATENATE(B132,"_",C132,$B$3,"_",$B$4,"_P","_",G132),D132="DJ_A",CONCATENATE(B132,"_",C132,$B$3,"_",$B$4,"_A","_",G132),D132="LT_P",CONCATENATE(B132,"_",C132,$B$3,"_",C132,$B$3,"_P","_",G132),D132="LT_A",CONCATENATE(B132,"_",C132,$B$3,"_",C132,$B$3,"_A","_",G132))} -> IMA_LT1_52-1_A_81E2 | I132: Ponto Simples | J132: NORMAL | K132: ATUADO | L132: - | M132: -
A133: NÃO | B133: =Informações!$C$3 -> IMA | C133: LT | D133: DJ_A | E133: D | F133: =VLOOKUP(G133,[1]Discrete!$A:$B,2,FALSE) -> 81 - TRIP SUB/SOBRE FREQUENCIA E3 | G133: 81E3 | H133: {=_xlfn.IFS(OR(D133="TC",D133="TP",D133="LT"),CONCATENATE(B133,"_",C133,$B$3,"_",C133,$B$3,"_",G133),D133="SECC",CONCATENATE(B133,"_",C133,$B$3,"_",$B$5,"_",G133),D133="SECF",CONCATENATE(B133,"_",C133,$B$3,"_",$B$6,"_",G133),D133="SECT",CONCATENATE(B133,"_",C133,$B$3,"_",$B$7,"_",G133),D133="SECG",CONCATENATE(B133,"_",C133,$B$3,"_",$B$8,"_",G133),D133="DJ",CONCATENATE(B133,"_",C133,$B$3,"_",$B$4,"_",G133),D133="DJ_P",CONCATENATE(B133,"_",C133,$B$3,"_",$B$4,"_P","_",G133),D133="DJ_A",CONCATENATE(B133,"_",C133,$B$3,"_",$B$4,"_A","_",G133),D133="LT_P",CONCATENATE(B133,"_",C133,$B$3,"_",C133,$B$3,"_P","_",G133),D133="LT_A",CONCATENATE(B133,"_",C133,$B$3,"_",C133,$B$3,"_A","_",G133))} -> IMA_LT1_52-1_A_81E3 | I133: Ponto Simples | J133: NORMAL | K133: ATUADO | L133: - | M133: -
A134: NÃO | B134: =Informações!$C$3 -> IMA | C134: LT | D134: DJ_A | E134: D | F134: =VLOOKUP(G134,[1]Discrete!$A:$B,2,FALSE) -> 81 - TRIP SUB/SOBRE FREQUENCIA E4 | G134: 81E4 | H134: {=_xlfn.IFS(OR(D134="TC",D134="TP",D134="LT"),CONCATENATE(B134,"_",C134,$B$3,"_",C134,$B$3,"_",G134),D134="SECC",CONCATENATE(B134,"_",C134,$B$3,"_",$B$5,"_",G134),D134="SECF",CONCATENATE(B134,"_",C134,$B$3,"_",$B$6,"_",G134),D134="SECT",CONCATENATE(B134,"_",C134,$B$3,"_",$B$7,"_",G134),D134="SECG",CONCATENATE(B134,"_",C134,$B$3,"_",$B$8,"_",G134),D134="DJ",CONCATENATE(B134,"_",C134,$B$3,"_",$B$4,"_",G134),D134="DJ_P",CONCATENATE(B134,"_",C134,$B$3,"_",$B$4,"_P","_",G134),D134="DJ_A",CONCATENATE(B134,"_",C134,$B$3,"_",$B$4,"_A","_",G134),D134="LT_P",CONCATENATE(B134,"_",C134,$B$3,"_",C134,$B$3,"_P","_",G134),D134="LT_A",CONCATENATE(B134,"_",C134,$B$3,"_",C134,$B$3,"_A","_",G134))} -> IMA_LT1_52-1_A_81E4 | I134: Ponto Simples | J134: NORMAL | K134: ATUADO | L134: - | M134: -
A135: NÃO | B135: =Informações!$C$3 -> IMA | C135: LT | D135: DJ_A | E135: D | F135: 81 - TRIP SUB/SOBRE FREQUENCIA ESTAGIO 5 | G135: 81E5 | H135: {=_xlfn.IFS(OR(D135="TC",D135="TP",D135="LT"),CONCATENATE(B135,"_",C135,$B$3,"_",C135,$B$3,"_",G135),D135="SECC",CONCATENATE(B135,"_",C135,$B$3,"_",$B$5,"_",G135),D135="SECF",CONCATENATE(B135,"_",C135,$B$3,"_",$B$6,"_",G135),D135="SECT",CONCATENATE(B135,"_",C135,$B$3,"_",$B$7,"_",G135),D135="SECG",CONCATENATE(B135,"_",C135,$B$3,"_",$B$8,"_",G135),D135="DJ",CONCATENATE(B135,"_",C135,$B$3,"_",$B$4,"_",G135),D135="DJ_P",CONCATENATE(B135,"_",C135,$B$3,"_",$B$4,"_P","_",G135),D135="DJ_A",CONCATENATE(B135,"_",C135,$B$3,"_",$B$4,"_A","_",G135),D135="LT_P",CONCATENATE(B135,"_",C135,$B$3,"_",C135,$B$3,"_P","_",G135),D135="LT_A",CONCATENATE(B135,"_",C135,$B$3,"_",C135,$B$3,"_A","_",G135))} -> IMA_LT1_52-1_A_81E5 | I135: Ponto Simples | J135: NORMAL | K135: ATUADO | L135: - | M135: -
...

Sheet LT 2 (FUTURO)
A1: MÓDULO - LINHA DE TRANSMISSÃO - LT 69KV (FUTURO) - 02F1/02F2
A2: EQUIPAMENTO | B2: NÚMERO OPERATIVO / MNEMNICO
A3: MÓDULO | B3: 2
A4: DJ | B4: 52-2
A5: SECC | B5: 89-10
A6: SECF | B6: 89-8
A7: SECT | B7: 89-12
A8: SECG | B8: 29-3
A10: Utilizado? | B10: SUBESTAÇÃO | C10: MÓDULO | D10: EQUIPAMENTO | E10: TIPO | F10: DESCRIÇÃO DO PONTO | G10: SIGLA SINAL | H10: NOME | I10: Tipo | J10: Nível Lógico 0 | K10: Nível Lógico 1 | L10: Escala | M10: Control Code / Qualificador | N10: INDEX DNP3
A11: NÃO | B11: =Informações!$C$3 -> IMA | C11: LT | D11: TC | E11: A | F11: =VLOOKUP(G11,[1]Analog!$A:$B,2,FALSE) -> CORRENTE FASE A | G11: IA | H11: {=_xlfn.IFS(OR(D11="TC",D11="TP",D11="LT"),CONCATENATE(B11,"_",C11,$B$3,"_",C11,$B$3,"_",G11),D11="SECC",CONCATENATE(B11,"_",C11,$B$3,"_",$B$5,"_",G11),D11="SECF",CONCATENATE(B11,"_",C11,$B$3,"_",$B$6,"_",G11),D11="SECT",CONCATENATE(B11,"_",C11,$B$3,"_",$B$7,"_",G11),D11="SECG",CONCATENATE(B11,"_",C11,$B$3,"_",$B$8,"_",G11),D11="DJ",CONCATENATE(B11,"_",C11,$B$3,"_",$B$4,"_",G11),D11="DJ_P",CONCATENATE(B11,"_",C11,$B$3,"_",$B$4,"_P","_",G11),D11="DJ_A",CONCATENATE(B11,"_",C11,$B$3,"_",$B$4,"_A","_",G11),D11="LT_P",CONCATENATE(B11,"_",C11,$B$3,"_",C11,$B$3,"_P","_",G11),D11="LT_A",CONCATENATE(B11,"_",C11,$B$3,"_",C11,$B$3,"_A","_",G11))} -> IMA_LT2_LT2_IA | I11: Ponto Simples | J11: - | K11: - | L11: 1 | M11: -
A12: NÃO | B12: =Informações!$C$3 -> IMA | C12: LT | D12: TC | E12: A | F12: =VLOOKUP(G12,[1]Analog!$A:$B,2,FALSE) -> CORRENTE FASE B | G12: IB | H12: {=_xlfn.IFS(OR(D12="TC",D12="TP",D12="LT"),CONCATENATE(B12,"_",C12,$B$3,"_",C12,$B$3,"_",G12),D12="SECC",CONCATENATE(B12,"_",C12,$B$3,"_",$B$5,"_",G12),D12="SECF",CONCATENATE(B12,"_",C12,$B$3,"_",$B$6,"_",G12),D12="SECT",CONCATENATE(B12,"_",C12,$B$3,"_",$B$7,"_",G12),D12="SECG",CONCATENATE(B12,"_",C12,$B$3,"_",$B$8,"_",G12),D12="DJ",CONCATENATE(B12,"_",C12,$B$3,"_",$B$4,"_",G12),D12="DJ_P",CONCATENATE(B12,"_",C12,$B$3,"_",$B$4,"_P","_",G12),D12="DJ_A",CONCATENATE(B12,"_",C12,$B$3,"_",$B$4,"_A","_",G12),D12="LT_P",CONCATENATE(B12,"_",C12,$B$3,"_",C12,$B$3,"_P","_",G12),D12="LT_A",CONCATENATE(B12,"_",C12,$B$3,"_",C12,$B$3,"_A","_",G12))} -> IMA_LT2_LT2_IB | I12: Ponto Simples | J12: - | K12: - | L12: 1 | M12: -
A13: NÃO | B13: =Informações!$C$3 -> IMA | C13: LT | D13: TC | E13: A | F13: =VLOOKUP(G13,[1]Analog!$A:$B,2,FALSE) -> CORRENTE FASE C | G13: IC | H13: {=_xlfn.IFS(OR(D13="TC",D13="TP",D13="LT"),CONCATENATE(B13,"_",C13,$B$3,"_",C13,$B$3,"_",G13),D13="SECC",CONCATENATE(B13,"_",C13,$B$3,"_",$B$5,"_",G13),D13="SECF",CONCATENATE(B13,"_",C13,$B$3,"_",$B$6,"_",G13),D13="SECT",CONCATENATE(B13,"_",C13,$B$3,"_",$B$7,"_",G13),D13="SECG",CONCATENATE(B13,"_",C13,$B$3,"_",$B$8,"_",G13),D13="DJ",CONCATENATE(B13,"_",C13,$B$3,"_",$B$4,"_",G13),D13="DJ_P",CONCATENATE(B13,"_",C13,$B$3,"_",$B$4,"_P","_",G13),D13="DJ_A",CONCATENATE(B13,"_",C13,$B$3,"_",$B$4,"_A","_",G13),D13="LT_P",CONCATENATE(B13,"_",C13,$B$3,"_",C13,$B$3,"_P","_",G13),D13="LT_A",CONCATENATE(B13,"_",C13,$B$3,"_",C13,$B$3,"_A","_",G13))} -> IMA_LT2_LT2_IC | I13: Ponto Simples | J13: - | K13: - | L13: 1 | M13: -
A14: NÃO | B14: =Informações!$C$3 -> IMA | C14: LT | D14: TP | E14: A | F14: =VLOOKUP(G14,[1]Analog!$A:$B,2,FALSE) -> TENSAO BARRA FASE A | G14: VA_B | H14: {=_xlfn.IFS(OR(D14="TC",D14="TP",D14="LT"),CONCATENATE(B14,"_",C14,$B$3,"_",C14,$B$3,"_",G14),D14="SECC",CONCATENATE(B14,"_",C14,$B$3,"_",$B$5,"_",G14),D14="SECF",CONCATENATE(B14,"_",C14,$B$3,"_",$B$6,"_",G14),D14="SECT",CONCATENATE(B14,"_",C14,$B$3,"_",$B$7,"_",G14),D14="SECG",CONCATENATE(B14,"_",C14,$B$3,"_",$B$8,"_",G14),D14="DJ",CONCATENATE(B14,"_",C14,$B$3,"_",$B$4,"_",G14),D14="DJ_P",CONCATENATE(B14,"_",C14,$B$3,"_",$B$4,"_P","_",G14),D14="DJ_A",CONCATENATE(B14,"_",C14,$B$3,"_",$B$4,"_A","_",G14),D14="LT_P",CONCATENATE(B14,"_",C14,$B$3,"_",C14,$B$3,"_P","_",G14),D14="LT_A",CONCATENATE(B14,"_",C14,$B$3,"_",C14,$B$3,"_A","_",G14))} -> IMA_LT2_LT2_VA_B | I14: Ponto Simples | J14: - | K14: - | L14: 0.01 | M14: -
A15: NÃO | B15: =Informações!$C$3 -> IMA | C15: LT | D15: TP | E15: A | F15: =VLOOKUP(G15,[1]Analog!$A:$B,2,FALSE) -> TENSAO BARRA FASE B | G15: VB_B | H15: {=_xlfn.IFS(OR(D15="TC",D15="TP",D15="LT"),CONCATENATE(B15,"_",C15,$B$3,"_",C15,$B$3,"_",G15),D15="SECC",CONCATENATE(B15,"_",C15,$B$3,"_",$B$5,"_",G15),D15="SECF",CONCATENATE(B15,"_",C15,$B$3,"_",$B$6,"_",G15),D15="SECT",CONCATENATE(B15,"_",C15,$B$3,"_",$B$7,"_",G15),D15="SECG",CONCATENATE(B15,"_",C15,$B$3,"_",$B$8,"_",G15),D15="DJ",CONCATENATE(B15,"_",C15,$B$3,"_",$B$4,"_",G15),D15="DJ_P",CONCATENATE(B15,"_",C15,$B$3,"_",$B$4,"_P","_",G15),D15="DJ_A",CONCATENATE(B15,"_",C15,$B$3,"_",$B$4,"_A","_",G15),D15="LT_P",CONCATENATE(B15,"_",C15,$B$3,"_",C15,$B$3,"_P","_",G15),D15="LT_A",CONCATENATE(B15,"_",C15,$B$3,"_",C15,$B$3,"_A","_",G15))} -> IMA_LT2_LT2_VB_B | I15: Ponto Simples | J15: - | K15: - | L15: 0.01 | M15: -
A16: NÃO | B16: =Informações!$C$3 -> IMA | C16: LT | D16: TP | E16: A | F16: =VLOOKUP(G16,[1]Analog!$A:$B,2,FALSE) -> TENSAO BARRA FASE C | G16: VC_B | H16: {=_xlfn.IFS(OR(D16="TC",D16="TP",D16="LT"),CONCATENATE(B16,"_",C16,$B$3,"_",C16,$B$3,"_",G16),D16="SECC",CONCATENATE(B16,"_",C16,$B$3,"_",$B$5,"_",G16),D16="SECF",CONCATENATE(B16,"_",C16,$B$3,"_",$B$6,"_",G16),D16="SECT",CONCATENATE(B16,"_",C16,$B$3,"_",$B$7,"_",G16),D16="SECG",CONCATENATE(B16,"_",C16,$B$3,"_",$B$8,"_",G16),D16="DJ",CONCATENATE(B16,"_",C16,$B$3,"_",$B$4,"_",G16),D16="DJ_P",CONCATENATE(B16,"_",C16,$B$3,"_",$B$4,"_P","_",G16),D16="DJ_A",CONCATENATE(B16,"_",C16,$B$3,"_",$B$4,"_A","_",G16),D16="LT_P",CONCATENATE(B16,"_",C16,$B$3,"_",C16,$B$3,"_P","_",G16),D16="LT_A",CONCATENATE(B16,"_",C16,$B$3,"_",C16,$B$3,"_A","_",G16))} -> IMA_LT2_LT2_VC_B | I16: Ponto Simples | J16: - | K16: - | L16: 0.01 | M16: -
A17: NÃO | B17: =Informações!$C$3 -> IMA | C17: LT | D17: TP | E17: A | F17: =VLOOKUP(G17,[1]Analog!$A:$B,2,FALSE) -> TENSAO LINHA FASE A | G17: VA_L | H17: {=_xlfn.IFS(OR(D17="TC",D17="TP",D17="LT"),CONCATENATE(B17,"_",C17,$B$3,"_",C17,$B$3,"_",G17),D17="SECC",CONCATENATE(B17,"_",C17,$B$3,"_",$B$5,"_",G17),D17="SECF",CONCATENATE(B17,"_",C17,$B$3,"_",$B$6,"_",G17),D17="SECT",CONCATENATE(B17,"_",C17,$B$3,"_",$B$7,"_",G17),D17="SECG",CONCATENATE(B17,"_",C17,$B$3,"_",$B$8,"_",G17),D17="DJ",CONCATENATE(B17,"_",C17,$B$3,"_",$B$4,"_",G17),D17="DJ_P",CONCATENATE(B17,"_",C17,$B$3,"_",$B$4,"_P","_",G17),D17="DJ_A",CONCATENATE(B17,"_",C17,$B$3,"_",$B$4,"_A","_",G17),D17="LT_P",CONCATENATE(B17,"_",C17,$B$3,"_",C17,$B$3,"_P","_",G17),D17="LT_A",CONCATENATE(B17,"_",C17,$B$3,"_",C17,$B$3,"_A","_",G17))} -> IMA_LT2_LT2_VA_L | I17: Ponto Simples | J17: - | K17: - | L17: 0.01 | M17: -
A18: NÃO | B18: =Informações!$C$3 -> IMA | C18: LT | D18: TP | E18: A | F18: =VLOOKUP(G18,[1]Analog!$A:$B,2,FALSE) -> TENSAO LINHA FASE B | G18: VB_L | H18: {=_xlfn.IFS(OR(D18="TC",D18="TP",D18="LT"),CONCATENATE(B18,"_",C18,$B$3,"_",C18,$B$3,"_",G18),D18="SECC",CONCATENATE(B18,"_",C18,$B$3,"_",$B$5,"_",G18),D18="SECF",CONCATENATE(B18,"_",C18,$B$3,"_",$B$6,"_",G18),D18="SECT",CONCATENATE(B18,"_",C18,$B$3,"_",$B$7,"_",G18),D18="SECG",CONCATENATE(B18,"_",C18,$B$3,"_",$B$8,"_",G18),D18="DJ",CONCATENATE(B18,"_",C18,$B$3,"_",$B$4,"_",G18),D18="DJ_P",CONCATENATE(B18,"_",C18,$B$3,"_",$B$4,"_P","_",G18),D18="DJ_A",CONCATENATE(B18,"_",C18,$B$3,"_",$B$4,"_A","_",G18),D18="LT_P",CONCATENATE(B18,"_",C18,$B$3,"_",C18,$B$3,"_P","_",G18),D18="LT_A",CONCATENATE(B18,"_",C18,$B$3,"_",C18,$B$3,"_A","_",G18))} -> IMA_LT2_LT2_VB_L | I18: Ponto Simples | J18: - | K18: - | L18: 0.01 | M18: -
A19: NÃO | B19: =Informações!$C$3 -> IMA | C19: LT | D19: TP | E19: A | F19: =VLOOKUP(G19,[1]Analog!$A:$B,2,FALSE) -> TENSAO LINHA FASE C | G19: VC_L | H19: {=_xlfn.IFS(OR(D19="TC",D19="TP",D19="LT"),CONCATENATE(B19,"_",C19,$B$3,"_",C19,$B$3,"_",G19),D19="SECC",CONCATENATE(B19,"_",C19,$B$3,"_",$B$5,"_",G19),D19="SECF",CONCATENATE(B19,"_",C19,$B$3,"_",$B$6,"_",G19),D19="SECT",CONCATENATE(B19,"_",C19,$B$3,"_",$B$7,"_",G19),D19="SECG",CONCATENATE(B19,"_",C19,$B$3,"_",$B$8,"_",G19),D19="DJ",CONCATENATE(B19,"_",C19,$B$3,"_",$B$4,"_",G19),D19="DJ_P",CONCATENATE(B19,"_",C19,$B$3,"_",$B$4,"_P","_",G19),D19="DJ_A",CONCATENATE(B19,"_",C19,$B$3,"_",$B$4,"_A","_",G19),D19="LT_P",CONCATENATE(B19,"_",C19,$B$3,"_",C19,$B$3,"_P","_",G19),D19="LT_A",CONCATENATE(B19,"_",C19,$B$3,"_",C19,$B$3,"_A","_",G19))} -> IMA_LT2_LT2_VC_L | I19: Ponto Simples | J19: - | K19: - | L19: 0.01 | M19: -
A20: NÃO | B20: =Informações!$C$3 -> IMA | C20: LT | D20: TC | E20: A | F20: =VLOOKUP(G20,[1]Analog!$A:$B,2,FALSE) -> POTENCIA ATIVA | G20: P | H20: {=_xlfn.IFS(OR(D20="TC",D20="TP",D20="LT"),CONCATENATE(B20,"_",C20,$B$3,"_",C20,$B$3,"_",G20),D20="SECC",CONCATENATE(B20,"_",C20,$B$3,"_",$B$5,"_",G20),D20="SECF",CONCATENATE(B20,"_",C20,$B$3,"_",$B$6,"_",G20),D20="SECT",CONCATENATE(B20,"_",C20,$B$3,"_",$B$7,"_",G20),D20="SECG",CONCATENATE(B20,"_",C20,$B$3,"_",$B$8,"_",G20),D20="DJ",CONCATENATE(B20,"_",C20,$B$3,"_",$B$4,"_",G20),D20="DJ_P",CONCATENATE(B20,"_",C20,$B$3,"_",$B$4,"_P","_",G20),D20="DJ_A",CONCATENATE(B20,"_",C20,$B$3,"_",$B$4,"_A","_",G20),D20="LT_P",CONCATENATE(B20,"_",C20,$B$3,"_",C20,$B$3,"_P","_",G20),D20="LT_A",CONCATENATE(B20,"_",C20,$B$3,"_",C20,$B$3,"_A","_",G20))} -> IMA_LT2_LT2_P | I20: Ponto Simples | J20: - | K20: - | L20: 10 | M20: -
A21: NÃO | B21: =Informações!$C$3 -> IMA | C21: LT | D21: TC | E21: A | F21: =VLOOKUP(G21,[1]Analog!$A:$B,2,FALSE) -> POTENCIA REATIVA | G21: Q | H21: {=_xlfn.IFS(OR(D21="TC",D21="TP",D21="LT"),CONCATENATE(B21,"_",C21,$B$3,"_",C21,$B$3,"_",G21),D21="SECC",CONCATENATE(B21,"_",C21,$B$3,"_",$B$5,"_",G21),D21="SECF",CONCATENATE(B21,"_",C21,$B$3,"_",$B$6,"_",G21),D21="SECT",CONCATENATE(B21,"_",C21,$B$3,"_",$B$7,"_",G21),D21="SECG",CONCATENATE(B21,"_",C21,$B$3,"_",$B$8,"_",G21),D21="DJ",CONCATENATE(B21,"_",C21,$B$3,"_",$B$4,"_",G21),D21="DJ_P",CONCATENATE(B21,"_",C21,$B$3,"_",$B$4,"_P","_",G21),D21="DJ_A",CONCATENATE(B21,"_",C21,$B$3,"_",$B$4,"_A","_",G21),D21="LT_P",CONCATENATE(B21,"_",C21,$B$3,"_",C21,$B$3,"_P","_",G21),D21="LT_A",CONCATENATE(B21,"_",C21,$B$3,"_",C21,$B$3,"_A","_",G21))} -> IMA_LT2_LT2_Q | I21: Ponto Simples | J21: - | K21: - | L21: 10 | M21: -
A22: NÃO | B22: =Informações!$C$3 -> IMA | C22: LT | D22: LT | E22: A | F22: =VLOOKUP(G22,[1]Analog!$A:$B,2,FALSE) -> DISTANCIA DEFEITO | G22: KMDF | H22: {=_xlfn.IFS(OR(D22="TC",D22="TP",D22="LT"),CONCATENATE(B22,"_",C22,$B$3,"_",C22,$B$3,"_",G22),D22="SECC",CONCATENATE(B22,"_",C22,$B$3,"_",$B$5,"_",G22),D22="SECF",CONCATENATE(B22,"_",C22,$B$3,"_",$B$6,"_",G22),D22="SECT",CONCATENATE(B22,"_",C22,$B$3,"_",$B$7,"_",G22),D22="SECG",CONCATENATE(B22,"_",C22,$B$3,"_",$B$8,"_",G22),D22="DJ",CONCATENATE(B22,"_",C22,$B$3,"_",$B$4,"_",G22),D22="DJ_P",CONCATENATE(B22,"_",C22,$B$3,"_",$B$4,"_P","_",G22),D22="DJ_A",CONCATENATE(B22,"_",C22,$B$3,"_",$B$4,"_A","_",G22),D22="LT_P",CONCATENATE(B22,"_",C22,$B$3,"_",C22,$B$3,"_P","_",G22),D22="LT_A",CONCATENATE(B22,"_",C22,$B$3,"_",C22,$B$3,"_A","_",G22))} -> IMA_LT2_LT2_KMDF | I22: Ponto Simples | J22: - | K22: - | L22: 0.01 | M22: -
... A25: NÃO | B25: =Informações!$C$3 -> IMA | C25: LT | D25: TC | E25: A | F25: =VLOOKUP(G25,[1]Analog!$A:$B,2,FALSE) -> CORRENTE CURTO CIRCUITO FASE C | G25: ICCC | H25: {=_xlfn.IFS(OR(D25="TC",D25="TP",D25="LT"),CONCATENATE(B25,"_",C25,$B$3,"_",C25,$B$3,"_",G25),D25="SECC",CONCATENATE(B25,"_",C25,$B$3,"_",$B$5,"_",G25),D25="SECF",CONCATENATE(B25,"_",C25,$B$3,"_",$B$6,"_",G25),D25="SECT",CONCATENATE(B25,"_",C25,$B$3,"_",$B$7,"_",G25),D25="SECG",CONCATENATE(B25,"_",C25,$B$3,"_",$B$8,"_",G25),D25="DJ",CONCATENATE(B25,"_",C25,$B$3,"_",$B$4,"_",G25),D25="DJ_P",CONCATENATE(B25,"_",C25,$B$3,"_",$B$4,"_P","_",G25),D25="DJ_A",CONCATENATE(B25,"_",C25,$B$3,"_",$B$4,"_A","_",G25),D25="LT_P",CONCATENATE(B25,"_",C25,$B$3,"_",C25,$B$3,"_P","_",G25),D25="LT_A",CONCATENATE(B25,"_",C25,$B$3,"_",C25,$B$3,"_A","_",G25))} -> IMA_LT2_LT2_ICCC | I25: Ponto Simples | J25: - | K25: - | L25: 1 | M25: -
A26: NÃO | B26: =Informações!$C$3 -> IMA | C26: LT | D26: SECC | E26: C | F26: =VLOOKUP(G26,[1]Discrete!$A:$B,2,FALSE) -> SECCIONADORA CARGA | G26: SECC | H26: {=_xlfn.IFS(OR(D26="TC",D26="TP",D26="LT"),CONCATENATE(B26,"_",C26,$B$3,"_",C26,$B$3,"_",G26),D26="SECC",CONCATENATE(B26,"_",C26,$B$3,"_",$B$5,"_",G26),D26="SECF",CONCATENATE(B26,"_",C26,$B$3,"_",$B$6,"_",G26),D26="SECT",CONCATENATE(B26,"_",C26,$B$3,"_",$B$7,"_",G26),D26="SECG",CONCATENATE(B26,"_",C26,$B$3,"_",$B$8,"_",G26),D26="DJ",CONCATENATE(B26,"_",C26,$B$3,"_",$B$4,"_",G26),D26="DJ_P",CONCATENATE(B26,"_",C26,$B$3,"_",$B$4,"_P","_",G26),D26="DJ_A",CONCATENATE(B26,"_",C26,$B$3,"_",$B$4,"_A","_",G26),D26="LT_P",CONCATENATE(B26,"_",C26,$B$3,"_",C26,$B$3,"_P","_",G26),D26="LT_A",CONCATENATE(B26,"_",C26,$B$3,"_",C26,$B$3,"_A","_",G26))} -> IMA_LT2_89-10_SECC | I26: - | J26: - | K26: - | L26: - | M26: 0 - Trip/Pulse-On // 1 - Close/Pulse-On
A27: NÃO | B27: =Informações!$C$3 -> IMA | C27: LT | D27: SECF | E27: C | F27: =VLOOKUP(G27,[1]Discrete!$A:$B,2,FALSE) -> SECCIONADORA FONTE | G27: SECF | H27: {=_xlfn.IFS(OR(D27="TC",D27="TP",D27="LT"),CONCATENATE(B27,"_",C27,$B$3,"_",C27,$B$3,"_",G27),D27="SECC",CONCATENATE(B27,"_",C27,$B$3,"_",$B$5,"_",G27),D27="SECF",CONCATENATE(B27,"_",C27,$B$3,"_",$B$6,"_",G27),D27="SECT",CONCATENATE(B27,"_",C27,$B$3,"_",$B$7,"_",G27),D27="SECG",CONCATENATE(B27,"_",C27,$B$3,"_",$B$8,"_",G27),D27="DJ",CONCATENATE(B27,"_",C27,$B$3,"_",$B$4,"_",G27),D27="DJ_P",CONCATENATE(B27,"_",C27,$B$3,"_",$B$4,"_P","_",G27),D27="DJ_A",CONCATENATE(B27,"_",C27,$B$3,"_",$B$4,"_A","_",G27),D27="LT_P",CONCATENATE(B27,"_",C27,$B$3,"_",C27,$B$3,"_P","_",G27),D27="LT_A",CONCATENATE(B27,"_",C27,$B$3,"_",C27,$B$3,"_A","_",G27))} -> IMA_LT2_89-8_SECF | I27: - | J27: - | K27: - | L27: - | M27: 0 - Trip/Pulse-On // 1 - Close/Pulse-On
A28: NÃO | B28: =Informações!$C$3 -> IMA | C28: LT | D28: SECT | E28: C | F28: =VLOOKUP(G28,[1]Discrete!$A:$B,2,FALSE) -> SECCIONADORA TRANSFERENCIA | G28: SECT | H28: {=_xlfn.IFS(OR(D28="TC",D28="TP",D28="LT"),CONCATENATE(B28,"_",C28,$B$3,"_",C28,$B$3,"_",G28),D28="SECC",CONCATENATE(B28,"_",C28,$B$3,"_",$B$5,"_",G28),D28="SECF",CONCATENATE(B28,"_",C28,$B$3,"_",$B$6,"_",G28),D28="SECT",CONCATENATE(B28,"_",C28,$B$3,"_",$B$7,"_",G28),D28="SECG",CONCATENATE(B28,"_",C28,$B$3,"_",$B$8,"_",G28),D28="DJ",CONCATENATE(B28,"_",C28,$B$3,"_",$B$4,"_",G28),D28="DJ_P",CONCATENATE(B28,"_",C28,$B$3,"_",$B$4,"_P","_",G28),D28="DJ_A",CONCATENATE(B28,"_",C28,$B$3,"_",$B$4,"_A","_",G28),D28="LT_P",CONCATENATE(B28,"_",C28,$B$3,"_",C28,$B$3,"_P","_",G28),D28="LT_A",CONCATENATE(B28,"_",C28,$B$3,"_",C28,$B$3,"_A","_",G28))} -> IMA_LT2_89-12_SECT | I28: - | J28: - | K28: - | L28: - | M28: 0 - Trip/Pulse-On // 1 - Close/Pulse-On
A29: NÃO | B29: =Informações!$C$3 -> IMA | C29: LT | D29: DJ | E29: C | F29: =VLOOKUP(G29,[1]Discrete!$A:$B,2,FALSE) -> DISJUNTOR NF | G29: DJF1 | H29: {=_xlfn.IFS(OR(D29="TC",D29="TP",D29="LT"),CONCATENATE(B29,"_",C29,$B$3,"_",C29,$B$3,"_",G29),D29="SECC",CONCATENATE(B29,"_",C29,$B$3,"_",$B$5,"_",G29),D29="SECF",CONCATENATE(B29,"_",C29,$B$3,"_",$B$6,"_",G29),D29="SECT",CONCATENATE(B29,"_",C29,$B$3,"_",$B$7,"_",G29),D29="SECG",CONCATENATE(B29,"_",C29,$B$3,"_",$B$8,"_",G29),D29="DJ",CONCATENATE(B29,"_",C29,$B$3,"_",$B$4,"_",G29),D29="DJ_P",CONCATENATE(B29,"_",C29,$B$3,"_",$B$4,"_P","_",G29),D29="DJ_A",CONCATENATE(B29,"_",C29,$B$3,"_",$B$4,"_A","_",G29),D29="LT_P",CONCATENATE(B29,"_",C29,$B$3,"_",C29,$B$3,"_P","_",G29),D29="LT_A",CONCATENATE(B29,"_",C29,$B$3,"_",C29,$B$3,"_A","_",G29))} -> IMA_LT2_52-2_DJF1 | I29: - | J29: - | K29: - | L29: - | M29: 0 - Trip/Pulse-On // 1 - Close/Pulse-On
A30: NÃO | B30: =Informações!$C$3 -> IMA | C30: LT | D30: DJ | E30: C | F30: =VLOOKUP(G30,[1]Discrete!$A:$B,2,FALSE) -> #N/A | G30: 79 | H30: {=_xlfn.IFS(OR(D30="TC",D30="TP",D30="LT"),CONCATENATE(B30,"_",C30,$B$3,"_",C30,$B$3,"_",G30),D30="SECC",CONCATENATE(B30,"_",C30,$B$3,"_",$B$5,"_",G30),D30="SECF",CONCATENATE(B30,"_",C30,$B$3,"_",$B$6,"_",G30),D30="SECT",CONCATENATE(B30,"_",C30,$B$3,"_",$B$7,"_",G30),D30="SECG",CONCATENATE(B30,"_",C30,$B$3,"_",$B$8,"_",G30),D30="DJ",CONCATENATE(B30,"_",C30,$B$3,"_",$B$4,"_",G30),D30="DJ_P",CONCATENATE(B30,"_",C30,$B$3,"_",$B$4,"_P","_",G30),D30="DJ_A",CONCATENATE(B30,"_",C30,$B$3,"_",$B$4,"_A","_",G30),D30="LT_P",CONCATENATE(B30,"_",C30,$B$3,"_",C30,$B$3,"_P","_",G30),D30="LT_A",CONCATENATE(B30,"_",C30,$B$3,"_",C30,$B$3,"_A","_",G30))} -> IMA_LT2_52-2_79 | I30: - | J30: - | K30: - | L30: - | M30: 0 - Close/Pulse-On // 1 - Trip/Pulse-On
A31: NÃO | B31: =Informações!$C$3 -> IMA | C31: LT | D31: DJ | E31: C | F31: =VLOOKUP(G31,[1]Discrete!$A:$B,2,FALSE) -> 51 - FUNCAO SOBRECORRENTE TEMPORIZADA NEUTRO | G31: 51N | H31: {=_xlfn.IFS(OR(D31="TC",D31="TP",D31="LT"),CONCATENATE(B31,"_",C31,$B$3,"_",C31,$B$3,"_",G31),D31="SECC",CONCATENATE(B31,"_",C31,$B$3,"_",$B$5,"_",G31),D31="SECF",CONCATENATE(B31,"_",C31,$B$3,"_",$B$6,"_",G31),D31="SECT",CONCATENATE(B31,"_",C31,$B$3,"_",$B$7,"_",G31),D31="SECG",CONCATENATE(B31,"_",C31,$B$3,"_",$B$8,"_",G31),D31="DJ",CONCATENATE(B31,"_",C31,$B$3,"_",$B$4,"_",G31),D31="DJ_P",CONCATENATE(B31,"_",C31,$B$3,"_",$B$4,"_P","_",G31),D31="DJ_A",CONCATENATE(B31,"_",C31,$B$3,"_",$B$4,"_A","_",G31),D31="LT_P",CONCATENATE(B31,"_",C31,$B$3,"_",C31,$B$3,"_P","_",G31),D31="LT_A",CONCATENATE(B31,"_",C31,$B$3,"_",C31,$B$3,"_A","_",G31))} -> IMA_LT2_52-2_51N | I31: - | J31: - | K31: - | L31: - | M31: 0 - Close/Pulse-On // 1 - Trip/Pulse-On
A32: NÃO | B32: =Informações!$C$3 -> IMA | C32: LT | D32: DJ | E32: C | F32: =VLOOKUP(G32,[1]Discrete!$A:$B,2,FALSE) -> #N/A | G32: 81 | H32: {=_xlfn.IFS(OR(D32="TC",D32="TP",D32="LT"),CONCATENATE(B32,"_",C32,$B$3,"_",C32,$B$3,"_",G32),D32="SECC",CONCATENATE(B32,"_",C32,$B$3,"_",$B$5,"_",G32),D32="SECF",CONCATENATE(B32,"_",C32,$B$3,"_",$B$6,"_",G32),D32="SECT",CONCATENATE(B32,"_",C32,$B$3,"_",$B$7,"_",G32),D32="SECG",CONCATENATE(B32,"_",C32,$B$3,"_",$B$8,"_",G32),D32="DJ",CONCATENATE(B32,"_",C32,$B$3,"_",$B$4,"_",G32),D32="DJ_P",CONCATENATE(B32,"_",C32,$B$3,"_",$B$4,"_P","_",G32),D32="DJ_A",CONCATENATE(B32,"_",C32,$B$3,"_",$B$4,"_A","_",G32),D32="LT_P",CONCATENATE(B32,"_",C32,$B$3,"_",C32,$B$3,"_P","_",G32),D32="LT_A",CONCATENATE(B32,"_",C32,$B$3,"_",C32,$B$3,"_A","_",G32))} -> IMA_LT2_52-2_81 | I32: - | J32: - | K32: - | L32: - | M32: 0 - Close/Pulse-On // 1 - Trip/Pulse-On
A33: NÃO | B33: =Informações!$C$3 -> IMA | C33: LT | D33: DJ | E33: C | F33: =VLOOKUP(G33,[1]Discrete!$A:$B,2,FALSE) -> GRUPO DE AJUSTE FUNCAO 81 | G33: 81AJST | H33: {=_xlfn.IFS(OR(D33="TC",D33="TP",D33="LT"),CONCATENATE(B33,"_",C33,$B$3,"_",C33,$B$3,"_",G33),D33="SECC",CONCATENATE(B33,"_",C33,$B$3,"_",$B$5,"_",G33),D33="SECF",CONCATENATE(B33,"_",C33,$B$3,"_",$B$6,"_",G33),D33="SECT",CONCATENATE(B33,"_",C33,$B$3,"_",$B$7,"_",G33),D33="SECG",CONCATENATE(B33,"_",C33,$B$3,"_",$B$8,"_",G33),D33="DJ",CONCATENATE(B33,"_",C33,$B$3,"_",$B$4,"_",G33),D33="DJ_P",CONCATENATE(B33,"_",C33,$B$3,"_",$B$4,"_P","_",G33),D33="DJ_A",CONCATENATE(B33,"_",C33,$B$3,"_",$B$4,"_A","_",G33),D33="LT_P",CONCATENATE(B33,"_",C33,$B$3,"_",C33,$B$3,"_P","_",G33),D33="LT_A",CONCATENATE(B33,"_",C33,$B$3,"_",C33,$B$3,"_A","_",G33))} -> IMA_LT2_52-2_81AJST | I33: - | J33: - | K33: - | L33: - | M33: 0 - Close/Pulse-On // 1 - Trip/Pulse-On
A34: NÃO | B34: =Informações!$C$3 -> IMA | C34: LT | D34: DJ | E34: C | F34: =VLOOKUP(G34,[1]Discrete!$A:$B,2,FALSE) -> 25 - FUNCAO SINCRONISMO | G34: 25IE | H34: {=_xlfn.IFS(OR(D34="TC",D34="TP",D34="LT"),CONCATENATE(B34,"_",C34,$B$3,"_",C34,$B$3,"_",G34),D34="SECC",CONCATENATE(B34,"_",C34,$B$3,"_",$B$5,"_",G34),D34="SECF",CONCATENATE(B34,"_",C34,$B$3,"_",$B$6,"_",G34),D34="SECT",CONCATENATE(B34,"_",C34,$B$3,"_",$B$7,"_",G34),D34="SECG",CONCATENATE(B34,"_",C34,$B$3,"_",$B$8,"_",G34),D34="DJ",CONCATENATE(B34,"_",C34,$B$3,"_",$B$4,"_",G34),D34="DJ_P",CONCATENATE(B34,"_",C34,$B$3,"_",$B$4,"_P","_",G34),D34="DJ_A",CONCATENATE(B34,"_",C34,$B$3,"_",$B$4,"_A","_",G34),D34="LT_P",CONCATENATE(B34,"_",C34,$B$3,"_",C34,$B$3,"_P","_",G34),D34="LT_A",CONCATENATE(B34,"_",C34,$B$3,"_",C34,$B$3,"_A","_",G34))} -> IMA_LT2_52-2_25IE | I34: - | J34: - | K34: - | L34: - | M34: 0 - Close/Pulse-On // 1 - Trip/Pulse-On
A35: NÃO | B35: =Informações!$C$3 -> IMA | C35: LT | D35: DJ | E35: C | F35: =VLOOKUP(G35,[1]Discrete!$A:$B,2,FALSE) -> #N/A | G35: 27 | H35: {=_xlfn.IFS(OR(D35="TC",D35="TP",D35="LT"),CONCATENATE(B35,"_",C35,$B$3,"_",C35,$B$3,"_",G35),D35="SECC",CONCATENATE(B35,"_",C35,$B$3,"_",$B$5,"_",G35),D35="SECF",CONCATENATE(B35,"_",C35,$B$3,"_",$B$6,"_",G35),D35="SECT",CONCATENATE(B35,"_",C35,$B$3,"_",$B$7,"_",G35),D35="SECG",CONCATENATE(B35,"_",C35,$B$3,"_",$B$8,"_",G35),D35="DJ",CONCATENATE(B35,"_",C35,$B$3,"_",$B$4,"_",G35),D35="DJ_P",CONCATENATE(B35,"_",C35,$B$3,"_",$B$4,"_P","_",G35),D35="DJ_A",CONCATENATE(B35,"_",C35,$B$3,"_",$B$4,"_A","_",G35),D35="LT_P",CONCATENATE(B35,"_",C35,$B$3,"_",C35,$B$3,"_P","_",G35),D35="LT_A",CONCATENATE(B35,"_",C35,$B$3,"_",C35,$B$3,"_A","_",G35))} -> IMA_LT2_52-2_27 | I35: - | J35: - | K35: - | L35: - | M35: 0 - Close/Pulse-On // 1 - Trip/Pulse-On
A36: NÃO | B36: =Informações!$C$3 -> IMA | C36: LT | D36: DJ | E36: C | F36: =VLOOKUP(G36,[1]Discrete!$A:$B,2,FALSE) -> #N/A | G36: 59 | H36: {=_xlfn.IFS(OR(D36="TC",D36="TP",D36="LT"),CONCATENATE(B36,"_",C36,$B$3,"_",C36,$B$3,"_",G36),D36="SECC",CONCATENATE(B36,"_",C36,$B$3,"_",$B$5,"_",G36),D36="SECF",CONCATENATE(B36,"_",C36,$B$3,"_",$B$6,"_",G36),D36="SECT",CONCATENATE(B36,"_",C36,$B$3,"_",$B$7,"_",G36),D36="SECG",CONCATENATE(B36,"_",C36,$B$3,"_",$B$8,"_",G36),D36="DJ",CONCATENATE(B36,"_",C36,$B$3,"_",$B$4,"_",G36),D36="DJ_P",CONCATENATE(B36,"_",C36,$B$3,"_",$B$4,"_P","_",G36),D36="DJ_A",CONCATENATE(B36,"_",C36,$B$3,"_",$B$4,"_A","_",G36),D36="LT_P",CONCATENATE(B36,"_",C36,$B$3,"_",C36,$B$3,"_P","_",G36),D36="LT_A",CONCATENATE(B36,"_",C36,$B$3,"_",C36,$B$3,"_A","_",G36))} -> IMA_LT2_52-2_59 | I36: - | J36: - | K36: - | L36: - | M36: 0 - Close/Pulse-On // 1 - Trip/Pulse-On
A37: NÃO | B37: =Informações!$C$3 -> IMA | C37: LT | D37: DJ | E37: C | F37: =VLOOKUP(G37,[1]Discrete!$A:$B,2,FALSE) -> AJUSTE PARA 81 E1 | G37: 81U1 | H37: {=_xlfn.IFS(OR(D37="TC",D37="TP",D37="LT"),CONCATENATE(B37,"_",C37,$B$3,"_",C37,$B$3,"_",G37),D37="SECC",CONCATENATE(B37,"_",C37,$B$3,"_",$B$5,"_",G37),D37="SECF",CONCATENATE(B37,"_",C37,$B$3,"_",$B$6,"_",G37),D37="SECT",CONCATENATE(B37,"_",C37,$B$3,"_",$B$7,"_",G37),D37="SECG",CONCATENATE(B37,"_",C37,$B$3,"_",$B$8,"_",G37),D37="DJ",CONCATENATE(B37,"_",C37,$B$3,"_",$B$4,"_",G37),D37="DJ_P",CONCATENATE(B37,"_",C37,$B$3,"_",$B$4,"_P","_",G37),D37="DJ_A",CONCATENATE(B37,"_",C37,$B$3,"_",$B$4,"_A","_",G37),D37="LT_P",CONCATENATE(B37,"_",C37,$B$3,"_",C37,$B$3,"_P","_",G37),D37="LT_A",CONCATENATE(B37,"_",C37,$B$3,"_",C37,$B$3,"_A","_",G37))} -> IMA_LT2_52-2_81U1 | I37: - | J37: - | K37: - | L37: - | M37: 0 - Close/Pulse-On // 1 - Trip/Pulse-On
A38: NÃO | B38: =Informações!$C$3 -> IMA | C38: LT | D38: DJ | E38: C | F38: =VLOOKUP(G38,[1]Discrete!$A:$B,2,FALSE) -> AJUSTE PARA 81 E2 | G38: 81U2 | H38: {=_xlfn.IFS(OR(D38="TC",D38="TP",D38="LT"),CONCATENATE(B38,"_",C38,$B$3,"_",C38,$B$3,"_",G38),D38="SECC",CONCATENATE(B38,"_",C38,$B$3,"_",$B$5,"_",G38),D38="SECF",CONCATENATE(B38,"_",C38,$B$3,"_",$B$6,"_",G38),D38="SECT",CONCATENATE(B38,"_",C38,$B$3,"_",$B$7,"_",G38),D38="SECG",CONCATENATE(B38,"_",C38,$B$3,"_",$B$8,"_",G38),D38="DJ",CONCATENATE(B38,"_",C38,$B$3,"_",$B$4,"_",G38),D38="DJ_P",CONCATENATE(B38,"_",C38,$B$3,"_",$B$4,"_P","_",G38),D38="DJ_A",CONCATENATE(B38,"_",C38,$B$3,"_",$B$4,"_A","_",G38),D38="LT_P",CONCATENATE(B38,"_",C38,$B$3,"_",C38,$B$3,"_P","_",G38),D38="LT_A",CONCATENATE(B38,"_",C38,$B$3,"_",C38,$B$3,"_A","_",G38))} -> IMA_LT2_52-2_81U2 | I38: - | J38: - | K38: - | L38: - | M38: 0 - Close/Pulse-On // 1 - Trip/Pulse-On
A39: NÃO | B39: =Informações!$C$3 -> IMA | C39: LT | D39: DJ | E39: C | F39: =VLOOKUP(G39,[1]Discrete!$A:$B,2,FALSE) -> AJUSTE PARA 81 E3 | G39: 81U3 | H39: {=_xlfn.IFS(OR(D39="TC",D39="TP",D39="LT"),CONCATENATE(B39,"_",C39,$B$3,"_",C39,$B$3,"_",G39),D39="SECC",CONCATENATE(B39,"_",C39,$B$3,"_",$B$5,"_",G39),D39="SECF",CONCATENATE(B39,"_",C39,$B$3,"_",$B$6,"_",G39),D39="SECT",CONCATENATE(B39,"_",C39,$B$3,"_",$B$7,"_",G39),D39="SECG",CONCATENATE(B39,"_",C39,$B$3,"_",$B$8,"_",G39),D39="DJ",CONCATENATE(B39,"_",C39,$B$3,"_",$B$4,"_",G39),D39="DJ_P",CONCATENATE(B39,"_",C39,$B$3,"_",$B$4,"_P","_",G39),D39="DJ_A",CONCATENATE(B39,"_",C39,$B$3,"_",$B$4,"_A","_",G39),D39="LT_P",CONCATENATE(B39,"_",C39,$B$3,"_",C39,$B$3,"_P","_",G39),D39="LT_A",CONCATENATE(B39,"_",C39,$B$3,"_",C39,$B$3,"_A","_",G39))} -> IMA_LT2_52-2_81U3 | I39: - | J39: - | K39: - | L39: - | M39: 0 - Close/Pulse-On // 1 - Trip/Pulse-On
A40: NÃO | B40: =Informações!$C$3 -> IMA | C40: LT | D40: DJ | E40: C | F40: =VLOOKUP(G40,[1]Discrete!$A:$B,2,FALSE) -> AJUSTE PARA 81 E4 | G40: 81U4 | H40: {=_xlfn.IFS(OR(D40="TC",D40="TP",D40="LT"),CONCATENATE(B40,"_",C40,$B$3,"_",C40,$B$3,"_",G40),D40="SECC",CONCATENATE(B40,"_",C40,$B$3,"_",$B$5,"_",G40),D40="SECF",CONCATENATE(B40,"_",C40,$B$3,"_",$B$6,"_",G40),D40="SECT",CONCATENATE(B40,"_",C40,$B$3,"_",$B$7,"_",G40),D40="SECG",CONCATENATE(B40,"_",C40,$B$3,"_",$B$8,"_",G40),D40="DJ",CONCATENATE(B40,"_",C40,$B$3,"_",$B$4,"_",G40),D40="DJ_P",CONCATENATE(B40,"_",C40,$B$3,"_",$B$4,"_P","_",G40),D40="DJ_A",CONCATENATE(B40,"_",C40,$B$3,"_",$B$4,"_A","_",G40),D40="LT_P",CONCATENATE(B40,"_",C40,$B$3,"_",C40,$B$3,"_P","_",G40),D40="LT_A",CONCATENATE(B40,"_",C40,$B$3,"_",C40,$B$3,"_A","_",G40))} -> IMA_LT2_52-2_81U4 | I40: - | J40: - | K40: - | L40: - | M40: 0 - Close/Pulse-On // 1 - Trip/Pulse-On
A41: NÃO | B41: =Informações!$C$3 -> IMA | C41: LT | D41: DJ | E41: C | F41: AJUSTE PARA 81 ESTAGIO 5 | G41: 81U5 | H41: {=_xlfn.IFS(OR(D41="TC",D41="TP",D41="LT"),CONCATENATE(B41,"_",C41,$B$3,"_",C41,$B$3,"_",G41),D41="SECC",CONCATENATE(B41,"_",C41,$B$3,"_",$B$5,"_",G41),D41="SECF",CONCATENATE(B41,"_",C41,$B$3,"_",$B$6,"_",G41),D41="SECT",CONCATENATE(B41,"_",C41,$B$3,"_",$B$7,"_",G41),D41="SECG",CONCATENATE(B41,"_",C41,$B$3,"_",$B$8,"_",G41),D41="DJ",CONCATENATE(B41,"_",C41,$B$3,"_",$B$4,"_",G41),D41="DJ_P",CONCATENATE(B41,"_",C41,$B$3,"_",$B$4,"_P","_",G41),D41="DJ_A",CONCATENATE(B41,"_",C41,$B$3,"_",$B$4,"_A","_",G41),D41="LT_P",CONCATENATE(B41,"_",C41,$B$3,"_",C41,$B$3,"_P","_",G41),D41="LT_A",CONCATENATE(B41,"_",C41,$B$3,"_",C41,$B$3,"_A","_",G41))} -> IMA_LT2_52-2_81U5 | I41: - | J41: - | K41: - | L41: - | M41: 0 - Close/Pulse-On // 1 - Trip/Pulse-On
A42: NÃO | B42: =Informações!$C$3 -> IMA | C42: LT | D42: SECC | E42: D | F42: =VLOOKUP(G42,[1]Discrete!$A:$B,2,FALSE) -> SECCIONADORA CARGA | G42: SECC | H42: {=_xlfn.IFS(OR(D42="TC",D42="TP",D42="LT"),CONCATENATE(B42,"_",C42,$B$3,"_",C42,$B$3,"_",G42),D42="SECC",CONCATENATE(B42,"_",C42,$B$3,"_",$B$5,"_",G42),D42="SECF",CONCATENATE(B42,"_",C42,$B$3,"_",$B$6,"_",G42),D42="SECT",CONCATENATE(B42,"_",C42,$B$3,"_",$B$7,"_",G42),D42="SECG",CONCATENATE(B42,"_",C42,$B$3,"_",$B$8,"_",G42),D42="DJ",CONCATENATE(B42,"_",C42,$B$3,"_",$B$4,"_",G42),D42="DJ_P",CONCATENATE(B42,"_",C42,$B$3,"_",$B$4,"_P","_",G42),D42="DJ_A",CONCATENATE(B42,"_",C42,$B$3,"_",$B$4,"_A","_",G42),D42="LT_P",CONCATENATE(B42,"_",C42,$B$3,"_",C42,$B$3,"_P","_",G42),D42="LT_A",CONCATENATE(B42,"_",C42,$B$3,"_",C42,$B$3,"_A","_",G42))} -> IMA_LT2_89-10_SECC | I42: Ponto Simples | J42: ABERTA | K42: FECHADA | L42: - | M42: -
A43: NÃO | B43: =Informações!$C$3 -> IMA | C43: LT | D43: SECC | E43: D | F43: =VLOOKUP(G43,[1]Discrete!$A:$B,2,FALSE) -> 43 - CHAVE LOCAL REMOTO | G43: 43LR | H43: {=_xlfn.IFS(OR(D43="TC",D43="TP",D43="LT"),CONCATENATE(B43,"_",C43,$B$3,"_",C43,$B$3,"_",G43),D43="SECC",CONCATENATE(B43,"_",C43,$B$3,"_",$B$5,"_",G43),D43="SECF",CONCATENATE(B43,"_",C43,$B$3,"_",$B$6,"_",G43),D43="SECT",CONCATENATE(B43,"_",C43,$B$3,"_",$B$7,"_",G43),D43="SECG",CONCATENATE(B43,"_",C43,$B$3,"_",$B$8,"_",G43),D43="DJ",CONCATENATE(B43,"_",C43,$B$3,"_",$B$4,"_",G43),D43="DJ_P",CONCATENATE(B43,"_",C43,$B$3,"_",$B$4,"_P","_",G43),D43="DJ_A",CONCATENATE(B43,"_",C43,$B$3,"_",$B$4,"_A","_",G43),D43="LT_P",CONCATENATE(B43,"_",C43,$B$3,"_",C43,$B$3,"_P","_",G43),D43="LT_A",CONCATENATE(B43,"_",C43,$B$3,"_",C43,$B$3,"_A","_",G43))} -> IMA_LT2_89-10_43LR | I43: Ponto Simples | J43: REMOTO | K43: LOCAL | L43: - | M43: -
A44: NÃO | B44: =Informações!$C$3 -> IMA | C44: LT | D44: SECC | E44: D | F44: =VLOOKUP(G44,[1]Discrete!$A:$B,2,FALSE) -> FALTA VCC | G44: CCFL | H44: {=_xlfn.IFS(OR(D44="TC",D44="TP",D44="LT"),CONCATENATE(B44,"_",C44,$B$3,"_",C44,$B$3,"_",G44),D44="SECC",CONCATENATE(B44,"_",C44,$B$3,"_",$B$5,"_",G44),D44="SECF",CONCATENATE(B44,"_",C44,$B$3,"_",$B$6,"_",G44),D44="SECT",CONCATENATE(B44,"_",C44,$B$3,"_",$B$7,"_",G44),D44="SECG",CONCATENATE(B44,"_",C44,$B$3,"_",$B$8,"_",G44),D44="DJ",CONCATENATE(B44,"_",C44,$B$3,"_",$B$4,"_",G44),D44="DJ_P",CONCATENATE(B44,"_",C44,$B$3,"_",$B$4,"_P","_",G44),D44="DJ_A",CONCATENATE(B44,"_",C44,$B$3,"_",$B$4,"_A","_",G44),D44="LT_P",CONCATENATE(B44,"_",C44,$B$3,"_",C44,$B$3,"_P","_",G44),D44="LT_A",CONCATENATE(B44,"_",C44,$B$3,"_",C44,$B$3,"_A","_",G44))} -> IMA_LT2_89-10_CCFL | I44: Ponto Simples | J44: NORMAL | K44: DEFEITO | L44: - | M44: -
A45: NÃO | B45: =Informações!$C$3 -> IMA | C45: LT | D45: SECC | E45: D | F45: =VLOOKUP(G45,[1]Discrete!$A:$B,2,FALSE) -> OPERACAO INDEVIDA SECCIONADORA | G45: OI | H45: {=_xlfn.IFS(OR(D45="TC",D45="TP",D45="LT"),CONCATENATE(B45,"_",C45,$B$3,"_",C45,$B$3,"_",G45),D45="SECC",CONCATENATE(B45,"_",C45,$B$3,"_",$B$5,"_",G45),D45="SECF",CONCATENATE(B45,"_",C45,$B$3,"_",$B$6,"_",G45),D45="SECT",CONCATENATE(B45,"_",C45,$B$3,"_",$B$7,"_",G45),D45="SECG",CONCATENATE(B45,"_",C45,$B$3,"_",$B$8,"_",G45),D45="DJ",CONCATENATE(B45,"_",C45,$B$3,"_",$B$4,"_",G45),D45="DJ_P",CONCATENATE(B45,"_",C45,$B$3,"_",$B$4,"_P","_",G45),D45="DJ_A",CONCATENATE(B45,"_",C45,$B$3,"_",$B$4,"_A","_",G45),D45="LT_P",CONCATENATE(B45,"_",C45,$B$3,"_",C45,$B$3,"_P","_",G45),D45="LT_A",CONCATENATE(B45,"_",C45,$B$3,"_",C45,$B$3,"_A","_",G45))} -> IMA_LT2_89-10_OI | I45: Ponto Simples | J45: NORMAL | K45: ATUADO | L45: - | M45: -
A46: NÃO | B46: =Informações!$C$3 -> IMA | C46: LT | D46: SECC | E46: D | F46: =VLOOKUP(G46,[1]Discrete!$A:$B,2,FALSE) -> LIBERA MANOBRA | G46: LIBM | H46: {=_xlfn.IFS(OR(D46="TC",D46="TP",D46="LT"),CONCATENATE(B46,"_",C46,$B$3,"_",C46,$B$3,"_",G46),D46="SECC",CONCATENATE(B46,"_",C46,$B$3,"_",$B$5,"_",G46),D46="SECF",CONCATENATE(B46,"_",C46,$B$3,"_",$B$6,"_",G46),D46="SECT",CONCATENATE(B46,"_",C46,$B$3,"_",$B$7,"_",G46),D46="SECG",CONCATENATE(B46,"_",C46,$B$3,"_",$B$8,"_",G46),D46="DJ",CONCATENATE(B46,"_",C46,$B$3,"_",$B$4,"_",G46),D46="DJ_P",CONCATENATE(B46,"_",C46,$B$3,"_",$B$4,"_P","_",G46),D46="DJ_A",CONCATENATE(B46,"_",C46,$B$3,"_",$B$4,"_A","_",G46),D46="LT_P",CONCATENATE(B46,"_",C46,$B$3,"_",C46,$B$3,"_P","_",G46),D46="LT_A",CONCATENATE(B46,"_",C46,$B$3,"_",C46,$B$3,"_A","_",G46))} -> IMA_LT2_89-10_LIBM | I46: Ponto Simples | J46: BLOQUEADA | K46: LIBERADA | L46: - | M46: -
A47: NÃO | B47: =Informações!$C$3 -> IMA | C47: LT | D47: SECF | E47: D | F47: =VLOOKUP(G47,[1]Discrete!$A:$B,2,FALSE) -> SECCIONADORA FONTE | G47: SECF | H47: {=_xlfn.IFS(OR(D47="TC",D47="TP",D47="LT"),CONCATENATE(B47,"_",C47,$B$3,"_",C47,$B$3,"_",G47),D47="SECC",CONCATENATE(B47,"_",C47,$B$3,"_",$B$5,"_",G47),D47="SECF",CONCATENATE(B47,"_",C47,$B$3,"_",$B$6,"_",G47),D47="SECT",CONCATENATE(B47,"_",C47,$B$3,"_",$B$7,"_",G47),D47="SECG",CONCATENATE(B47,"_",C47,$B$3,"_",$B$8,"_",G47),D47="DJ",CONCATENATE(B47,"_",C47,$B$3,"_",$B$4,"_",G47),D47="DJ_P",CONCATENATE(B47,"_",C47,$B$3,"_",$B$4,"_P","_",G47),D47="DJ_A",CONCATENATE(B47,"_",C47,$B$3,"_",$B$4,"_A","_",G47),D47="LT_P",CONCATENATE(B47,"_",C47,$B$3,"_",C47,$B$3,"_P","_",G47),D47="LT_A",CONCATENATE(B47,"_",C47,$B$3,"_",C47,$B$3,"_A","_",G47))} -> IMA_LT2_89-8_SECF | I47: Ponto Simples | J47: ABERTA | K47: FECHADA | L47: - | M47: -
A48: NÃO | B48: =Informações!$C$3 -> IMA | C48: LT | D48: SECF | E48: D | F48: =VLOOKUP(G48,[1]Discrete!$A:$B,2,FALSE) -> 43 - CHAVE LOCAL REMOTO | G48: 43LR | H48: {=_xlfn.IFS(OR(D48="TC",D48="TP",D48="LT"),CONCATENATE(B48,"_",C48,$B$3,"_",C48,$B$3,"_",G48),D48="SECC",CONCATENATE(B48,"_",C48,$B$3,"_",$B$5,"_",G48),D48="SECF",CONCATENATE(B48,"_",C48,$B$3,"_",$B$6,"_",G48),D48="SECT",CONCATENATE(B48,"_",C48,$B$3,"_",$B$7,"_",G48),D48="SECG",CONCATENATE(B48,"_",C48,$B$3,"_",$B$8,"_",G48),D48="DJ",CONCATENATE(B48,"_",C48,$B$3,"_",$B$4,"_",G48),D48="DJ_P",CONCATENATE(B48,"_",C48,$B$3,"_",$B$4,"_P","_",G48),D48="DJ_A",CONCATENATE(B48,"_",C48,$B$3,"_",$B$4,"_A","_",G48),D48="LT_P",CONCATENATE(B48,"_",C48,$B$3,"_",C48,$B$3,"_P","_",G48),D48="LT_A",CONCATENATE(B48,"_",C48,$B$3,"_",C48,$B$3,"_A","_",G48))} -> IMA_LT2_89-8_43LR | I48: Ponto Simples | J48: REMOTO | K48: LOCAL | L48: - | M48: -
A49: NÃO | B49: =Informações!$C$3 -> IMA | C49: LT | D49: SECF | E49: D | F49: =VLOOKUP(G49,[1]Discrete!$A:$B,2,FALSE) -> FALTA VCC | G49: CCFL | H49: {=_xlfn.IFS(OR(D49="TC",D49="TP",D49="LT"),CONCATENATE(B49,"_",C49,$B$3,"_",C49,$B$3,"_",G49),D49="SECC",CONCATENATE(B49,"_",C49,$B$3,"_",$B$5,"_",G49),D49="SECF",CONCATENATE(B49,"_",C49,$B$3,"_",$B$6,"_",G49),D49="SECT",CONCATENATE(B49,"_",C49,$B$3,"_",$B$7,"_",G49),D49="SECG",CONCATENATE(B49,"_",C49,$B$3,"_",$B$8,"_",G49),D49="DJ",CONCATENATE(B49,"_",C49,$B$3,"_",$B$4,"_",G49),D49="DJ_P",CONCATENATE(B49,"_",C49,$B$3,"_",$B$4,"_P","_",G49),D49="DJ_A",CONCATENATE(B49,"_",C49,$B$3,"_",$B$4,"_A","_",G49),D49="LT_P",CONCATENATE(B49,"_",C49,$B$3,"_",C49,$B$3,"_P","_",G49),D49="LT_A",CONCATENATE(B49,"_",C49,$B$3,"_",C49,$B$3,"_A","_",G49))} -> IMA_LT2_89-8_CCFL | I49: Ponto Simples | J49: NORMAL | K49: DEFEITO | L49: - | M49: -
A50: NÃO | B50: =Informações!$C$3 -> IMA | C50: LT | D50: SECF | E50: D | F50: =VLOOKUP(G50,[1]Discrete!$A:$B,2,FALSE) -> OPERACAO INDEVIDA SECCIONADORA | G50: OI | H50: {=_xlfn.IFS(OR(D50="TC",D50="TP",D50="LT"),CONCATENATE(B50,"_",C50,$B$3,"_",C50,$B$3,"_",G50),D50="SECC",CONCATENATE(B50,"_",C50,$B$3,"_",$B$5,"_",G50),D50="SECF",CONCATENATE(B50,"_",C50,$B$3,"_",$B$6,"_",G50),D50="SECT",CONCATENATE(B50,"_",C50,$B$3,"_",$B$7,"_",G50),D50="SECG",CONCATENATE(B50,"_",C50,$B$3,"_",$B$8,"_",G50),D50="DJ",CONCATENATE(B50,"_",C50,$B$3,"_",$B$4,"_",G50),D50="DJ_P",CONCATENATE(B50,"_",C50,$B$3,"_",$B$4,"_P","_",G50),D50="DJ_A",CONCATENATE(B50,"_",C50,$B$3,"_",$B$4,"_A","_",G50),D50="LT_P",CONCATENATE(B50,"_",C50,$B$3,"_",C50,$B$3,"_P","_",G50),D50="LT_A",CONCATENATE(B50,"_",C50,$B$3,"_",C50,$B$3,"_A","_",G50))} -> IMA_LT2_89-8_OI | I50: Ponto Simples | J50: NORMAL | K50: ATUADO | L50: - | M50: -
A51: NÃO | B51: =Informações!$C$3 -> IMA | C51: LT | D51: SECF | E51: D | F51: =VLOOKUP(G51,[1]Discrete!$A:$B,2,FALSE) -> LIBERA MANOBRA | G51: LIBM | H51: {=_xlfn.IFS(OR(D51="TC",D51="TP",D51="LT"),CONCATENATE(B51,"_",C51,$B$3,"_",C51,$B$3,"_",G51),D51="SECC",CONCATENATE(B51,"_",C51,$B$3,"_",$B$5,"_",G51),D51="SECF",CONCATENATE(B51,"_",C51,$B$3,"_",$B$6,"_",G51),D51="SECT",CONCATENATE(B51,"_",C51,$B$3,"_",$B$7,"_",G51),D51="SECG",CONCATENATE(B51,"_",C51,$B$3,"_",$B$8,"_",G51),D51="DJ",CONCATENATE(B51,"_",C51,$B$3,"_",$B$4,"_",G51),D51="DJ_P",CONCATENATE(B51,"_",C51,$B$3,"_",$B$4,"_P","_",G51),D51="DJ_A",CONCATENATE(B51,"_",C51,$B$3,"_",$B$4,"_A","_",G51),D51="LT_P",CONCATENATE(B51,"_",C51,$B$3,"_",C51,$B$3,"_P","_",G51),D51="LT_A",CONCATENATE(B51,"_",C51,$B$3,"_",C51,$B$3,"_A","_",G51))} -> IMA_LT2_89-8_LIBM | I51: Ponto Simples | J51: BLOQUEADA | K51: LIBERADA | L51: - | M51: -
A52: NÃO | B52: =Informações!$C$3 -> IMA | C52: LT | D52: SECT | E52: D | F52: =VLOOKUP(G52,[1]Discrete!$A:$B,2,FALSE) -> SECCIONADORA TRANSFERENCIA | G52: SECT | H52: {=_xlfn.IFS(OR(D52="TC",D52="TP",D52="LT"),CONCATENATE(B52,"_",C52,$B$3,"_",C52,$B$3,"_",G52),D52="SECC",CONCATENATE(B52,"_",C52,$B$3,"_",$B$5,"_",G52),D52="SECF",CONCATENATE(B52,"_",C52,$B$3,"_",$B$6,"_",G52),D52="SECT",CONCATENATE(B52,"_",C52,$B$3,"_",$B$7,"_",G52),D52="SECG",CONCATENATE(B52,"_",C52,$B$3,"_",$B$8,"_",G52),D52="DJ",CONCATENATE(B52,"_",C52,$B$3,"_",$B$4,"_",G52),D52="DJ_P",CONCATENATE(B52,"_",C52,$B$3,"_",$B$4,"_P","_",G52),D52="DJ_A",CONCATENATE(B52,"_",C52,$B$3,"_",$B$4,"_A","_",G52),D52="LT_P",CONCATENATE(B52,"_",C52,$B$3,"_",C52,$B$3,"_P","_",G52),D52="LT_A",CONCATENATE(B52,"_",C52,$B$3,"_",C52,$B$3,"_A","_",G52))} -> IMA_LT2_89-12_SECT | I52: Ponto Simples | J52: ABERTA | K52: FECHADA | L52: - | M52: -
A53: NÃO | B53: =Informações!$C$3 -> IMA | C53: LT | D53: SECT | E53: D | F53: =VLOOKUP(G53,[1]Discrete!$A:$B,2,FALSE) -> 43 - CHAVE LOCAL REMOTO | G53: 43LR | H53: {=_xlfn.IFS(OR(D53="TC",D53="TP",D53="LT"),CONCATENATE(B53,"_",C53,$B$3,"_",C53,$B$3,"_",G53),D53="SECC",CONCATENATE(B53,"_",C53,$B$3,"_",$B$5,"_",G53),D53="SECF",CONCATENATE(B53,"_",C53,$B$3,"_",$B$6,"_",G53),D53="SECT",CONCATENATE(B53,"_",C53,$B$3,"_",$B$7,"_",G53),D53="SECG",CONCATENATE(B53,"_",C53,$B$3,"_",$B$8,"_",G53),D53="DJ",CONCATENATE(B53,"_",C53,$B$3,"_",$B$4,"_",G53),D53="DJ_P",CONCATENATE(B53,"_",C53,$B$3,"_",$B$4,"_P","_",G53),D53="DJ_A",CONCATENATE(B53,"_",C53,$B$3,"_",$B$4,"_A","_",G53),D53="LT_P",CONCATENATE(B53,"_",C53,$B$3,"_",C53,$B$3,"_P","_",G53),D53="LT_A",CONCATENATE(B53,"_",C53,$B$3,"_",C53,$B$3,"_A","_",G53))} -> IMA_LT2_89-12_43LR | I53: Ponto Simples | J53: REMOTO | K53: LOCAL | L53: - | M53: -
... A58: NÃO | B58: =Informações!$C$3 -> IMA | C58: LT | D58: DJ | E58: D | F58: =VLOOKUP(G58,[1]Discrete!$A:$B,2,FALSE) -> DISJUNTOR NF | G58: DJF1 | H58: {=_xlfn.IFS(OR(D58="TC",D58="TP",D58="LT"),CONCATENATE(B58,"_",C58,$B$3,"_",C58,$B$3,"_",G58),D58="SECC",CONCATENATE(B58,"_",C58,$B$3,"_",$B$5,"_",G58),D58="SECF",CONCATENATE(B58,"_",C58,$B$3,"_",$B$6,"_",G58),D58="SECT",CONCATENATE(B58,"_",C58,$B$3,"_",$B$7,"_",G58),D58="SECG",CONCATENATE(B58,"_",C58,$B$3,"_",$B$8,"_",G58),D58="DJ",CONCATENATE(B58,"_",C58,$B$3,"_",$B$4,"_",G58),D58="DJ_P",CONCATENATE(B58,"_",C58,$B$3,"_",$B$4,"_P","_",G58),D58="DJ_A",CONCATENATE(B58,"_",C58,$B$3,"_",$B$4,"_A","_",G58),D58="LT_P",CONCATENATE(B58,"_",C58,$B$3,"_",C58,$B$3,"_P","_",G58),D58="LT_A",CONCATENATE(B58,"_",C58,$B$3,"_",C58,$B$3,"_A","_",G58))} -> IMA_LT2_52-2_DJF1 | I58: Ponto Simples | J58: DESLIGADO | K58: LIGADO | L58: - | M58: -
A59: NÃO | B59: =Informações!$C$3 -> IMA | C59: LT | D59: DJ | E59: D | F59: =VLOOKUP(G59,[1]Discrete!$A:$B,2,FALSE) -> #N/A | G59: 79 | H59: {=_xlfn.IFS(OR(D59="TC",D59="TP",D59="LT"),CONCATENATE(B59,"_",C59,$B$3,"_",C59,$B$3,"_",G59),D59="SECC",CONCATENATE(B59,"_",C59,$B$3,"_",$B$5,"_",G59),D59="SECF",CONCATENATE(B59,"_",C59,$B$3,"_",$B$6,"_",G59),D59="SECT",CONCATENATE(B59,"_",C59,$B$3,"_",$B$7,"_",G59),D59="SECG",CONCATENATE(B59,"_",C59,$B$3,"_",$B$8,"_",G59),D59="DJ",CONCATENATE(B59,"_",C59,$B$3,"_",$B$4,"_",G59),D59="DJ_P",CONCATENATE(B59,"_",C59,$B$3,"_",$B$4,"_P","_",G59),D59="DJ_A",CONCATENATE(B59,"_",C59,$B$3,"_",$B$4,"_A","_",G59),D59="LT_P",CONCATENATE(B59,"_",C59,$B$3,"_",C59,$B$3,"_P","_",G59),D59="LT_A",CONCATENATE(B59,"_",C59,$B$3,"_",C59,$B$3,"_A","_",G59))} -> IMA_LT2_52-2_79 | I59: Ponto Simples | J59: NORMAL | K59: ATUADO | L59: - | M59: -
A60: NÃO | B60: =Informações!$C$3 -> IMA | C60: LT | D60: DJ | E60: D | F60: =VLOOKUP(G60,[1]Discrete!$A:$B,2,FALSE) -> 51 - FUNCAO SOBRECORRENTE TEMPORIZADA NEUTRO | G60: 51N | H60: {=_xlfn.IFS(OR(D60="TC",D60="TP",D60="LT"),CONCATENATE(B60,"_",C60,$B$3,"_",C60,$B$3,"_",G60),D60="SECC",CONCATENATE(B60,"_",C60,$B$3,"_",$B$5,"_",G60),D60="SECF",CONCATENATE(B60,"_",C60,$B$3,"_",$B$6,"_",G60),D60="SECT",CONCATENATE(B60,"_",C60,$B$3,"_",$B$7,"_",G60),D60="SECG",CONCATENATE(B60,"_",C60,$B$3,"_",$B$8,"_",G60),D60="DJ",CONCATENATE(B60,"_",C60,$B$3,"_",$B$4,"_",G60),D60="DJ_P",CONCATENATE(B60,"_",C60,$B$3,"_",$B$4,"_P","_",G60),D60="DJ_A",CONCATENATE(B60,"_",C60,$B$3,"_",$B$4,"_A","_",G60),D60="LT_P",CONCATENATE(B60,"_",C60,$B$3,"_",C60,$B$3,"_P","_",G60),D60="LT_A",CONCATENATE(B60,"_",C60,$B$3,"_",C60,$B$3,"_A","_",G60))} -> IMA_LT2_52-2_51N | I60: Ponto Simples | J60: NORMAL | K60: ATUADO | L60: - | M60: -
A61: NÃO | B61: =Informações!$C$3 -> IMA | C61: LT | D61: DJ | E61: D | F61: =VLOOKUP(G61,[1]Discrete!$A:$B,2,FALSE) -> ALARME BAIXA PRESSAO SF6 | G61: SF6A | H61: {=_xlfn.IFS(OR(D61="TC",D61="TP",D61="LT"),CONCATENATE(B61,"_",C61,$B$3,"_",C61,$B$3,"_",G61),D61="SECC",CONCATENATE(B61,"_",C61,$B$3,"_",$B$5,"_",G61),D61="SECF",CONCATENATE(B61,"_",C61,$B$3,"_",$B$6,"_",G61),D61="SECT",CONCATENATE(B61,"_",C61,$B$3,"_",$B$7,"_",G61),D61="SECG",CONCATENATE(B61,"_",C61,$B$3,"_",$B$8,"_",G61),D61="DJ",CONCATENATE(B61,"_",C61,$B$3,"_",$B$4,"_",G61),D61="DJ_P",CONCATENATE(B61,"_",C61,$B$3,"_",$B$4,"_P","_",G61),D61="DJ_A",CONCATENATE(B61,"_",C61,$B$3,"_",$B$4,"_A","_",G61),D61="LT_P",CONCATENATE(B61,"_",C61,$B$3,"_",C61,$B$3,"_P","_",G61),D61="LT_A",CONCATENATE(B61,"_",C61,$B$3,"_",C61,$B$3,"_A","_",G61))} -> IMA_LT2_52-2_SF6A | I61: Ponto Simples | J61: NORMAL | K61: ATUADO | L61: - | M61: -
A62: NÃO | B62: =Informações!$C$3 -> IMA | C62: LT | D62: DJ | E62: D | F62: =VLOOKUP(G62,[1]Discrete!$A:$B,2,FALSE) -> BLOQUEIO BAIXA PRESSAO SF6 | G62: SF6B | H62: {=_xlfn.IFS(OR(D62="TC",D62="TP",D62="LT"),CONCATENATE(B62,"_",C62,$B$3,"_",C62,$B$3,"_",G62),D62="SECC",CONCATENATE(B62,"_",C62,$B$3,"_",$B$5,"_",G62),D62="SECF",CONCATENATE(B62,"_",C62,$B$3,"_",$B$6,"_",G62),D62="SECT",CONCATENATE(B62,"_",C62,$B$3,"_",$B$7,"_",G62),D62="SECG",CONCATENATE(B62,"_",C62,$B$3,"_",$B$8,"_",G62),D62="DJ",CONCATENATE(B62,"_",C62,$B$3,"_",$B$4,"_",G62),D62="DJ_P",CONCATENATE(B62,"_",C62,$B$3,"_",$B$4,"_P","_",G62),D62="DJ_A",CONCATENATE(B62,"_",C62,$B$3,"_",$B$4,"_A","_",G62),D62="LT_P",CONCATENATE(B62,"_",C62,$B$3,"_",C62,$B$3,"_P","_",G62),D62="LT_A",CONCATENATE(B62,"_",C62,$B$3,"_",C62,$B$3,"_A","_",G62))} -> IMA_LT2_52-2_SF6B | I62: Ponto Simples | J62: NORMAL | K62: ATUADO | L62: - | M62: -
A63: NÃO | B63: =Informações!$C$3 -> IMA | C63: LT | D63: DJ | E63: D | F63: =VLOOKUP(G63,[1]Discrete!$A:$B,2,FALSE) -> MOLA | G63: MOLA | H63: {=_xlfn.IFS(OR(D63="TC",D63="TP",D63="LT"),CONCATENATE(B63,"_",C63,$B$3,"_",C63,$B$3,"_",G63),D63="SECC",CONCATENATE(B63,"_",C63,$B$3,"_",$B$5,"_",G63),D63="SECF",CONCATENATE(B63,"_",C63,$B$3,"_",$B$6,"_",G63),D63="SECT",CONCATENATE(B63,"_",C63,$B$3,"_",$B$7,"_",G63),D63="SECG",CONCATENATE(B63,"_",C63,$B$3,"_",$B$8,"_",G63),D63="DJ",CONCATENATE(B63,"_",C63,$B$3,"_",$B$4,"_",G63),D63="DJ_P",CONCATENATE(B63,"_",C63,$B$3,"_",$B$4,"_P","_",G63),D63="DJ_A",CONCATENATE(B63,"_",C63,$B$3,"_",$B$4,"_A","_",G63),D63="LT_P",CONCATENATE(B63,"_",C63,$B$3,"_",C63,$B$3,"_P","_",G63),D63="LT_A",CONCATENATE(B63,"_",C63,$B$3,"_",C63,$B$3,"_A","_",G63))} -> IMA_LT2_52-2_MOLA | I63: Ponto Simples | J63: DESCARREGADA | K63: CARREGADA | L63: - | M63: -
A64: NÃO | B64: =Informações!$C$3 -> IMA | C64: LT | D64: DJ | E64: D | F64: =VLOOKUP(G64,[1]Discrete!$A:$B,2,FALSE) -> 43 - CHAVE LOCAL REMOTO | G64: 43LR | H64: {=_xlfn.IFS(OR(D64="TC",D64="TP",D64="LT"),CONCATENATE(B64,"_",C64,$B$3,"_",C64,$B$3,"_",G64),D64="SECC",CONCATENATE(B64,"_",C64,$B$3,"_",$B$5,"_",G64),D64="SECF",CONCATENATE(B64,"_",C64,$B$3,"_",$B$6,"_",G64),D64="SECT",CONCATENATE(B64,"_",C64,$B$3,"_",$B$7,"_",G64),D64="SECG",CONCATENATE(B64,"_",C64,$B$3,"_",$B$8,"_",G64),D64="DJ",CONCATENATE(B64,"_",C64,$B$3,"_",$B$4,"_",G64),D64="DJ_P",CONCATENATE(B64,"_",C64,$B$3,"_",$B$4,"_P","_",G64),D64="DJ_A",CONCATENATE(B64,"_",C64,$B$3,"_",$B$4,"_A","_",G64),D64="LT_P",CONCATENATE(B64,"_",C64,$B$3,"_",C64,$B$3,"_P","_",G64),D64="LT_A",CONCATENATE(B64,"_",C64,$B$3,"_",C64,$B$3,"_A","_",G64))} -> IMA_LT2_52-2_43LR | I64: Ponto Simples | J64: REMOTO | K64: LOCAL | L64: - | M64: -
A65: NÃO | B65: =Informações!$C$3 -> IMA | C65: LT | D65: DJ | E65: D | F65: =VLOOKUP(G65,[1]Discrete!$A:$B,2,FALSE) -> 43 - CHAVE TELECOMANDO | G65: 43TC | H65: {=_xlfn.IFS(OR(D65="TC",D65="TP",D65="LT"),CONCATENATE(B65,"_",C65,$B$3,"_",C65,$B$3,"_",G65),D65="SECC",CONCATENATE(B65,"_",C65,$B$3,"_",$B$5,"_",G65),D65="SECF",CONCATENATE(B65,"_",C65,$B$3,"_",$B$6,"_",G65),D65="SECT",CONCATENATE(B65,"_",C65,$B$3,"_",$B$7,"_",G65),D65="SECG",CONCATENATE(B65,"_",C65,$B$3,"_",$B$8,"_",G65),D65="DJ",CONCATENATE(B65,"_",C65,$B$3,"_",$B$4,"_",G65),D65="DJ_P",CONCATENATE(B65,"_",C65,$B$3,"_",$B$4,"_P","_",G65),D65="DJ_A",CONCATENATE(B65,"_",C65,$B$3,"_",$B$4,"_A","_",G65),D65="LT_P",CONCATENATE(B65,"_",C65,$B$3,"_",C65,$B$3,"_P","_",G65),D65="LT_A",CONCATENATE(B65,"_",C65,$B$3,"_",C65,$B$3,"_A","_",G65))} -> IMA_LT2_52-2_43TC | I65: Ponto Simples | J65: EXCLUIDO | K65: INCLUIDO | L65: - | M65: -
A66: NÃO | B66: =Informações!$C$3 -> IMA | C66: LT | D66: DJ | E66: D | F66: =VLOOKUP(G66,[1]Discrete!$A:$B,2,FALSE) -> BOBINA ABERTURA | G66: BBAB | H66: {=_xlfn.IFS(OR(D66="TC",D66="TP",D66="LT"),CONCATENATE(B66,"_",C66,$B$3,"_",C66,$B$3,"_",G66),D66="SECC",CONCATENATE(B66,"_",C66,$B$3,"_",$B$5,"_",G66),D66="SECF",CONCATENATE(B66,"_",C66,$B$3,"_",$B$6,"_",G66),D66="SECT",CONCATENATE(B66,"_",C66,$B$3,"_",$B$7,"_",G66),D66="SECG",CONCATENATE(B66,"_",C66,$B$3,"_",$B$8,"_",G66),D66="DJ",CONCATENATE(B66,"_",C66,$B$3,"_",$B$4,"_",G66),D66="DJ_P",CONCATENATE(B66,"_",C66,$B$3,"_",$B$4,"_P","_",G66),D66="DJ_A",CONCATENATE(B66,"_",C66,$B$3,"_",$B$4,"_A","_",G66),D66="LT_P",CONCATENATE(B66,"_",C66,$B$3,"_",C66,$B$3,"_P","_",G66),D66="LT_A",CONCATENATE(B66,"_",C66,$B$3,"_",C66,$B$3,"_A","_",G66))} -> IMA_LT2_52-2_BBAB | I66: Ponto Simples | J66: NORMAL | K66: FALHA | L66: - | M66: -
A67: NÃO | B67: =Informações!$C$3 -> IMA | C67: LT | D67: DJ | E67: D | F67: =VLOOKUP(G67,[1]Discrete!$A:$B,2,FALSE) -> BOBINA FECHAMENTO | G67: BBFC | H67: {=_xlfn.IFS(OR(D67="TC",D67="TP",D67="LT"),CONCATENATE(B67,"_",C67,$B$3,"_",C67,$B$3,"_",G67),D67="SECC",CONCATENATE(B67,"_",C67,$B$3,"_",$B$5,"_",G67),D67="SECF",CONCATENATE(B67,"_",C67,$B$3,"_",$B$6,"_",G67),D67="SECT",CONCATENATE(B67,"_",C67,$B$3,"_",$B$7,"_",G67),D67="SECG",CONCATENATE(B67,"_",C67,$B$3,"_",$B$8,"_",G67),D67="DJ",CONCATENATE(B67,"_",C67,$B$3,"_",$B$4,"_",G67),D67="DJ_P",CONCATENATE(B67,"_",C67,$B$3,"_",$B$4,"_P","_",G67),D67="DJ_A",CONCATENATE(B67,"_",C67,$B$3,"_",$B$4,"_A","_",G67),D67="LT_P",CONCATENATE(B67,"_",C67,$B$3,"_",C67,$B$3,"_P","_",G67),D67="LT_A",CONCATENATE(B67,"_",C67,$B$3,"_",C67,$B$3,"_A","_",G67))} -> IMA_LT2_52-2_BBFC | I67: Ponto Simples | J67: NORMAL | K67: FALHA | L67: - | M67: -
A68: NÃO | B68: =Informações!$C$3 -> IMA | C68: LT | D68: DJ | E68: D | F68: =VLOOKUP(G68,[1]Discrete!$A:$B,2,FALSE) -> FALTA VCC | G68: CCFL | H68: {=_xlfn.IFS(OR(D68="TC",D68="TP",D68="LT"),CONCATENATE(B68,"_",C68,$B$3,"_",C68,$B$3,"_",G68),D68="SECC",CONCATENATE(B68,"_",C68,$B$3,"_",$B$5,"_",G68),D68="SECF",CONCATENATE(B68,"_",C68,$B$3,"_",$B$6,"_",G68),D68="SECT",CONCATENATE(B68,"_",C68,$B$3,"_",$B$7,"_",G68),D68="SECG",CONCATENATE(B68,"_",C68,$B$3,"_",$B$8,"_",G68),D68="DJ",CONCATENATE(B68,"_",C68,$B$3,"_",$B$4,"_",G68),D68="DJ_P",CONCATENATE(B68,"_",C68,$B$3,"_",$B$4,"_P","_",G68),D68="DJ_A",CONCATENATE(B68,"_",C68,$B$3,"_",$B$4,"_A","_",G68),D68="LT_P",CONCATENATE(B68,"_",C68,$B$3,"_",C68,$B$3,"_P","_",G68),D68="LT_A",CONCATENATE(B68,"_",C68,$B$3,"_",C68,$B$3,"_A","_",G68))} -> IMA_LT2_52-2_CCFL | I68: Ponto Simples | J68: NORMAL | K68: FALTA | L68: - | M68: -
A69: NÃO | B69: =Informações!$C$3 -> IMA | C69: LT | D69: DJ | E69: D | F69: =VLOOKUP(G69,[1]Discrete!$A:$B,2,FALSE) -> FALTA VCA | G69: CAFL | H69: {=_xlfn.IFS(OR(D69="TC",D69="TP",D69="LT"),CONCATENATE(B69,"_",C69,$B$3,"_",C69,$B$3,"_",G69),D69="SECC",CONCATENATE(B69,"_",C69,$B$3,"_",$B$5,"_",G69),D69="SECF",CONCATENATE(B69,"_",C69,$B$3,"_",$B$6,"_",G69),D69="SECT",CONCATENATE(B69,"_",C69,$B$3,"_",$B$7,"_",G69),D69="SECG",CONCATENATE(B69,"_",C69,$B$3,"_",$B$8,"_",G69),D69="DJ",CONCATENATE(B69,"_",C69,$B$3,"_",$B$4,"_",G69),D69="DJ_P",CONCATENATE(B69,"_",C69,$B$3,"_",$B$4,"_P","_",G69),D69="DJ_A",CONCATENATE(B69,"_",C69,$B$3,"_",$B$4,"_A","_",G69),D69="LT_P",CONCATENATE(B69,"_",C69,$B$3,"_",C69,$B$3,"_P","_",G69),D69="LT_A",CONCATENATE(B69,"_",C69,$B$3,"_",C69,$B$3,"_A","_",G69))} -> IMA_LT2_52-2_CAFL | I69: Ponto Simples | J69: NORMAL | K69: FALTA | L69: - | M69: -
A70: NÃO | B70: =Informações!$C$3 -> IMA | C70: LT | D70: DJ | E70: D | F70: =VLOOKUP(G70,[1]Discrete!$A:$B,2,FALSE) -> #N/A | G70: 81 | H70: {=_xlfn.IFS(OR(D70="TC",D70="TP",D70="LT"),CONCATENATE(B70,"_",C70,$B$3,"_",C70,$B$3,"_",G70),D70="SECC",CONCATENATE(B70,"_",C70,$B$3,"_",$B$5,"_",G70),D70="SECF",CONCATENATE(B70,"_",C70,$B$3,"_",$B$6,"_",G70),D70="SECT",CONCATENATE(B70,"_",C70,$B$3,"_",$B$7,"_",G70),D70="SECG",CONCATENATE(B70,"_",C70,$B$3,"_",$B$8,"_",G70),D70="DJ",CONCATENATE(B70,"_",C70,$B$3,"_",$B$4,"_",G70),D70="DJ_P",CONCATENATE(B70,"_",C70,$B$3,"_",$B$4,"_P","_",G70),D70="DJ_A",CONCATENATE(B70,"_",C70,$B$3,"_",$B$4,"_A","_",G70),D70="LT_P",CONCATENATE(B70,"_",C70,$B$3,"_",C70,$B$3,"_P","_",G70),D70="LT_A",CONCATENATE(B70,"_",C70,$B$3,"_",C70,$B$3,"_A","_",G70))} -> IMA_LT2_52-2_81 | I70: Ponto Simples | J70: NORMAL | K70: ATUADO | L70: - | M70: -
A71: NÃO | B71: =Informações!$C$3 -> IMA | C71: LT | D71: DJ | E71: D | F71: =VLOOKUP(G71,[1]Discrete!$A:$B,2,FALSE) -> AJUSTE PARA 81 E1 | G71: 81U1 | H71: {=_xlfn.IFS(OR(D71="TC",D71="TP",D71="LT"),CONCATENATE(B71,"_",C71,$B$3,"_",C71,$B$3,"_",G71),D71="SECC",CONCATENATE(B71,"_",C71,$B$3,"_",$B$5,"_",G71),D71="SECF",CONCATENATE(B71,"_",C71,$B$3,"_",$B$6,"_",G71),D71="SECT",CONCATENATE(B71,"_",C71,$B$3,"_",$B$7,"_",G71),D71="SECG",CONCATENATE(B71,"_",C71,$B$3,"_",$B$8,"_",G71),D71="DJ",CONCATENATE(B71,"_",C71,$B$3,"_",$B$4,"_",G71),D71="DJ_P",CONCATENATE(B71,"_",C71,$B$3,"_",$B$4,"_P","_",G71),D71="DJ_A",CONCATENATE(B71,"_",C71,$B$3,"_",$B$4,"_A","_",G71),D71="LT_P",CONCATENATE(B71,"_",C71,$B$3,"_",C71,$B$3,"_P","_",G71),D71="LT_A",CONCATENATE(B71,"_",C71,$B$3,"_",C71,$B$3,"_A","_",G71))} -> IMA_LT2_52-2_81U1 | I71: Ponto Simples | J71: NORMAL | K71: ATUADO | L71: - | M71: -
A72: NÃO | B72: =Informações!$C$3 -> IMA | C72: LT | D72: DJ | E72: D | F72: =VLOOKUP(G72,[1]Discrete!$A:$B,2,FALSE) -> AJUSTE PARA 81 E2 | G72: 81U2 | H72: {=_xlfn.IFS(OR(D72="TC",D72="TP",D72="LT"),CONCATENATE(B72,"_",C72,$B$3,"_",C72,$B$3,"_",G72),D72="SECC",CONCATENATE(B72,"_",C72,$B$3,"_",$B$5,"_",G72),D72="SECF",CONCATENATE(B72,"_",C72,$B$3,"_",$B$6,"_",G72),D72="SECT",CONCATENATE(B72,"_",C72,$B$3,"_",$B$7,"_",G72),D72="SECG",CONCATENATE(B72,"_",C72,$B$3,"_",$B$8,"_",G72),D72="DJ",CONCATENATE(B72,"_",C72,$B$3,"_",$B$4,"_",G72),D72="DJ_P",CONCATENATE(B72,"_",C72,$B$3,"_",$B$4,"_P","_",G72),D72="DJ_A",CONCATENATE(B72,"_",C72,$B$3,"_",$B$4,"_A","_",G72),D72="LT_P",CONCATENATE(B72,"_",C72,$B$3,"_",C72,$B$3,"_P","_",G72),D72="LT_A",CONCATENATE(B72,"_",C72,$B$3,"_",C72,$B$3,"_A","_",G72))} -> IMA_LT2_52-2_81U2 | I72: Ponto Simples | J72: NORMAL | K72: ATUADO | L72: - | M72: -
A73: NÃO | B73: =Informações!$C$3 -> IMA | C73: LT | D73: DJ | E73: D | F73: =VLOOKUP(G73,[1]Discrete!$A:$B,2,FALSE) -> AJUSTE PARA 81 E3 | G73: 81U3 | H73: {=_xlfn.IFS(OR(D73="TC",D73="TP",D73="LT"),CONCATENATE(B73,"_",C73,$B$3,"_",C73,$B$3,"_",G73),D73="SECC",CONCATENATE(B73,"_",C73,$B$3,"_",$B$5,"_",G73),D73="SECF",CONCATENATE(B73,"_",C73,$B$3,"_",$B$6,"_",G73),D73="SECT",CONCATENATE(B73,"_",C73,$B$3,"_",$B$7,"_",G73),D73="SECG",CONCATENATE(B73,"_",C73,$B$3,"_",$B$8,"_",G73),D73="DJ",CONCATENATE(B73,"_",C73,$B$3,"_",$B$4,"_",G73),D73="DJ_P",CONCATENATE(B73,"_",C73,$B$3,"_",$B$4,"_P","_",G73),D73="DJ_A",CONCATENATE(B73,"_",C73,$B$3,"_",$B$4,"_A","_",G73),D73="LT_P",CONCATENATE(B73,"_",C73,$B$3,"_",C73,$B$3,"_P","_",G73),D73="LT_A",CONCATENATE(B73,"_",C73,$B$3,"_",C73,$B$3,"_A","_",G73))} -> IMA_LT2_52-2_81U3 | I73: Ponto Simples | J73: NORMAL | K73: ATUADO | L73: - | M73: -
A74: NÃO | B74: =Informações!$C$3 -> IMA | C74: LT | D74: DJ | E74: D | F74: =VLOOKUP(G74,[1]Discrete!$A:$B,2,FALSE) -> AJUSTE PARA 81 E4 | G74: 81U4 | H74: {=_xlfn.IFS(OR(D74="TC",D74="TP",D74="LT"),CONCATENATE(B74,"_",C74,$B$3,"_",C74,$B$3,"_",G74),D74="SECC",CONCATENATE(B74,"_",C74,$B$3,"_",$B$5,"_",G74),D74="SECF",CONCATENATE(B74,"_",C74,$B$3,"_",$B$6,"_",G74),D74="SECT",CONCATENATE(B74,"_",C74,$B$3,"_",$B$7,"_",G74),D74="SECG",CONCATENATE(B74,"_",C74,$B$3,"_",$B$8,"_",G74),D74="DJ",CONCATENATE(B74,"_",C74,$B$3,"_",$B$4,"_",G74),D74="DJ_P",CONCATENATE(B74,"_",C74,$B$3,"_",$B$4,"_P","_",G74),D74="DJ_A",CONCATENATE(B74,"_",C74,$B$3,"_",$B$4,"_A","_",G74),D74="LT_P",CONCATENATE(B74,"_",C74,$B$3,"_",C74,$B$3,"_P","_",G74),D74="LT_A",CONCATENATE(B74,"_",C74,$B$3,"_",C74,$B$3,"_A","_",G74))} -> IMA_LT2_52-2_81U4 | I74: Ponto Simples | J74: NORMAL | K74: ATUADO | L74: - | M74: -
A75: NÃO | B75: =Informações!$C$3 -> IMA | C75: LT | D75: DJ | E75: D | F75: AJUSTE PARA 81 ESTAGIO 5 | G75: 81U5 | H75: {=_xlfn.IFS(OR(D75="TC",D75="TP",D75="LT"),CONCATENATE(B75,"_",C75,$B$3,"_",C75,$B$3,"_",G75),D75="SECC",CONCATENATE(B75,"_",C75,$B$3,"_",$B$5,"_",G75),D75="SECF",CONCATENATE(B75,"_",C75,$B$3,"_",$B$6,"_",G75),D75="SECT",CONCATENATE(B75,"_",C75,$B$3,"_",$B$7,"_",G75),D75="SECG",CONCATENATE(B75,"_",C75,$B$3,"_",$B$8,"_",G75),D75="DJ",CONCATENATE(B75,"_",C75,$B$3,"_",$B$4,"_",G75),D75="DJ_P",CONCATENATE(B75,"_",C75,$B$3,"_",$B$4,"_P","_",G75),D75="DJ_A",CONCATENATE(B75,"_",C75,$B$3,"_",$B$4,"_A","_",G75),D75="LT_P",CONCATENATE(B75,"_",C75,$B$3,"_",C75,$B$3,"_P","_",G75),D75="LT_A",CONCATENATE(B75,"_",C75,$B$3,"_",C75,$B$3,"_A","_",G75))} -> IMA_LT2_52-2_81U5 | I75: Ponto Simples | J75: NORMAL | K75: ATUADO | L75: - | M75: -
A76: NÃO | B76: =Informações!$C$3 -> IMA | C76: LT | D76: DJ | E76: D | F76: =VLOOKUP(G76,[1]Discrete!$A:$B,2,FALSE) -> 62 - FALHA DISJUNTOR BLOQUEIO | G76: 62BF | H76: {=_xlfn.IFS(OR(D76="TC",D76="TP",D76="LT"),CONCATENATE(B76,"_",C76,$B$3,"_",C76,$B$3,"_",G76),D76="SECC",CONCATENATE(B76,"_",C76,$B$3,"_",$B$5,"_",G76),D76="SECF",CONCATENATE(B76,"_",C76,$B$3,"_",$B$6,"_",G76),D76="SECT",CONCATENATE(B76,"_",C76,$B$3,"_",$B$7,"_",G76),D76="SECG",CONCATENATE(B76,"_",C76,$B$3,"_",$B$8,"_",G76),D76="DJ",CONCATENATE(B76,"_",C76,$B$3,"_",$B$4,"_",G76),D76="DJ_P",CONCATENATE(B76,"_",C76,$B$3,"_",$B$4,"_P","_",G76),D76="DJ_A",CONCATENATE(B76,"_",C76,$B$3,"_",$B$4,"_A","_",G76),D76="LT_P",CONCATENATE(B76,"_",C76,$B$3,"_",C76,$B$3,"_P","_",G76),D76="LT_A",CONCATENATE(B76,"_",C76,$B$3,"_",C76,$B$3,"_A","_",G76))} -> IMA_LT2_52-2_62BF | I76: Ponto Simples | J76: NORMAL | K76: ATUADO | L76: - | M76: -
A77: NÃO | B77: =Informações!$C$3 -> IMA | C77: LT | D77: DJ | E77: D | F77: =VLOOKUP(G77,[1]Discrete!$A:$B,2,FALSE) -> 79 - RELIGAMENTO BLOQUEADO | G77: 79LO | H77: {=_xlfn.IFS(OR(D77="TC",D77="TP",D77="LT"),CONCATENATE(B77,"_",C77,$B$3,"_",C77,$B$3,"_",G77),D77="SECC",CONCATENATE(B77,"_",C77,$B$3,"_",$B$5,"_",G77),D77="SECF",CONCATENATE(B77,"_",C77,$B$3,"_",$B$6,"_",G77),D77="SECT",CONCATENATE(B77,"_",C77,$B$3,"_",$B$7,"_",G77),D77="SECG",CONCATENATE(B77,"_",C77,$B$3,"_",$B$8,"_",G77),D77="DJ",CONCATENATE(B77,"_",C77,$B$3,"_",$B$4,"_",G77),D77="DJ_P",CONCATENATE(B77,"_",C77,$B$3,"_",$B$4,"_P","_",G77),D77="DJ_A",CONCATENATE(B77,"_",C77,$B$3,"_",$B$4,"_A","_",G77),D77="LT_P",CONCATENATE(B77,"_",C77,$B$3,"_",C77,$B$3,"_P","_",G77),D77="LT_A",CONCATENATE(B77,"_",C77,$B$3,"_",C77,$B$3,"_A","_",G77))} -> IMA_LT2_52-2_79LO | I77: Ponto Simples | J77: NORMAL | K77: ATUADO | L77: - | M77: -
A78: NÃO | B78: =Informações!$C$3 -> IMA | C78: LT | D78: DJ | E78: D | F78: =VLOOKUP(G78,[1]Discrete!$A:$B,2,FALSE) -> 79 - RELIGAMENTO COM SUCESSO | G78: 79OK | H78: {=_xlfn.IFS(OR(D78="TC",D78="TP",D78="LT"),CONCATENATE(B78,"_",C78,$B$3,"_",C78,$B$3,"_",G78),D78="SECC",CONCATENATE(B78,"_",C78,$B$3,"_",$B$5,"_",G78),D78="SECF",CONCATENATE(B78,"_",C78,$B$3,"_",$B$6,"_",G78),D78="SECT",CONCATENATE(B78,"_",C78,$B$3,"_",$B$7,"_",G78),D78="SECG",CONCATENATE(B78,"_",C78,$B$3,"_",$B$8,"_",G78),D78="DJ",CONCATENATE(B78,"_",C78,$B$3,"_",$B$4,"_",G78),D78="DJ_P",CONCATENATE(B78,"_",C78,$B$3,"_",$B$4,"_P","_",G78),D78="DJ_A",CONCATENATE(B78,"_",C78,$B$3,"_",$B$4,"_A","_",G78),D78="LT_P",CONCATENATE(B78,"_",C78,$B$3,"_",C78,$B$3,"_P","_",G78),D78="LT_A",CONCATENATE(B78,"_",C78,$B$3,"_",C78,$B$3,"_A","_",G78))} -> IMA_LT2_52-2_79OK | I78: Ponto Simples | J78: NORMAL | K78: ATUADO | L78: - | M78: -
A79: NÃO | B79: =Informações!$C$3 -> IMA | C79: LT | D79: DJ | E79: D | F79: =VLOOKUP(G79,[1]Discrete!$A:$B,2,FALSE) -> 79 - RELIGAMENTO PRONTO | G79: 79RE | H79: {=_xlfn.IFS(OR(D79="TC",D79="TP",D79="LT"),CONCATENATE(B79,"_",C79,$B$3,"_",C79,$B$3,"_",G79),D79="SECC",CONCATENATE(B79,"_",C79,$B$3,"_",$B$5,"_",G79),D79="SECF",CONCATENATE(B79,"_",C79,$B$3,"_",$B$6,"_",G79),D79="SECT",CONCATENATE(B79,"_",C79,$B$3,"_",$B$7,"_",G79),D79="SECG",CONCATENATE(B79,"_",C79,$B$3,"_",$B$8,"_",G79),D79="DJ",CONCATENATE(B79,"_",C79,$B$3,"_",$B$4,"_",G79),D79="DJ_P",CONCATENATE(B79,"_",C79,$B$3,"_",$B$4,"_P","_",G79),D79="DJ_A",CONCATENATE(B79,"_",C79,$B$3,"_",$B$4,"_A","_",G79),D79="LT_P",CONCATENATE(B79,"_",C79,$B$3,"_",C79,$B$3,"_P","_",G79),D79="LT_A",CONCATENATE(B79,"_",C79,$B$3,"_",C79,$B$3,"_A","_",G79))} -> IMA_LT2_52-2_79RE | I79: Ponto Simples | J79: NORMAL | K79: ATUADO | L79: - | M79: -
A80: NÃO | B80: =Informações!$C$3 -> IMA | C80: LT | D80: DJ | E80: D | F80: =VLOOKUP(G80,[1]Discrete!$A:$B,2,FALSE) -> 79 - PARTIDA RELIGAMENTO | G80: 79_1 | H80: {=_xlfn.IFS(OR(D80="TC",D80="TP",D80="LT"),CONCATENATE(B80,"_",C80,$B$3,"_",C80,$B$3,"_",G80),D80="SECC",CONCATENATE(B80,"_",C80,$B$3,"_",$B$5,"_",G80),D80="SECF",CONCATENATE(B80,"_",C80,$B$3,"_",$B$6,"_",G80),D80="SECT",CONCATENATE(B80,"_",C80,$B$3,"_",$B$7,"_",G80),D80="SECG",CONCATENATE(B80,"_",C80,$B$3,"_",$B$8,"_",G80),D80="DJ",CONCATENATE(B80,"_",C80,$B$3,"_",$B$4,"_",G80),D80="DJ_P",CONCATENATE(B80,"_",C80,$B$3,"_",$B$4,"_P","_",G80),D80="DJ_A",CONCATENATE(B80,"_",C80,$B$3,"_",$B$4,"_A","_",G80),D80="LT_P",CONCATENATE(B80,"_",C80,$B$3,"_",C80,$B$3,"_P","_",G80),D80="LT_A",CONCATENATE(B80,"_",C80,$B$3,"_",C80,$B$3,"_A","_",G80))} -> IMA_LT2_52-2_79_1 | I80: Ponto Simples | J80: NORMAL | K80: ATUADO | L80: - | M80: -
A81: NÃO | B81: =Informações!$C$3 -> IMA | C81: LT | D81: DJ_P | E81: D | F81: =VLOOKUP(G81,[1]Discrete!$A:$B,2,FALSE) -> 62 - FALHA DISJUNTOR BLOQUEIO | G81: 62BF | H81: {=_xlfn.IFS(OR(D81="TC",D81="TP",D81="LT"),CONCATENATE(B81,"_",C81,$B$3,"_",C81,$B$3,"_",G81),D81="SECC",CONCATENATE(B81,"_",C81,$B$3,"_",$B$5,"_",G81),D81="SECF",CONCATENATE(B81,"_",C81,$B$3,"_",$B$6,"_",G81),D81="SECT",CONCATENATE(B81,"_",C81,$B$3,"_",$B$7,"_",G81),D81="SECG",CONCATENATE(B81,"_",C81,$B$3,"_",$B$8,"_",G81),D81="DJ",CONCATENATE(B81,"_",C81,$B$3,"_",$B$4,"_",G81),D81="DJ_P",CONCATENATE(B81,"_",C81,$B$3,"_",$B$4,"_P","_",G81),D81="DJ_A",CONCATENATE(B81,"_",C81,$B$3,"_",$B$4,"_A","_",G81),D81="LT_P",CONCATENATE(B81,"_",C81,$B$3,"_",C81,$B$3,"_P","_",G81),D81="LT_A",CONCATENATE(B81,"_",C81,$B$3,"_",C81,$B$3,"_A","_",G81))} -> IMA_LT2_52-2_P_62BF | I81: Ponto Simples | J81: NORMAL | K81: ATUADO | L81: - | M81: -
A82: NÃO | B82: =Informações!$C$3 -> IMA | C82: LT | D82: DJ_A | E82: D | F82: =VLOOKUP(G82,[1]Discrete!$A:$B,2,FALSE) -> 62 - FALHA DISJUNTOR BLOQUEIO | G82: 62BF | H82: {=_xlfn.IFS(OR(D82="TC",D82="TP",D82="LT"),CONCATENATE(B82,"_",C82,$B$3,"_",C82,$B$3,"_",G82),D82="SECC",CONCATENATE(B82,"_",C82,$B$3,"_",$B$5,"_",G82),D82="SECF",CONCATENATE(B82,"_",C82,$B$3,"_",$B$6,"_",G82),D82="SECT",CONCATENATE(B82,"_",C82,$B$3,"_",$B$7,"_",G82),D82="SECG",CONCATENATE(B82,"_",C82,$B$3,"_",$B$8,"_",G82),D82="DJ",CONCATENATE(B82,"_",C82,$B$3,"_",$B$4,"_",G82),D82="DJ_P",CONCATENATE(B82,"_",C82,$B$3,"_",$B$4,"_P","_",G82),D82="DJ_A",CONCATENATE(B82,"_",C82,$B$3,"_",$B$4,"_A","_",G82),D82="LT_P",CONCATENATE(B82,"_",C82,$B$3,"_",C82,$B$3,"_P","_",G82),D82="LT_A",CONCATENATE(B82,"_",C82,$B$3,"_",C82,$B$3,"_A","_",G82))} -> IMA_LT2_52-2_A_62BF | I82: Ponto Simples | J82: NORMAL | K82: ATUADO | L82: - | M82: -
A83: NÃO | B83: =Informações!$C$3 -> IMA | C83: LT | D83: DJ | E83: D | F83: =VLOOKUP(G83,[1]Discrete!$A:$B,2,FALSE) -> DEFEITO RELE | G83: DR | H83: {=_xlfn.IFS(OR(D83="TC",D83="TP",D83="LT"),CONCATENATE(B83,"_",C83,$B$3,"_",C83,$B$3,"_",G83),D83="SECC",CONCATENATE(B83,"_",C83,$B$3,"_",$B$5,"_",G83),D83="SECF",CONCATENATE(B83,"_",C83,$B$3,"_",$B$6,"_",G83),D83="SECT",CONCATENATE(B83,"_",C83,$B$3,"_",$B$7,"_",G83),D83="SECG",CONCATENATE(B83,"_",C83,$B$3,"_",$B$8,"_",G83),D83="DJ",CONCATENATE(B83,"_",C83,$B$3,"_",$B$4,"_",G83),D83="DJ_P",CONCATENATE(B83,"_",C83,$B$3,"_",$B$4,"_P","_",G83),D83="DJ_A",CONCATENATE(B83,"_",C83,$B$3,"_",$B$4,"_A","_",G83),D83="LT_P",CONCATENATE(B83,"_",C83,$B$3,"_",C83,$B$3,"_P","_",G83),D83="LT_A",CONCATENATE(B83,"_",C83,$B$3,"_",C83,$B$3,"_A","_",G83))} -> IMA_LT2_52-2_DR | I83: Ponto Simples | J83: NORMAL | K83: FALHA | L83: - | M83: -
A84: NÃO | B84: =Informações!$C$3 -> IMA | C84: LT | D84: DJ | E84: D | F84: =VLOOKUP(G84,[1]Discrete!$A:$B,2,FALSE) -> MINI DISJUNTOR LT | G84: MDLT | H84: {=_xlfn.IFS(OR(D84="TC",D84="TP",D84="LT"),CONCATENATE(B84,"_",C84,$B$3,"_",C84,$B$3,"_",G84),D84="SECC",CONCATENATE(B84,"_",C84,$B$3,"_",$B$5,"_",G84),D84="SECF",CONCATENATE(B84,"_",C84,$B$3,"_",$B$6,"_",G84),D84="SECT",CONCATENATE(B84,"_",C84,$B$3,"_",$B$7,"_",G84),D84="SECG",CONCATENATE(B84,"_",C84,$B$3,"_",$B$8,"_",G84),D84="DJ",CONCATENATE(B84,"_",C84,$B$3,"_",$B$4,"_",G84),D84="DJ_P",CONCATENATE(B84,"_",C84,$B$3,"_",$B$4,"_P","_",G84),D84="DJ_A",CONCATENATE(B84,"_",C84,$B$3,"_",$B$4,"_A","_",G84),D84="LT_P",CONCATENATE(B84,"_",C84,$B$3,"_",C84,$B$3,"_P","_",G84),D84="LT_A",CONCATENATE(B84,"_",C84,$B$3,"_",C84,$B$3,"_A","_",G84))} -> IMA_LT2_52-2_MDLT | I84: Ponto Simples | J84: DESLIGADO | K84: LIGADO | L84: - | M84: -
A85: NÃO | B85: =Informações!$C$3 -> IMA | C85: LT | D85: DJ | E85: D | F85: =VLOOKUP(G85,[1]Discrete!$A:$B,2,FALSE) -> MINI DISJUNTOR BARRA PAINEL | G85: MDBC | H85: {=_xlfn.IFS(OR(D85="TC",D85="TP",D85="LT"),CONCATENATE(B85,"_",C85,$B$3,"_",C85,$B$3,"_",G85),D85="SECC",CONCATENATE(B85,"_",C85,$B$3,"_",$B$5,"_",G85),D85="SECF",CONCATENATE(B85,"_",C85,$B$3,"_",$B$6,"_",G85),D85="SECT",CONCATENATE(B85,"_",C85,$B$3,"_",$B$7,"_",G85),D85="SECG",CONCATENATE(B85,"_",C85,$B$3,"_",$B$8,"_",G85),D85="DJ",CONCATENATE(B85,"_",C85,$B$3,"_",$B$4,"_",G85),D85="DJ_P",CONCATENATE(B85,"_",C85,$B$3,"_",$B$4,"_P","_",G85),D85="DJ_A",CONCATENATE(B85,"_",C85,$B$3,"_",$B$4,"_A","_",G85),D85="LT_P",CONCATENATE(B85,"_",C85,$B$3,"_",C85,$B$3,"_P","_",G85),D85="LT_A",CONCATENATE(B85,"_",C85,$B$3,"_",C85,$B$3,"_A","_",G85))} -> IMA_LT2_52-2_MDBC | I85: Ponto Simples | J85: DESLIGADO | K85: LIGADO | L85: - | M85: -
A86: NÃO | B86: =Informações!$C$3 -> IMA | C86: LT | D86: DJ_P | E86: D | F86: =VLOOKUP(G86,[1]Discrete!$A:$B,2,FALSE) -> FASE A | G86: FA | H86: {=_xlfn.IFS(OR(D86="TC",D86="TP",D86="LT"),CONCATENATE(B86,"_",C86,$B$3,"_",C86,$B$3,"_",G86),D86="SECC",CONCATENATE(B86,"_",C86,$B$3,"_",$B$5,"_",G86),D86="SECF",CONCATENATE(B86,"_",C86,$B$3,"_",$B$6,"_",G86),D86="SECT",CONCATENATE(B86,"_",C86,$B$3,"_",$B$7,"_",G86),D86="SECG",CONCATENATE(B86,"_",C86,$B$3,"_",$B$8,"_",G86),D86="DJ",CONCATENATE(B86,"_",C86,$B$3,"_",$B$4,"_",G86),D86="DJ_P",CONCATENATE(B86,"_",C86,$B$3,"_",$B$4,"_P","_",G86),D86="DJ_A",CONCATENATE(B86,"_",C86,$B$3,"_",$B$4,"_A","_",G86),D86="LT_P",CONCATENATE(B86,"_",C86,$B$3,"_",C86,$B$3,"_P","_",G86),D86="LT_A",CONCATENATE(B86,"_",C86,$B$3,"_",C86,$B$3,"_A","_",G86))} -> IMA_LT2_52-2_P_FA | I86: Ponto Simples | J86: NORMAL | K86: ATUADO | L86: - | M86: -
A87: NÃO | B87: =Informações!$C$3 -> IMA | C87: LT | D87: DJ_P | E87: D | F87: =VLOOKUP(G87,[1]Discrete!$A:$B,2,FALSE) -> FASE B | G87: FB | H87: {=_xlfn.IFS(OR(D87="TC",D87="TP",D87="LT"),CONCATENATE(B87,"_",C87,$B$3,"_",C87,$B$3,"_",G87),D87="SECC",CONCATENATE(B87,"_",C87,$B$3,"_",$B$5,"_",G87),D87="SECF",CONCATENATE(B87,"_",C87,$B$3,"_",$B$6,"_",G87),D87="SECT",CONCATENATE(B87,"_",C87,$B$3,"_",$B$7,"_",G87),D87="SECG",CONCATENATE(B87,"_",C87,$B$3,"_",$B$8,"_",G87),D87="DJ",CONCATENATE(B87,"_",C87,$B$3,"_",$B$4,"_",G87),D87="DJ_P",CONCATENATE(B87,"_",C87,$B$3,"_",$B$4,"_P","_",G87),D87="DJ_A",CONCATENATE(B87,"_",C87,$B$3,"_",$B$4,"_A","_",G87),D87="LT_P",CONCATENATE(B87,"_",C87,$B$3,"_",C87,$B$3,"_P","_",G87),D87="LT_A",CONCATENATE(B87,"_",C87,$B$3,"_",C87,$B$3,"_A","_",G87))} -> IMA_LT2_52-2_P_FB | I87: Ponto Simples | J87: NORMAL | K87: ATUADO | L87: - | M87: -
... A116: NÃO | B116: =Informações!$C$3 -> IMA | C116: LT | D116: LT_A | E116: D | F116: =VLOOKUP(G116,[1]Discrete!$A:$B,2,FALSE) -> 21 - TRIP ZONA 5 | G116: 21Z5 | H116: {=_xlfn.IFS(OR(D116="TC",D116="TP",D116="LT"),CONCATENATE(B116,"_",C116,$B$3,"_",C116,$B$3,"_",G116),D116="SECC",CONCATENATE(B116,"_",C116,$B$3,"_",$B$5,"_",G116),D116="SECF",CONCATENATE(B116,"_",C116,$B$3,"_",$B$6,"_",G116),D116="SECT",CONCATENATE(B116,"_",C116,$B$3,"_",$B$7,"_",G116),D116="SECG",CONCATENATE(B116,"_",C116,$B$3,"_",$B$8,"_",G116),D116="DJ",CONCATENATE(B116,"_",C116,$B$3,"_",$B$4,"_",G116),D116="DJ_P",CONCATENATE(B116,"_",C116,$B$3,"_",$B$4,"_P","_",G116),D116="DJ_A",CONCATENATE(B116,"_",C116,$B$3,"_",$B$4,"_A","_",G116),D116="LT_P",CONCATENATE(B116,"_",C116,$B$3,"_",C116,$B$3,"_P","_",G116),D116="LT_A",CONCATENATE(B116,"_",C116,$B$3,"_",C116,$B$3,"_A","_",G116))} -> IMA_LT2_LT2_A_21Z5 | I116: Ponto Simples | J116: NORMAL | K116: ATUADO | L116: - | M116: -
A117: NÃO | B117: =Informações!$C$3 -> IMA | C117: LT | D117: LT | E117: D | F117: =VLOOKUP(G117,[1]Discrete!$A:$B,2,FALSE) -> #N/A | G117: 21 | H117: {=_xlfn.IFS(OR(D117="TC",D117="TP",D117="LT"),CONCATENATE(B117,"_",C117,$B$3,"_",C117,$B$3,"_",G117),D117="SECC",CONCATENATE(B117,"_",C117,$B$3,"_",$B$5,"_",G117),D117="SECF",CONCATENATE(B117,"_",C117,$B$3,"_",$B$6,"_",G117),D117="SECT",CONCATENATE(B117,"_",C117,$B$3,"_",$B$7,"_",G117),D117="SECG",CONCATENATE(B117,"_",C117,$B$3,"_",$B$8,"_",G117),D117="DJ",CONCATENATE(B117,"_",C117,$B$3,"_",$B$4,"_",G117),D117="DJ_P",CONCATENATE(B117,"_",C117,$B$3,"_",$B$4,"_P","_",G117),D117="DJ_A",CONCATENATE(B117,"_",C117,$B$3,"_",$B$4,"_A","_",G117),D117="LT_P",CONCATENATE(B117,"_",C117,$B$3,"_",C117,$B$3,"_P","_",G117),D117="LT_A",CONCATENATE(B117,"_",C117,$B$3,"_",C117,$B$3,"_A","_",G117))} -> IMA_LT2_LT2_21 | I117: Ponto Simples | J117: NORMAL | K117: ATUADO | L117: - | M117: -
A118: NÃO | B118: =Informações!$C$3 -> IMA | C118: LT | D118: DJ_P | E118: D | F118: =VLOOKUP(G118,[1]Discrete!$A:$B,2,FALSE) -> 27 - TRIP SUBTENSAO | G118: 27_T | H118: {=_xlfn.IFS(OR(D118="TC",D118="TP",D118="LT"),CONCATENATE(B118,"_",C118,$B$3,"_",C118,$B$3,"_",G118),D118="SECC",CONCATENATE(B118,"_",C118,$B$3,"_",$B$5,"_",G118),D118="SECF",CONCATENATE(B118,"_",C118,$B$3,"_",$B$6,"_",G118),D118="SECT",CONCATENATE(B118,"_",C118,$B$3,"_",$B$7,"_",G118),D118="SECG",CONCATENATE(B118,"_",C118,$B$3,"_",$B$8,"_",G118),D118="DJ",CONCATENATE(B118,"_",C118,$B$3,"_",$B$4,"_",G118),D118="DJ_P",CONCATENATE(B118,"_",C118,$B$3,"_",$B$4,"_P","_",G118),D118="DJ_A",CONCATENATE(B118,"_",C118,$B$3,"_",$B$4,"_A","_",G118),D118="LT_P",CONCATENATE(B118,"_",C118,$B$3,"_",C118,$B$3,"_P","_",G118),D118="LT_A",CONCATENATE(B118,"_",C118,$B$3,"_",C118,$B$3,"_A","_",G118))} -> IMA_LT2_52-2_P_27_T | I118: Ponto Simples | J118: NORMAL | K118: ATUADO | L118: - | M118: -
A119: NÃO | B119: =Informações!$C$3 -> IMA | C119: LT | D119: DJ_P | E119: D | F119: =VLOOKUP(G119,[1]Discrete!$A:$B,2,FALSE) -> 59 - TRIP SOBRETENSAO | G119: 59_T | H119: {=_xlfn.IFS(OR(D119="TC",D119="TP",D119="LT"),CONCATENATE(B119,"_",C119,$B$3,"_",C119,$B$3,"_",G119),D119="SECC",CONCATENATE(B119,"_",C119,$B$3,"_",$B$5,"_",G119),D119="SECF",CONCATENATE(B119,"_",C119,$B$3,"_",$B$6,"_",G119),D119="SECT",CONCATENATE(B119,"_",C119,$B$3,"_",$B$7,"_",G119),D119="SECG",CONCATENATE(B119,"_",C119,$B$3,"_",$B$8,"_",G119),D119="DJ",CONCATENATE(B119,"_",C119,$B$3,"_",$B$4,"_",G119),D119="DJ_P",CONCATENATE(B119,"_",C119,$B$3,"_",$B$4,"_P","_",G119),D119="DJ_A",CONCATENATE(B119,"_",C119,$B$3,"_",$B$4,"_A","_",G119),D119="LT_P",CONCATENATE(B119,"_",C119,$B$3,"_",C119,$B$3,"_P","_",G119),D119="LT_A",CONCATENATE(B119,"_",C119,$B$3,"_",C119,$B$3,"_A","_",G119))} -> IMA_LT2_52-2_P_59_T | I119: Ponto Simples | J119: NORMAL | K119: ATUADO | L119: - | M119: -
A120: NÃO | B120: =Informações!$C$3 -> IMA | C120: LT | D120: DJ_A | E120: D | F120: =VLOOKUP(G120,[1]Discrete!$A:$B,2,FALSE) -> 27 - TRIP SUBTENSAO | G120: 27_T | H120: {=_xlfn.IFS(OR(D120="TC",D120="TP",D120="LT"),CONCATENATE(B120,"_",C120,$B$3,"_",C120,$B$3,"_",G120),D120="SECC",CONCATENATE(B120,"_",C120,$B$3,"_",$B$5,"_",G120),D120="SECF",CONCATENATE(B120,"_",C120,$B$3,"_",$B$6,"_",G120),D120="SECT",CONCATENATE(B120,"_",C120,$B$3,"_",$B$7,"_",G120),D120="SECG",CONCATENATE(B120,"_",C120,$B$3,"_",$B$8,"_",G120),D120="DJ",CONCATENATE(B120,"_",C120,$B$3,"_",$B$4,"_",G120),D120="DJ_P",CONCATENATE(B120,"_",C120,$B$3,"_",$B$4,"_P","_",G120),D120="DJ_A",CONCATENATE(B120,"_",C120,$B$3,"_",$B$4,"_A","_",G120),D120="LT_P",CONCATENATE(B120,"_",C120,$B$3,"_",C120,$B$3,"_P","_",G120),D120="LT_A",CONCATENATE(B120,"_",C120,$B$3,"_",C120,$B$3,"_A","_",G120))} -> IMA_LT2_52-2_A_27_T | I120: Ponto Simples | J120: NORMAL | K120: ATUADO | L120: - | M120: -
A121: NÃO | B121: =Informações!$C$3 -> IMA | C121: LT | D121: DJ_A | E121: D | F121: =VLOOKUP(G121,[1]Discrete!$A:$B,2,FALSE) -> 59 - TRIP SOBRETENSAO | G121: 59_T | H121: {=_xlfn.IFS(OR(D121="TC",D121="TP",D121="LT"),CONCATENATE(B121,"_",C121,$B$3,"_",C121,$B$3,"_",G121),D121="SECC",CONCATENATE(B121,"_",C121,$B$3,"_",$B$5,"_",G121),D121="SECF",CONCATENATE(B121,"_",C121,$B$3,"_",$B$6,"_",G121),D121="SECT",CONCATENATE(B121,"_",C121,$B$3,"_",$B$7,"_",G121),D121="SECG",CONCATENATE(B121,"_",C121,$B$3,"_",$B$8,"_",G121),D121="DJ",CONCATENATE(B121,"_",C121,$B$3,"_",$B$4,"_",G121),D121="DJ_P",CONCATENATE(B121,"_",C121,$B$3,"_",$B$4,"_P","_",G121),D121="DJ_A",CONCATENATE(B121,"_",C121,$B$3,"_",$B$4,"_A","_",G121),D121="LT_P",CONCATENATE(B121,"_",C121,$B$3,"_",C121,$B$3,"_P","_",G121),D121="LT_A",CONCATENATE(B121,"_",C121,$B$3,"_",C121,$B$3,"_A","_",G121))} -> IMA_LT2_52-2_A_59_T | I121: Ponto Simples | J121: NORMAL | K121: ATUADO | L121: - | M121: -
A122: NÃO | B122: =Informações!$C$3 -> IMA | C122: LT | D122: DJ | E122: D | F122: =VLOOKUP(G122,[1]Discrete!$A:$B,2,FALSE) -> #N/A | G122: 27 | H122: {=_xlfn.IFS(OR(D122="TC",D122="TP",D122="LT"),CONCATENATE(B122,"_",C122,$B$3,"_",C122,$B$3,"_",G122),D122="SECC",CONCATENATE(B122,"_",C122,$B$3,"_",$B$5,"_",G122),D122="SECF",CONCATENATE(B122,"_",C122,$B$3,"_",$B$6,"_",G122),D122="SECT",CONCATENATE(B122,"_",C122,$B$3,"_",$B$7,"_",G122),D122="SECG",CONCATENATE(B122,"_",C122,$B$3,"_",$B$8,"_",G122),D122="DJ",CONCATENATE(B122,"_",C122,$B$3,"_",$B$4,"_",G122),D122="DJ_P",CONCATENATE(B122,"_",C122,$B$3,"_",$B$4,"_P","_",G122),D122="DJ_A",CONCATENATE(B122,"_",C122,$B$3,"_",$B$4,"_A","_",G122),D122="LT_P",CONCATENATE(B122,"_",C122,$B$3,"_",C122,$B$3,"_P","_",G122),D122="LT_A",CONCATENATE(B122,"_",C122,$B$3,"_",C122,$B$3,"_A","_",G122))} -> IMA_LT2_52-2_27 | I122: Ponto Simples | J122: NORMAL | K122: ATUADO | L122: - | M122: -
A123: NÃO | B123: =Informações!$C$3 -> IMA | C123: LT | D123: DJ | E123: D | F123: =VLOOKUP(G123,[1]Discrete!$A:$B,2,FALSE) -> #N/A | G123: 59 | H123: {=_xlfn.IFS(OR(D123="TC",D123="TP",D123="LT"),CONCATENATE(B123,"_",C123,$B$3,"_",C123,$B$3,"_",G123),D123="SECC",CONCATENATE(B123,"_",C123,$B$3,"_",$B$5,"_",G123),D123="SECF",CONCATENATE(B123,"_",C123,$B$3,"_",$B$6,"_",G123),D123="SECT",CONCATENATE(B123,"_",C123,$B$3,"_",$B$7,"_",G123),D123="SECG",CONCATENATE(B123,"_",C123,$B$3,"_",$B$8,"_",G123),D123="DJ",CONCATENATE(B123,"_",C123,$B$3,"_",$B$4,"_",G123),D123="DJ_P",CONCATENATE(B123,"_",C123,$B$3,"_",$B$4,"_P","_",G123),D123="DJ_A",CONCATENATE(B123,"_",C123,$B$3,"_",$B$4,"_A","_",G123),D123="LT_P",CONCATENATE(B123,"_",C123,$B$3,"_",C123,$B$3,"_P","_",G123),D123="LT_A",CONCATENATE(B123,"_",C123,$B$3,"_",C123,$B$3,"_A","_",G123))} -> IMA_LT2_52-2_59 | I123: Ponto Simples | J123: NORMAL | K123: ATUADO | L123: - | M123: -
A124: NÃO | B124: =Informações!$C$3 -> IMA | C124: LT | D124: DJ_P | E124: D | F124: =VLOOKUP(G124,[1]Discrete!$A:$B,2,FALSE) -> 81 - TRIP SUB FREQUENCIA | G124: 81SU | H124: {=_xlfn.IFS(OR(D124="TC",D124="TP",D124="LT"),CONCATENATE(B124,"_",C124,$B$3,"_",C124,$B$3,"_",G124),D124="SECC",CONCATENATE(B124,"_",C124,$B$3,"_",$B$5,"_",G124),D124="SECF",CONCATENATE(B124,"_",C124,$B$3,"_",$B$6,"_",G124),D124="SECT",CONCATENATE(B124,"_",C124,$B$3,"_",$B$7,"_",G124),D124="SECG",CONCATENATE(B124,"_",C124,$B$3,"_",$B$8,"_",G124),D124="DJ",CONCATENATE(B124,"_",C124,$B$3,"_",$B$4,"_",G124),D124="DJ_P",CONCATENATE(B124,"_",C124,$B$3,"_",$B$4,"_P","_",G124),D124="DJ_A",CONCATENATE(B124,"_",C124,$B$3,"_",$B$4,"_A","_",G124),D124="LT_P",CONCATENATE(B124,"_",C124,$B$3,"_",C124,$B$3,"_P","_",G124),D124="LT_A",CONCATENATE(B124,"_",C124,$B$3,"_",C124,$B$3,"_A","_",G124))} -> IMA_LT2_52-2_P_81SU | I124: Ponto Simples | J124: NORMAL | K124: ATUADO | L124: - | M124: -
A125: NÃO | B125: =Informações!$C$3 -> IMA | C125: LT | D125: DJ_P | E125: D | F125: =VLOOKUP(G125,[1]Discrete!$A:$B,2,FALSE) -> 81 - TRIP SUB/SOBRE FREQUENCIA E1 | G125: 81E1 | H125: {=_xlfn.IFS(OR(D125="TC",D125="TP",D125="LT"),CONCATENATE(B125,"_",C125,$B$3,"_",C125,$B$3,"_",G125),D125="SECC",CONCATENATE(B125,"_",C125,$B$3,"_",$B$5,"_",G125),D125="SECF",CONCATENATE(B125,"_",C125,$B$3,"_",$B$6,"_",G125),D125="SECT",CONCATENATE(B125,"_",C125,$B$3,"_",$B$7,"_",G125),D125="SECG",CONCATENATE(B125,"_",C125,$B$3,"_",$B$8,"_",G125),D125="DJ",CONCATENATE(B125,"_",C125,$B$3,"_",$B$4,"_",G125),D125="DJ_P",CONCATENATE(B125,"_",C125,$B$3,"_",$B$4,"_P","_",G125),D125="DJ_A",CONCATENATE(B125,"_",C125,$B$3,"_",$B$4,"_A","_",G125),D125="LT_P",CONCATENATE(B125,"_",C125,$B$3,"_",C125,$B$3,"_P","_",G125),D125="LT_A",CONCATENATE(B125,"_",C125,$B$3,"_",C125,$B$3,"_A","_",G125))} -> IMA_LT2_52-2_P_81E1 | I125: Ponto Simples | J125: NORMAL | K125: ATUADO | L125: - | M125: -
A126: NÃO | B126: =Informações!$C$3 -> IMA | C126: LT | D126: DJ_P | E126: D | F126: =VLOOKUP(G126,[1]Discrete!$A:$B,2,FALSE) -> 81 - TRIP SUB/SOBRE FREQUENCIA E2 | G126: 81E2 | H126: {=_xlfn.IFS(OR(D126="TC",D126="TP",D126="LT"),CONCATENATE(B126,"_",C126,$B$3,"_",C126,$B$3,"_",G126),D126="SECC",CONCATENATE(B126,"_",C126,$B$3,"_",$B$5,"_",G126),D126="SECF",CONCATENATE(B126,"_",C126,$B$3,"_",$B$6,"_",G126),D126="SECT",CONCATENATE(B126,"_",C126,$B$3,"_",$B$7,"_",G126),D126="SECG",CONCATENATE(B126,"_",C126,$B$3,"_",$B$8,"_",G126),D126="DJ",CONCATENATE(B126,"_",C126,$B$3,"_",$B$4,"_",G126),D126="DJ_P",CONCATENATE(B126,"_",C126,$B$3,"_",$B$4,"_P","_",G126),D126="DJ_A",CONCATENATE(B126,"_",C126,$B$3,"_",$B$4,"_A","_",G126),D126="LT_P",CONCATENATE(B126,"_",C126,$B$3,"_",C126,$B$3,"_P","_",G126),D126="LT_A",CONCATENATE(B126,"_",C126,$B$3,"_",C126,$B$3,"_A","_",G126))} -> IMA_LT2_52-2_P_81E2 | I126: Ponto Simples | J126: NORMAL | K126: ATUADO | L126: - | M126: -
A127: NÃO | B127: =Informações!$C$3 -> IMA | C127: LT | D127: DJ_P | E127: D | F127: =VLOOKUP(G127,[1]Discrete!$A:$B,2,FALSE) -> 81 - TRIP SUB/SOBRE FREQUENCIA E3 | G127: 81E3 | H127: {=_xlfn.IFS(OR(D127="TC",D127="TP",D127="LT"),CONCATENATE(B127,"_",C127,$B$3,"_",C127,$B$3,"_",G127),D127="SECC",CONCATENATE(B127,"_",C127,$B$3,"_",$B$5,"_",G127),D127="SECF",CONCATENATE(B127,"_",C127,$B$3,"_",$B$6,"_",G127),D127="SECT",CONCATENATE(B127,"_",C127,$B$3,"_",$B$7,"_",G127),D127="SECG",CONCATENATE(B127,"_",C127,$B$3,"_",$B$8,"_",G127),D127="DJ",CONCATENATE(B127,"_",C127,$B$3,"_",$B$4,"_",G127),D127="DJ_P",CONCATENATE(B127,"_",C127,$B$3,"_",$B$4,"_P","_",G127),D127="DJ_A",CONCATENATE(B127,"_",C127,$B$3,"_",$B$4,"_A","_",G127),D127="LT_P",CONCATENATE(B127,"_",C127,$B$3,"_",C127,$B$3,"_P","_",G127),D127="LT_A",CONCATENATE(B127,"_",C127,$B$3,"_",C127,$B$3,"_A","_",G127))} -> IMA_LT2_52-2_P_81E3 | I127: Ponto Simples | J127: NORMAL | K127: ATUADO | L127: - | M127: -
A128: NÃO | B128: =Informações!$C$3 -> IMA | C128: LT | D128: DJ_P | E128: D | F128: =VLOOKUP(G128,[1]Discrete!$A:$B,2,FALSE) -> 81 - TRIP SUB/SOBRE FREQUENCIA E4 | G128: 81E4 | H128: {=_xlfn.IFS(OR(D128="TC",D128="TP",D128="LT"),CONCATENATE(B128,"_",C128,$B$3,"_",C128,$B$3,"_",G128),D128="SECC",CONCATENATE(B128,"_",C128,$B$3,"_",$B$5,"_",G128),D128="SECF",CONCATENATE(B128,"_",C128,$B$3,"_",$B$6,"_",G128),D128="SECT",CONCATENATE(B128,"_",C128,$B$3,"_",$B$7,"_",G128),D128="SECG",CONCATENATE(B128,"_",C128,$B$3,"_",$B$8,"_",G128),D128="DJ",CONCATENATE(B128,"_",C128,$B$3,"_",$B$4,"_",G128),D128="DJ_P",CONCATENATE(B128,"_",C128,$B$3,"_",$B$4,"_P","_",G128),D128="DJ_A",CONCATENATE(B128,"_",C128,$B$3,"_",$B$4,"_A","_",G128),D128="LT_P",CONCATENATE(B128,"_",C128,$B$3,"_",C128,$B$3,"_P","_",G128),D128="LT_A",CONCATENATE(B128,"_",C128,$B$3,"_",C128,$B$3,"_A","_",G128))} -> IMA_LT2_52-2_P_81E4 | I128: Ponto Simples | J128: NORMAL | K128: ATUADO | L128: - | M128: -
A129: NÃO | B129: =Informações!$C$3 -> IMA | C129: LT | D129: DJ_P | E129: D | F129: 81 - TRIP SUB/SOBRE FREQUENCIA ESTAGIO 5 | G129: 81E5 | H129: {=_xlfn.IFS(OR(D129="TC",D129="TP",D129="LT"),CONCATENATE(B129,"_",C129,$B$3,"_",C129,$B$3,"_",G129),D129="SECC",CONCATENATE(B129,"_",C129,$B$3,"_",$B$5,"_",G129),D129="SECF",CONCATENATE(B129,"_",C129,$B$3,"_",$B$6,"_",G129),D129="SECT",CONCATENATE(B129,"_",C129,$B$3,"_",$B$7,"_",G129),D129="SECG",CONCATENATE(B129,"_",C129,$B$3,"_",$B$8,"_",G129),D129="DJ",CONCATENATE(B129,"_",C129,$B$3,"_",$B$4,"_",G129),D129="DJ_P",CONCATENATE(B129,"_",C129,$B$3,"_",$B$4,"_P","_",G129),D129="DJ_A",CONCATENATE(B129,"_",C129,$B$3,"_",$B$4,"_A","_",G129),D129="LT_P",CONCATENATE(B129,"_",C129,$B$3,"_",C129,$B$3,"_P","_",G129),D129="LT_A",CONCATENATE(B129,"_",C129,$B$3,"_",C129,$B$3,"_A","_",G129))} -> IMA_LT2_52-2_P_81E5 | I129: Ponto Simples | J129: NORMAL | K129: ATUADO | L129: - | M129: -
A130: NÃO | B130: =Informações!$C$3 -> IMA | C130: LT | D130: DJ_A | E130: D | F130: =VLOOKUP(G130,[1]Discrete!$A:$B,2,FALSE) -> 81 - TRIP SUB FREQUENCIA | G130: 81SU | H130: {=_xlfn.IFS(OR(D130="TC",D130="TP",D130="LT"),CONCATENATE(B130,"_",C130,$B$3,"_",C130,$B$3,"_",G130),D130="SECC",CONCATENATE(B130,"_",C130,$B$3,"_",$B$5,"_",G130),D130="SECF",CONCATENATE(B130,"_",C130,$B$3,"_",$B$6,"_",G130),D130="SECT",CONCATENATE(B130,"_",C130,$B$3,"_",$B$7,"_",G130),D130="SECG",CONCATENATE(B130,"_",C130,$B$3,"_",$B$8,"_",G130),D130="DJ",CONCATENATE(B130,"_",C130,$B$3,"_",$B$4,"_",G130),D130="DJ_P",CONCATENATE(B130,"_",C130,$B$3,"_",$B$4,"_P","_",G130),D130="DJ_A",CONCATENATE(B130,"_",C130,$B$3,"_",$B$4,"_A","_",G130),D130="LT_P",CONCATENATE(B130,"_",C130,$B$3,"_",C130,$B$3,"_P","_",G130),D130="LT_A",CONCATENATE(B130,"_",C130,$B$3,"_",C130,$B$3,"_A","_",G130))} -> IMA_LT2_52-2_A_81SU | I130: Ponto Simples | J130: NORMAL | K130: ATUADO | L130: - | M130: -
A131: NÃO | B131: =Informações!$C$3 -> IMA | C131: LT | D131: DJ_A | E131: D | F131: =VLOOKUP(G131,[1]Discrete!$A:$B,2,FALSE) -> 81 - TRIP SUB/SOBRE FREQUENCIA E1 | G131: 81E1 | H131: {=_xlfn.IFS(OR(D131="TC",D131="TP",D131="LT"),CONCATENATE(B131,"_",C131,$B$3,"_",C131,$B$3,"_",G131),D131="SECC",CONCATENATE(B131,"_",C131,$B$3,"_",$B$5,"_",G131),D131="SECF",CONCATENATE(B131,"_",C131,$B$3,"_",$B$6,"_",G131),D131="SECT",CONCATENATE(B131,"_",C131,$B$3,"_",$B$7,"_",G131),D131="SECG",CONCATENATE(B131,"_",C131,$B$3,"_",$B$8,"_",G131),D131="DJ",CONCATENATE(B131,"_",C131,$B$3,"_",$B$4,"_",G131),D131="DJ_P",CONCATENATE(B131,"_",C131,$B$3,"_",$B$4,"_P","_",G131),D131="DJ_A",CONCATENATE(B131,"_",C131,$B$3,"_",$B$4,"_A","_",G131),D131="LT_P",CONCATENATE(B131,"_",C131,$B$3,"_",C131,$B$3,"_P","_",G131),D131="LT_A",CONCATENATE(B131,"_",C131,$B$3,"_",C131,$B$3,"_A","_",G131))} -> IMA_LT2_52-2_A_81E1 | I131: Ponto Simples | J131: NORMAL | K131: ATUADO | L131: - | M131: -
A132: NÃO | B132: =Informações!$C$3 -> IMA | C132: LT | D132: DJ_A | E132: D | F132: =VLOOKUP(G132,[1]Discrete!$A:$B,2,FALSE) -> 81 - TRIP SUB/SOBRE FREQUENCIA E2 | G132: 81E2 | H132: {=_xlfn.IFS(OR(D132="TC",D132="TP",D132="LT"),CONCATENATE(B132,"_",C132,$B$3,"_",C132,$B$3,"_",G132),D132="SECC",CONCATENATE(B132,"_",C132,$B$3,"_",$B$5,"_",G132),D132="SECF",CONCATENATE(B132,"_",C132,$B$3,"_",$B$6,"_",G132),D132="SECT",CONCATENATE(B132,"_",C132,$B$3,"_",$B$7,"_",G132),D132="SECG",CONCATENATE(B132,"_",C132,$B$3,"_",$B$8,"_",G132),D132="DJ",CONCATENATE(B132,"_",C132,$B$3,"_",$B$4,"_",G132),D132="DJ_P",CONCATENATE(B132,"_",C132,$B$3,"_",$B$4,"_P","_",G132),D132="DJ_A",CONCATENATE(B132,"_",C132,$B$3,"_",$B$4,"_A","_",G132),D132="LT_P",CONCATENATE(B132,"_",C132,$B$3,"_",C132,$B$3,"_P","_",G132),D132="LT_A",CONCATENATE(B132,"_",C132,$B$3,"_",C132,$B$3,"_A","_",G132))} -> IMA_LT2_52-2_A_81E2 | I132: Ponto Simples | J132: NORMAL | K132: ATUADO | L132: - | M132: -
A133: NÃO | B133: =Informações!$C$3 -> IMA | C133: LT | D133: DJ_A | E133: D | F133: =VLOOKUP(G133,[1]Discrete!$A:$B,2,FALSE) -> 81 - TRIP SUB/SOBRE FREQUENCIA E3 | G133: 81E3 | H133: {=_xlfn.IFS(OR(D133="TC",D133="TP",D133="LT"),CONCATENATE(B133,"_",C133,$B$3,"_",C133,$B$3,"_",G133),D133="SECC",CONCATENATE(B133,"_",C133,$B$3,"_",$B$5,"_",G133),D133="SECF",CONCATENATE(B133,"_",C133,$B$3,"_",$B$6,"_",G133),D133="SECT",CONCATENATE(B133,"_",C133,$B$3,"_",$B$7,"_",G133),D133="SECG",CONCATENATE(B133,"_",C133,$B$3,"_",$B$8,"_",G133),D133="DJ",CONCATENATE(B133,"_",C133,$B$3,"_",$B$4,"_",G133),D133="DJ_P",CONCATENATE(B133,"_",C133,$B$3,"_",$B$4,"_P","_",G133),D133="DJ_A",CONCATENATE(B133,"_",C133,$B$3,"_",$B$4,"_A","_",G133),D133="LT_P",CONCATENATE(B133,"_",C133,$B$3,"_",C133,$B$3,"_P","_",G133),D133="LT_A",CONCATENATE(B133,"_",C133,$B$3,"_",C133,$B$3,"_A","_",G133))} -> IMA_LT2_52-2_A_81E3 | I133: Ponto Simples | J133: NORMAL | K133: ATUADO | L133: - | M133: -
A134: NÃO | B134: =Informações!$C$3 -> IMA | C134: LT | D134: DJ_A | E134: D | F134: =VLOOKUP(G134,[1]Discrete!$A:$B,2,FALSE) -> 81 - TRIP SUB/SOBRE FREQUENCIA E4 | G134: 81E4 | H134: {=_xlfn.IFS(OR(D134="TC",D134="TP",D134="LT"),CONCATENATE(B134,"_",C134,$B$3,"_",C134,$B$3,"_",G134),D134="SECC",CONCATENATE(B134,"_",C134,$B$3,"_",$B$5,"_",G134),D134="SECF",CONCATENATE(B134,"_",C134,$B$3,"_",$B$6,"_",G134),D134="SECT",CONCATENATE(B134,"_",C134,$B$3,"_",$B$7,"_",G134),D134="SECG",CONCATENATE(B134,"_",C134,$B$3,"_",$B$8,"_",G134),D134="DJ",CONCATENATE(B134,"_",C134,$B$3,"_",$B$4,"_",G134),D134="DJ_P",CONCATENATE(B134,"_",C134,$B$3,"_",$B$4,"_P","_",G134),D134="DJ_A",CONCATENATE(B134,"_",C134,$B$3,"_",$B$4,"_A","_",G134),D134="LT_P",CONCATENATE(B134,"_",C134,$B$3,"_",C134,$B$3,"_P","_",G134),D134="LT_A",CONCATENATE(B134,"_",C134,$B$3,"_",C134,$B$3,"_A","_",G134))} -> IMA_LT2_52-2_A_81E4 | I134: Ponto Simples | J134: NORMAL | K134: ATUADO | L134: - | M134: -
A135: NÃO | B135: =Informações!$C$3 -> IMA | C135: LT | D135: DJ_A | E135: D | F135: 81 - TRIP SUB/SOBRE FREQUENCIA ESTAGIO 5 | G135: 81E5 | H135: {=_xlfn.IFS(OR(D135="TC",D135="TP",D135="LT"),CONCATENATE(B135,"_",C135,$B$3,"_",C135,$B$3,"_",G135),D135="SECC",CONCATENATE(B135,"_",C135,$B$3,"_",$B$5,"_",G135),D135="SECF",CONCATENATE(B135,"_",C135,$B$3,"_",$B$6,"_",G135),D135="SECT",CONCATENATE(B135,"_",C135,$B$3,"_",$B$7,"_",G135),D135="SECG",CONCATENATE(B135,"_",C135,$B$3,"_",$B$8,"_",G135),D135="DJ",CONCATENATE(B135,"_",C135,$B$3,"_",$B$4,"_",G135),D135="DJ_P",CONCATENATE(B135,"_",C135,$B$3,"_",$B$4,"_P","_",G135),D135="DJ_A",CONCATENATE(B135,"_",C135,$B$3,"_",$B$4,"_A","_",G135),D135="LT_P",CONCATENATE(B135,"_",C135,$B$3,"_",C135,$B$3,"_P","_",G135),D135="LT_A",CONCATENATE(B135,"_",C135,$B$3,"_",C135,$B$3,"_A","_",G135))} -> IMA_LT2_52-2_A_81E5 | I135: Ponto Simples | J135: NORMAL | K135: ATUADO | L135: - | M135: -
...

Sheet RELACAO RELES
B2: MODULO | C2: FUNÇÃO | D2: NOME / DRECRIÇÃO | E2: MODELO RELÉ / PN | F2: BAY
B3: 01F1 | C3: Proteção de linha principal | D3: FUTURO | F3: 52-1
B4: 01F2 | C4: Proteção de linha alternada | D4: FUTURO
B5: 02F1 | C5: Proteção de linha principal | D5: FUTURO | F5: 52-2
B6: 02F2 | C6: Proteção de linha alternada | D6: FUTURO
B7: 03F1 | C7: Proteção de linha principal | D7: ARROIO DO MEIO | E7: SIEMENS - 7SA86 - P1A460224 | F7: 52-3
B8: 03F2 | C8: Proteção de linha alternada | D8: ARROIO DO MEIO | E8: SIEMENS - 7SA86 - P1A460224
B9: 04F1 | C9: Proteção de linha principal | D9: ENCANTADO | E9: SIEMENS - 7SA86 - P1A460224 | F9: 52-4
B10: 04F2 | C10: Proteção de linha alternada | D10: ENCANTADO | E10: SIEMENS - 7SA86 - P1A460224
B11: 05F1 | C11: Sobrecorrente Transf barra AT | D11: FUTURO | F11: 24-3
B12: 06F1 | C12: Proteção dif + proteção GAT | D12: TRANSFORMADOR 1 | E12: SIEMENS - 7UT85 - P1F1070286 | F12: 52-6
B13: 06F2 | C13: Proteção dif + proteção GBT | D13: TRANSFORMADOR 1 | E13: SIEMENS - 7UT85 - P1F1070286 | F13: 52-19
B14: 06F3 | C14: Proteção e regulação comutador | D14: TRANSFORMADOR 1 | E14: SEL - 2414 | F14: TR1
B15: 07F1 | C15: Proteção dif + proteção GAT | D15: TRANSFORMADOR 2 | E15: SIEMENS - 7UT85 - P1F1070286 | F15: 52-7
B16: 07F2 | C16: Proteção dif + proteção GBT | D16: TRANSFORMADOR 2 | E16: SIEMENS - 7UT85 - P1F1070286 | F16: 52-29
B17: 07F3 | C17: Proteção e regulação comutador | D17: TRANSFORMADOR 2 | E17: SEL - 2414 | F17: TR2
B18: 34F1 | C18: Diferencial de barras AT | D18: BARRA AT TR1/2 | E18: SIEMENS - 7SS85 - P1E772365 | F18: BARRA AT
B19: 35F1 | C19: Diferencial de barras BT TR1 | D19: BARRA BT TR1 | E19: SIEMENS - 7SS85 - P1E772365 | F19: BARRA 1 BT
B20: 36F1 | C20: Diferencial de barras BT TR2 | D20: BARRA BT TR2 | E20: SIEMENS - 7SS85 - P1E772365 | F20: BARRA 2 BT
B21: 11F1 | C21: Sobrecorrente Alim 11 | D21: ALIMENTADOR 11 | E21: SIEMENS - 7SJ82 - P1J39905 | F21: 52-11
B22: 12F1 | C22: Sobrecorrente Alim 12 | D22: ALIMENTADOR 12 | E22: SIEMENS - 7SJ82 - P1J39905 | F22: 52-12
B23: 13F1 | C23: Sobrecorrente Alim 13 | D23: ALIMENTADOR 13 | E23: SIEMENS - 7SJ82 - P1J39905 | F23: 52-13
B24: 14F1 | C24: Sobrecorrente Alim 14 | D24: FUTURO | F24: 52-14
B25: 15F1 | C25: Sobrecorrente Alim 15 | D25: FUTURO | F25: 52-15
B26: 16F1 | C26: Sobrecorrente Alim 16 | D26: FUTURO | F26: 52-16
B27: 19F1 | C27: Sobrecorrente Transf barra 1 MT | D27: TRANSFERENCIA | E27: SIEMENS - 7SJ82 - P1J39905 | F27: 24-1
B28: 20F1 | C28: Sobrecorrente Inter Barras MT | D28: INTERBARRAS | E28: SIEMENS - 7SJ82 - P1J39905 | F28: 52-20
B29: 21F1 | C29: Sobrecorrente Alim 21 | D29: FUTURO | F29: 52-21
B30: 22F1 | C30: Sobrecorrente Alim 22 | D30: FUTURO | F30: 52-22
B31: 23F1 | C31: Sobrecorrente Alim 23 | D31: ALIMENTADOR 23 | E31: SIEMENS - 7SJ82 - P1J39905 | F31: 52-23
B32: 24F1 | C32: Sobrecorrente Alim 24 | D32: ALIMENTADOR 24 | E32: SIEMENS - 7SJ82 - P1J39905 | F32: 52-24
B33: 25F1 | C33: Sobrecorrente Alim 25 | D33: ALIMENTADOR 25 | E33: SIEMENS - 7SJ82 - P1J39905 | F33: 52-25
B34: 26F1 | C34: Sobrecorrente Alim 26 | D34: ALIMENTADOR 26 | E34: SIEMENS - 7SJ82 - P1J39905 | F34: 52-26
B35: 29F1 | C35: Sobrecorrente Transf barra 2 MT | D35: TRANSFERENCIA | E35: SIEMENS - 7SJ82 - P1J39905 | F35: 24-2
B36: 18F1 | C36: Porteção Banco de capacitor - 1 | D36: BANCO DE CAPACITOR 1 - 13,8KV | E36: SIEMENS - 7SJ82 - P1J39905 | F36: 52-18
B37: 28F1 | C37: Porteção Banco de capacitor - 2 | D37: BANCO DE CAPACITOR 2 - 13,8KV | E37: SIEMENS - 7SJ82 - P1J39905 | F37: 52-28
B38: 32F1 | C38: Automação / Gateway / SICAM | D38: SISTEMA SECUNDÁRIO DIGITAL | E38: SIEMENS - 6MF2802-1AA00 | F38: SSD

Sheet MAPA DE REDE
A1: Rede Proteção | O1: Site | S1: Nome SE
A2: SUBESTAÇÃO | B2: PAINEL | C2: IED | D2: TAG | E2: DESCRIÇÃO | F2: IP | G2: MASCARA | H2: GATEWAY | I2: GOOSE MAC | J2: GOOSE ID | K2: APP ID | L2: VLANID HEX | M2: VLAN ID (DEC) | O2: 16 | S2: IMIGRANTE
A3: =CONCATENATE("SE - ",$S$2) -> SE - IMIGRANTE | B3: SSD - PNL 0 | C3: SICAM | D3: CTR ETH1/ETH2 | E3: CTR | F3: =CONCATENATE($O$5,".",$P$5,".",$O$2,".",$S$5+1) -> 10.39.16.2 | G3: {=_xlfn.IFS($Q$5=26,"255.255.255.192",$Q$5=27,"255.255.255.224")} -> 255.255.255.192 | H3: =CONCATENATE($O$5,".",$P$5,".",$O$2,".",$S$5) -> 10.39.16.1 | M3: 1
A4: =CONCATENATE("SE - ",$S$2) -> SE - IMIGRANTE | B4: SSD - PNL 0 | C4: SOL/SMAL | D4: SOL ETH1/ETH2 | E4: Wincc | F4: =CONCATENATE($O$5,".",$P$5,".",$O$2,".",$S$5+2) -> 10.39.16.3 | G4: {=_xlfn.IFS($Q$5=26,"255.255.255.192",$Q$5=27,"255.255.255.224")} -> 255.255.255.192 | H4: =CONCATENATE($O$5,".",$P$5,".",$O$2,".",$S$5) -> 10.39.16.1 | M4: 1 | O4: Rede Proteção | Q4: MSK | S4: GTW Proteção
A5: =CONCATENATE("SE - ",$S$2) -> SE - IMIGRANTE | B5: SSD - PNL 0 | C5: UAC1 | D5: UAC ETH1/ETH2 | E5: A8000 | F5: =CONCATENATE($O$5,".",$P$5,".",$O$2,".",$S$5+3) -> 10.39.16.4 | G5: {=_xlfn.IFS($Q$5=26,"255.255.255.192",$Q$5=27,"255.255.255.224")} -> 255.255.255.192 | H5: =CONCATENATE($O$5,".",$P$5,".",$O$2,".",$S$5) -> 10.39.16.1 | J5: R_52_1 | K5: 0x03 | L5: ="0x" & DEC2HEX(M5,3) -> 0x001 | M5: 1 | O5: 10 | P5: 39 | Q5: 26 | S5: 1
A6: =CONCATENATE("SE - ",$S$2) -> SE - IMIGRANTE | B6: DISPONIVEL | C6: - | D6: - | E6: - | F6: =CONCATENATE($O$5,".",$P$5,".",$O$2,".",$S$5+4) -> 10.39.16.5 | G6: {=_xlfn.IFS($Q$5=26,"255.255.255.192",$Q$5=27,"255.255.255.224")} -> 255.255.255.192 | H6: =CONCATENATE($O$5,".",$P$5,".",$O$2,".",$S$5) -> 10.39.16.1 | J6: R_52_1 | K6: 0x04 | L6: ="0x" & DEC2HEX(M6,3) -> 0x001 | M6: 1
A7: =CONCATENATE("SE - ",$S$2) -> SE - IMIGRANTE | B7: SSD - PNL 0 | C7: GPS | D7: GPS ETH1/ETH2 | E7: GPS | F7: =CONCATENATE($O$5,".",$P$5,".",$O$2,".",$S$5+5) -> 10.39.16.6 | G7: {=_xlfn.IFS($Q$5=26,"255.255.255.192",$Q$5=27,"255.255.255.224")} -> 255.255.255.192 | H7: =CONCATENATE($O$5,".",$P$5,".",$O$2,".",$S$5) -> 10.39.16.1 | J7: R_52_2 | K7: 0x05 | L7: ="0x" & DEC2HEX(M7,3) -> 0x001 | M7: 1 | O7: Rede Automação | Q7: MSK | S7: GTW Automação
A8: =CONCATENATE("SE - ",$S$2) -> SE - IMIGRANTE | B8: SSD - PNL 0 | C8: SW1 | D8: SW1 | E8: SW1 | F8: =CONCATENATE($O$5,".",$P$5,".",$O$2,".",$S$5+6) -> 10.39.16.7 | G8: {=_xlfn.IFS($Q$5=26,"255.255.255.192",$Q$5=27,"255.255.255.224")} -> 255.255.255.192 | H8: =CONCATENATE($O$5,".",$P$5,".",$O$2,".",$S$5) -> 10.39.16.1 | J8: R_52_2 | K8: 0x06 | L8: ="0x" & DEC2HEX(M8,3) -> 0x001 | M8: 1 | O8: 10 | P8: 34 | Q8: 27 | S8: 1
A9: =CONCATENATE("SE - ",$S$2) -> SE - IMIGRANTE | B9: SSD - PNL 0 | C9: SW2 | D9: SW2 | E9: SW2 | F9: =CONCATENATE($O$5,".",$P$5,".",$O$2,".",$S$5+7) -> 10.39.16.8 | G9: {=_xlfn.IFS($Q$5=26,"255.255.255.192",$Q$5=27,"255.255.255.224")} -> 255.255.255.192 | H9: =CONCATENATE($O$5,".",$P$5,".",$O$2,".",$S$5) -> 10.39.16.1 | J9: R_52_3 | K9: 0x07 | L9: ="0x" & DEC2HEX(M9,3) -> 0x001 | M9: 1
A10: =CONCATENATE("SE - ",$S$2) -> SE - IMIGRANTE | B10: SSD - PNL 0 | C10: SW3 | D10: SW3 | E10: SW3 | F10: =CONCATENATE($O$5,".",$P$5,".",$O$2,".",$S$5+8) -> 10.39.16.9 | G10: {=_xlfn.IFS($Q$5=26,"255.255.255.192",$Q$5=27,"255.255.255.224")} -> 255.255.255.192 | H10: =CONCATENATE($O$5,".",$P$5,".",$O$2,".",$S$5) -> 10.39.16.1 | J10: R_52_4 | K10: 0x08 | L10: ="0x" & DEC2HEX(M10,3) -> 0x001 | M10: 1 | O10: Rede Medição | Q10: MSK | S10: GTW Medição
A11: =CONCATENATE("SE - ",$S$2) -> SE - IMIGRANTE | B11: SSD - PNL 0 | C11: SMA | D11: SMA ETH1/ETH2 | E11: SMA | F11: =CONCATENATE($O$5,".",$P$5,".",$O$2,".",$S$5+9) -> 10.39.16.10 | G11: {=_xlfn.IFS($Q$5=26,"255.255.255.192",$Q$5=27,"255.255.255.224")} -> 255.255.255.192 | H11: =CONCATENATE($O$5,".",$P$5,".",$O$2,".",$S$5) -> 10.39.16.1 | J11: R_52_5 | K11: 0x09 | L11: ="0x" & DEC2HEX(M11,3) -> 0x001 | M11: 1 | O11: 10 | P11: 38 | Q11: 27 | S11: 1
A12: =CONCATENATE("SE - ",$S$2) -> SE - IMIGRANTE | B12: PNL 8 | C12: 11F1 | D12: 52-11 | E12: ALIMENTADOR 11 | F12: =CONCATENATE($O$5,".",$P$5,".",$O$2,".",$S$5+10) -> 10.39.16.11 | G12: {=_xlfn.IFS($Q$5=26,"255.255.255.192",$Q$5=27,"255.255.255.224")} -> 255.255.255.192 | H12: =CONCATENATE($O$5,".",$P$5,".",$O$2,".",$S$5) -> 10.39.16.1 | J12: R_52_6 | K12: 0x0A | L12: ="0x" & DEC2HEX(M12,3) -> 0x001 | M12: 1
A13: =CONCATENATE("SE - ",$S$2) -> SE - IMIGRANTE | B13: PNL 8 | C13: 12F1 | D13: 52-12 | E13: ALIMENTADOR 12 | F13: =CONCATENATE($O$5,".",$P$5,".",$O$2,".",$S$5+11) -> 10.39.16.12 | G13: {=_xlfn.IFS($Q$5=26,"255.255.255.192",$Q$5=27,"255.255.255.224")} -> 255.255.255.192 | H13: =CONCATENATE($O$5,".",$P$5,".",$O$2,".",$S$5) -> 10.39.16.1 | J13: R_52_11 | K13: 0x0B | L13: ="0x" & DEC2HEX(M13,3) -> 0x001 | M13: 1
A14: =CONCATENATE("SE - ",$S$2) -> SE - IMIGRANTE | B14: PNL 8 | C14: 13F1 | D14: 52-13 | E14: ALIMENTADOR 13 | F14: =CONCATENATE($O$5,".",$P$5,".",$O$2,".",$S$5+12) -> 10.39.16.13 | G14: {=_xlfn.IFS($Q$5=26,"255.255.255.192",$Q$5=27,"255.255.255.224")} -> 255.255.255.192 | H14: =CONCATENATE($O$5,".",$P$5,".",$O$2,".",$S$5) -> 10.39.16.1 | J14: R_52_12 | K14: 0x0C | L14: ="0x" & DEC2HEX(M14,3) -> 0x001 | M14: 1
A15: =CONCATENATE("SE - ",$S$2) -> SE - IMIGRANTE | B15: FUTURO | C15: 14F1 | D15: 52-14 | E15: ALIMENTADOR 14 | F15: =CONCATENATE($O$5,".",$P$5,".",$O$2,".",$S$5+13) -> 10.39.16.14 | G15: {=_xlfn.IFS($Q$5=26,"255.255.255.192",$Q$5=27,"255.255.255.224")} -> 255.255.255.192 | H15: =CONCATENATE($O$5,".",$P$5,".",$O$2,".",$S$5) -> 10.39.16.1 | J15: R_52_13 | K15: 0x0D | L15: ="0x" & DEC2HEX(M15,3) -> 0x001 | M15: 1
A16: =CONCATENATE("SE - ",$S$2) -> SE - IMIGRANTE | B16: FUTURO | C16: 15F1 | D16: 52-15 | E16: ALIMENTADOR 15 | F16: =CONCATENATE($O$5,".",$P$5,".",$O$2,".",$S$5+14) -> 10.39.16.15 | G16: {=_xlfn.IFS($Q$5=26,"255.255.255.192",$Q$5=27,"255.255.255.224")} -> 255.255.255.192 | H16: =CONCATENATE($O$5,".",$P$5,".",$O$2,".",$S$5) -> 10.39.16.1 | J16: R_52_14 | K16: 0x0E | L16: ="0x" & DEC2HEX(M16,3) -> 0x001 | M16: 1
A17: =CONCATENATE("SE - ",$S$2) -> SE - IMIGRANTE | B17: FUTURO | C17: 16F1 | D17: 52-16 | E17: ALIMENTADOR 16 | F17: =CONCATENATE($O$5,".",$P$5,".",$O$2,".",$S$5+15) -> 10.39.16.16 | G17: {=_xlfn.IFS($Q$5=26,"255.255.255.192",$Q$5=27,"255.255.255.224")} -> 255.255.255.192 | H17: =CONCATENATE($O$5,".",$P$5,".",$O$2,".",$S$5) -> 10.39.16.1 | J17: R_52_15 | K17: 0x0F | L17: ="0x" & DEC2HEX(M17,3) -> 0x001 | M17: 1
A18: =CONCATENATE("SE - ",$S$2) -> SE - IMIGRANTE | B18: DISPONIVEL | C18: - | D18: - | E18: - | F18: =CONCATENATE($O$5,".",$P$5,".",$O$2,".",$S$5+16) -> 10.39.16.17 | G18: {=_xlfn.IFS($Q$5=26,"255.255.255.192",$Q$5=27,"255.255.255.224")} -> 255.255.255.192 | H18: =CONCATENATE($O$5,".",$P$5,".",$O$2,".",$S$5) -> 10.39.16.1 | J18: R_52_16 | K18: 0x10 | L18: ="0x" & DEC2HEX(M18,3) -> 0x001 | M18: 1
A19: =CONCATENATE("SE - ",$S$2) -> SE - IMIGRANTE | B19: PNL 8 | C19: 18F1 | D19: 24-1 | E19: TRANSF. BARRA 1 BT | F19: =CONCATENATE($O$5,".",$P$5,".",$O$2,".",$S$5+17) -> 10.39.16.18 | G19: {=_xlfn.IFS($Q$5=26,"255.255.255.192",$Q$5=27,"255.255.255.224")} -> 255.255.255.192 | H19: =CONCATENATE($O$5,".",$P$5,".",$O$2,".",$S$5) -> 10.39.16.1 | J19: R_52_17 | K19: 0x11 | L19: ="0x" & DEC2HEX(M19,3) -> 0x001 | M19: 1
A20: =CONCATENATE("SE - ",$S$2) -> SE - IMIGRANTE | B20: PNL 16 | C20: 19F1 | D20: 52-18 | E20: BANCO DE CAPACITOR 1 | F20: =CONCATENATE($O$5,".",$P$5,".",$O$2,".",$S$5+18) -> 10.39.16.19 | G20: {=_xlfn.IFS($Q$5=26,"255.255.255.192",$Q$5=27,"255.255.255.224")} -> 255.255.255.192 | H20: =CONCATENATE($O$5,".",$P$5,".",$O$2,".",$S$5) -> 10.39.16.1 | J20: R_24_1 | K20: 0x12 | L20: ="0x" & DEC2HEX(M20,3) -> 0x001 | M20: 1
A21: =CONCATENATE("SE - ",$S$2) -> SE - IMIGRANTE | B21: PNL 12 | C21: 20F1 | D21: 52-20 | E21: INTERBARRAS BT | F21: =CONCATENATE($O$5,".",$P$5,".",$O$2,".",$S$5+19) -> 10.39.16.20 | G21: {=_xlfn.IFS($Q$5=26,"255.255.255.192",$Q$5=27,"255.255.255.224")} -> 255.255.255.192 | H21: =CONCATENATE($O$5,".",$P$5,".",$O$2,".",$S$5) -> 10.39.16.1 | J21: R_DIF_T1 | K21: 0x13 | L21: ="0x" & DEC2HEX(M21,3) -> 0x001 | M21: 1
A22: =CONCATENATE("SE - ",$S$2) -> SE - IMIGRANTE | B22: FUTURO - PNL 12 | C22: 21F1 | D22: 52-21 | E22: ALIMENTADOR 21 | F22: =CONCATENATE($O$5,".",$P$5,".",$O$2,".",$S$5+20) -> 10.39.16.21 | G22: {=_xlfn.IFS($Q$5=26,"255.255.255.192",$Q$5=27,"255.255.255.224")} -> 255.255.255.192 | H22: =CONCATENATE($O$5,".",$P$5,".",$O$2,".",$S$5) -> 10.39.16.1 | J22: R_DIF_T2 | K22: 0x14 | L22: ="0x" & DEC2HEX(M22,3) -> 0x001 | M22: 1
A23: =CONCATENATE("SE - ",$S$2) -> SE - IMIGRANTE | B23: FUTURO - PNL 12 | C23: 22F1 | D23: 52-22 | E23: ALIMENTADOR 22 | F23: =CONCATENATE($O$5,".",$P$5,".",$O$2,".",$S$5+21) -> 10.39.16.22 | G23: {=_xlfn.IFS($Q$5=26,"255.255.255.192",$Q$5=27,"255.255.255.224")} -> 255.255.255.192 | H23: =CONCATENATE($O$5,".",$P$5,".",$O$2,".",$S$5) -> 10.39.16.1 | J23: R_52_21 | K23: 0x15 | L23: ="0x" & DEC2HEX(M23,3) -> 0x001 | M23: 1
A24: =CONCATENATE("SE - ",$S$2) -> SE - IMIGRANTE | B24: PNL 12 | C24: 23F1 | D24: 52-23 | E24: ALIMENTADOR 23 | F24: =CONCATENATE($O$5,".",$P$5,".",$O$2,".",$S$5+22) -> 10.39.16.23 | G24: {=_xlfn.IFS($Q$5=26,"255.255.255.192",$Q$5=27,"255.255.255.224")} -> 255.255.255.192 | H24: =CONCATENATE($O$5,".",$P$5,".",$O$2,".",$S$5) -> 10.39.16.1 | J24: R_52_22 | K24: 0x16 | L24: ="0x" & DEC2HEX(M24,3) -> 0x001 | M24: 1
A25: =CONCATENATE("SE - ",$S$2) -> SE - IMIGRANTE | B25: PNL 14 | C25: 24F1 | D25: 52-24 | E25: ALIMENTADOR 24 | F25: =CONCATENATE($O$5,".",$P$5,".",$O$2,".",$S$5+23) -> 10.39.16.24 | G25: {=_xlfn.IFS($Q$5=26,"255.255.255.192",$Q$5=27,"255.255.255.224")} -> 255.255.255.192 | H25: =CONCATENATE($O$5,".",$P$5,".",$O$2,".",$S$5) -> 10.39.16.1 | J25: R_52_23 | K25: 0x17 | L25: ="0x" & DEC2HEX(M25,3) -> 0x001 | M25: 1
A26: =CONCATENATE("SE - ",$S$2) -> SE - IMIGRANTE | B26: PNL 14 | C26: 25F1 | D26: 52-25 | E26: ALIMENTADOR 25 | F26: =CONCATENATE($O$5,".",$P$5,".",$O$2,".",$S$5+24) -> 10.39.16.25 | G26: {=_xlfn.IFS($Q$5=26,"255.255.255.192",$Q$5=27,"255.255.255.224")} -> 255.255.255.192 | H26: =CONCATENATE($O$5,".",$P$5,".",$O$2,".",$S$5) -> 10.39.16.1 | J26: R_52_24 | K26: 0x18 | L26: ="0x" & DEC2HEX(M26,3) -> 0x001 | M26: 1
A27: =CONCATENATE("SE - ",$S$2) -> SE - IMIGRANTE | B27: PNL 14 | C27: 26F1 | D27: 52-26 | E27: ALIMENTADOR 26 | F27: =CONCATENATE($O$5,".",$P$5,".",$O$2,".",$S$5+25) -> 10.39.16.26 | G27: {=_xlfn.IFS($Q$5=26,"255.255.255.192",$Q$5=27,"255.255.255.224")} -> 255.255.255.192 | H27: =CONCATENATE($O$5,".",$P$5,".",$O$2,".",$S$5) -> 10.39.16.1 | J27: R_52_25 | K27: 0x19 | L27: ="0x" & DEC2HEX(M27,3) -> 0x001 | M27: 1
A28: =CONCATENATE("SE - ",$S$2) -> SE - IMIGRANTE | B28: DISPONIVEL | C28: - | D28: - | E28: - | F28: =CONCATENATE($O$5,".",$P$5,".",$O$2,".",$S$5+26) -> 10.39.16.27 | G28: {=_xlfn.IFS($Q$5=26,"255.255.255.192",$Q$5=27,"255.255.255.224")} -> 255.255.255.192 | H28: =CONCATENATE($O$5,".",$P$5,".",$O$2,".",$S$5) -> 10.39.16.1 | J28: R_52_26 | K28: 0x1A | L28: ="0x" & DEC2HEX(M28,3) -> 0x001 | M28: 1
A29: =CONCATENATE("SE - ",$S$2) -> SE - IMIGRANTE | B29: PNL 14 | C29: 28F1 | D29: 24-2 | E29: TRANSF. BARRA 2 BT | F29: =CONCATENATE($O$5,".",$P$5,".",$O$2,".",$S$5+27) -> 10.39.16.28 | G29: {=_xlfn.IFS($Q$5=26,"255.255.255.192",$Q$5=27,"255.255.255.224")} -> 255.255.255.192 | H29: =CONCATENATE($O$5,".",$P$5,".",$O$2,".",$S$5) -> 10.39.16.1 | J29: R_52_27 | K29: 0x1B | L29: ="0x" & DEC2HEX(M29,3) -> 0x001 | M29: 1
A30: =CONCATENATE("SE - ",$S$2) -> SE - IMIGRANTE | B30: PNL 16 | C30: 29F1 | D30: 52-28 | E30: BANCO DE CAPACITOR 2 | F30: =CONCATENATE($O$5,".",$P$5,".",$O$2,".",$S$5+28) -> 10.39.16.29 | G30: {=_xlfn.IFS($Q$5=26,"255.255.255.192",$Q$5=27,"255.255.255.224")} -> 255.255.255.192 | H30: =CONCATENATE($O$5,".",$P$5,".",$O$2,".",$S$5) -> 10.39.16.1 | J30: R_24_2 | K30: 0x1C | L30: ="0x" & DEC2HEX(M30,3) -> 0x001 | M30: 1
A31: =CONCATENATE("SE - ",$S$2) -> SE - IMIGRANTE | B31: DISPONIVEL | C31: - | D31: - | E31: - | F31: =CONCATENATE($O$5,".",$P$5,".",$O$2,".",$S$5+29) -> 10.39.16.30 | G31: {=_xlfn.IFS($Q$5=26,"255.255.255.192",$Q$5=27,"255.255.255.224")} -> 255.255.255.192 | H31: =CONCATENATE($O$5,".",$P$5,".",$O$2,".",$S$5) -> 10.39.16.1 | J31: R_52_7 | K31: 0x1D | L31: ="0x" & DEC2HEX(M31,3) -> 0x001 | M31: 1
A32: =CONCATENATE("SE - ",$S$2) -> SE - IMIGRANTE | B32: DISPONIVEL | C32: - | D32: - | E32: - | F32: =CONCATENATE($O$5,".",$P$5,".",$O$2,".",$S$5+30) -> 10.39.16.31 | G32: {=_xlfn.IFS($Q$5=26,"255.255.255.192",$Q$5=27,"255.255.255.224")} -> 255.255.255.192 | H32: =CONCATENATE($O$5,".",$P$5,".",$O$2,".",$S$5) -> 10.39.16.1 | J32: R_BCO | K32: 0x1E | L32: ="0x" & DEC2HEX(M32,3) -> 0x001 | M32: 1
A33: =CONCATENATE("SE - ",$S$2) -> SE - IMIGRANTE | B33: DISPONIVEL | C33: - | D33: - | E33: - | F33: =CONCATENATE($O$5,".",$P$5,".",$O$2,".",$S$5+31) -> 10.39.16.32 | G33: {=_xlfn.IFS($Q$5=26,"255.255.255.192",$Q$5=27,"255.255.255.224")} -> 255.255.255.192 | H33: =CONCATENATE($O$5,".",$P$5,".",$O$2,".",$S$5) -> 10.39.16.1
A34: =CONCATENATE("SE - ",$S$2) -> SE - IMIGRANTE | B34: DISPONIVEL | C34: - | D34: - | E34: - | F34: =CONCATENATE($O$5,".",$P$5,".",$O$2,".",$S$5+32) -> 10.39.16.33 | G34: {=_xlfn.IFS($Q$5=26,"255.255.255.192",$Q$5=27,"255.255.255.224")} -> 255.255.255.192 | H34: =CONCATENATE($O$5,".",$P$5,".",$O$2,".",$S$5) -> 10.39.16.1
A35: =CONCATENATE("SE - ",$S$2) -> SE - IMIGRANTE | B35: PNL 9 | C35: 34F1 | D35: BARRA AT | E35: DIFERÊNCIAL BARRA AT | F35: =CONCATENATE($O$5,".",$P$5,".",$O$2,".",$S$5+33) -> 10.39.16.34 | G35: {=_xlfn.IFS($Q$5=26,"255.255.255.192",$Q$5=27,"255.255.255.224")} -> 255.255.255.192 | H35: =CONCATENATE($O$5,".",$P$5,".",$O$2,".",$S$5) -> 10.39.16.1
A36: =CONCATENATE("SE - ",$S$2) -> SE - IMIGRANTE | B36: PNL 18 | C36: 35F1 | D36: BARRA 1 BT | E36: DIFERÊNCIAL BARRA 1 BT | F36: =CONCATENATE($O$5,".",$P$5,".",$O$2,".",$S$5+34) -> 10.39.16.35 | G36: {=_xlfn.IFS($Q$5=26,"255.255.255.192",$Q$5=27,"255.255.255.224")} -> 255.255.255.192 | H36: =CONCATENATE($O$5,".",$P$5,".",$O$2,".",$S$5) -> 10.39.16.1
A37: =CONCATENATE("SE - ",$S$2) -> SE - IMIGRANTE | B37: PNL 20 | C37: 36F1 | D37: BARRA 2 MT | E37: DIFERÊNCIAL BARRA 2 BT | F37: =CONCATENATE($O$5,".",$P$5,".",$O$2,".",$S$5+35) -> 10.39.16.36 | G37: {=_xlfn.IFS($Q$5=26,"255.255.255.192",$Q$5=27,"255.255.255.224")} -> 255.255.255.192 | H37: =CONCATENATE($O$5,".",$P$5,".",$O$2,".",$S$5) -> 10.39.16.1
A38: =CONCATENATE("SE - ",$S$2) -> SE - IMIGRANTE | B38: DISPONIVEL | C38: - | D38: - | E38: - | F38: =CONCATENATE($O$5,".",$P$5,".",$O$2,".",$S$5+36) -> 10.39.16.37 | G38: {=_xlfn.IFS($Q$5=26,"255.255.255.192",$Q$5=27,"255.255.255.224")} -> 255.255.255.192 | H38: =CONCATENATE($O$5,".",$P$5,".",$O$2,".",$S$5) -> 10.39.16.1
A39: =CONCATENATE("SE - ",$S$2) -> SE - IMIGRANTE | B39: DISPONIVEL | C39: - | D39: - | E39: - | F39: =CONCATENATE($O$5,".",$P$5,".",$O$2,".",$S$5+37) -> 10.39.16.38 | G39: {=_xlfn.IFS($Q$5=26,"255.255.255.192",$Q$5=27,"255.255.255.224")} -> 255.255.255.192 | H39: =CONCATENATE($O$5,".",$P$5,".",$O$2,".",$S$5) -> 10.39.16.1
A40: =CONCATENATE("SE - ",$S$2) -> SE - IMIGRANTE | B40: DISPONIVEL | C40: - | D40: - | E40: - | F40: =CONCATENATE($O$5,".",$P$5,".",$O$2,".",$S$5+38) -> 10.39.16.39 | G40: {=_xlfn.IFS($Q$5=26,"255.255.255.192",$Q$5=27,"255.255.255.224")} -> 255.255.255.192 | H40: =CONCATENATE($O$5,".",$P$5,".",$O$2,".",$S$5) -> 10.39.16.1
A41: =CONCATENATE("SE - ",$S$2) -> SE - IMIGRANTE | B41: PNL 04 | C41: 40F1 | D41: VCA | E41: AUTOMATISMO CA | F41: =CONCATENATE($O$5,".",$P$5,".",$O$2,".",$S$5+39) -> 10.39.16.40 | G41: {=_xlfn.IFS($Q$5=26,"255.255.255.192",$Q$5=27,"255.255.255.224")} -> 255.255.255.192 | H41: =CONCATENATE($O$5,".",$P$5,".",$O$2,".",$S$5) -> 10.39.16.1
A42: =CONCATENATE("SE - ",$S$2) -> SE - IMIGRANTE | B42: FUTURO - PNL 1 | C42: 01F1 | D42: 52-1 | E42: LT 69KV - 1 | F42: =CONCATENATE($O$5,".",$P$5,".",$O$2,".",$S$5+40) -> 10.39.16.41 | G42: {=_xlfn.IFS($Q$5=26,"255.255.255.192",$Q$5=27,"255.255.255.224")} -> 255.255.255.192 | H42: =CONCATENATE($O$5,".",$P$5,".",$O$2,".",$S$5) -> 10.39.16.1
A43: =CONCATENATE("SE - ",$S$2) -> SE - IMIGRANTE | B43: FUTURO - PNL 1 | C43: 01F2 | D43: 52-1 | E43: LT 69KV - 1 | F43: =CONCATENATE($O$5,".",$P$5,".",$O$2,".",$S$5+41) -> 10.39.16.42 | G43: {=_xlfn.IFS($Q$5=26,"255.255.255.192",$Q$5=27,"255.255.255.224")} -> 255.255.255.192 | H43: =CONCATENATE($O$5,".",$P$5,".",$O$2,".",$S$5) -> 10.39.16.1
A44: =CONCATENATE("SE - ",$S$2) -> SE - IMIGRANTE | B44: FUTURO - PNL 2 | C44: 02F1 | D44: 52-2 | E44: LT 69KV - 2 | F44: =CONCATENATE($O$5,".",$P$5,".",$O$2,".",$S$5+42) -> 10.39.16.43 | G44: {=_xlfn.IFS($Q$5=26,"255.255.255.192",$Q$5=27,"255.255.255.224")} -> 255.255.255.192 | H44: =CONCATENATE($O$5,".",$P$5,".",$O$2,".",$S$5) -> 10.39.16.1
A45: =CONCATENATE("SE - ",$S$2) -> SE - IMIGRANTE | B45: FUTURO - PNL 2 | C45: 02F2 | D45: 52-2 | E45: LT 69KV - 2 | F45: =CONCATENATE($O$5,".",$P$5,".",$O$2,".",$S$5+43) -> 10.39.16.44 | G45: {=_xlfn.IFS($Q$5=26,"255.255.255.192",$Q$5=27,"255.255.255.224")} -> 255.255.255.192 | H45: =CONCATENATE($O$5,".",$P$5,".",$O$2,".",$S$5) -> 10.39.16.1 | L45: ="0x" & DEC2HEX(M45,3) -> 0x000
A46: =CONCATENATE("SE - ",$S$2) -> SE - IMIGRANTE | B46: PNL 3 | C46: 03F1 | D46: 52-3 | E46: LT ARROIO DO MEIO | F46: =CONCATENATE($O$5,".",$P$5,".",$O$2,".",$S$5+44) -> 10.39.16.45 | G46: {=_xlfn.IFS($Q$5=26,"255.255.255.192",$Q$5=27,"255.255.255.224")} -> 255.255.255.192 | H46: =CONCATENATE($O$5,".",$P$5,".",$O$2,".",$S$5) -> 10.39.16.1 | L46: ="0x" & DEC2HEX(M46,3) -> 0x000
A47: =CONCATENATE("SE - ",$S$2) -> SE - IMIGRANTE | B47: PNL 3 | C47: 03F2 | D47: 52-3 | E47: LT ARROIO DO MEIO | F47: =CONCATENATE($O$5,".",$P$5,".",$O$2,".",$S$5+45) -> 10.39.16.46 | G47: {=_xlfn.IFS($Q$5=26,"255.255.255.192",$Q$5=27,"255.255.255.224")} -> 255.255.255.192 | H47: =CONCATENATE($O$5,".",$P$5,".",$O$2,".",$S$5) -> 10.39.16.1 | L47: ="0x" & DEC2HEX(M47,3) -> 0x000
A48: =CONCATENATE("SE - ",$S$2) -> SE - IMIGRANTE | B48: PNL 4 | C48: 04F1 | D48: 52-4 | E48: LT ROCA SALES | F48: =CONCATENATE($O$5,".",$P$5,".",$O$2,".",$S$5+46) -> 10.39.16.47 | G48: {=_xlfn.IFS($Q$5=26,"255.255.255.192",$Q$5=27,"255.255.255.224")} -> 255.255.255.192 | H48: =CONCATENATE($O$5,".",$P$5,".",$O$2,".",$S$5) -> 10.39.16.1 | L48: ="0x" & DEC2HEX(M48,3) -> 0x000
A49: =CONCATENATE("SE - ",$S$2) -> SE - IMIGRANTE | B49: PNL 4 | C49: 04F2 | D49: 52-4 | E49: LT ROCA SALES | F49: =CONCATENATE($O$5,".",$P$5,".",$O$2,".",$S$5+47) -> 10.39.16.48 | G49: {=_xlfn.IFS($Q$5=26,"255.255.255.192",$Q$5=27,"255.255.255.224")} -> 255.255.255.192 | H49: =CONCATENATE($O$5,".",$P$5,".",$O$2,".",$S$5) -> 10.39.16.1 | L49: ="0x" & DEC2HEX(M49,3) -> 0x000
A50: =CONCATENATE("SE - ",$S$2) -> SE - IMIGRANTE | B50: DISPONIVEL | C50: - | D50: - | E50: - | F50: =CONCATENATE($O$5,".",$P$5,".",$O$2,".",$S$5+48) -> 10.39.16.49 | G50: {=_xlfn.IFS($Q$5=26,"255.255.255.192",$Q$5=27,"255.255.255.224")} -> 255.255.255.192 | H50: =CONCATENATE($O$5,".",$P$5,".",$O$2,".",$S$5) -> 10.39.16.1 | L50: ="0x" & DEC2HEX(M50,3) -> 0x000
A51: =CONCATENATE("SE - ",$S$2) -> SE - IMIGRANTE | B51: FUTURO - PNL 5 | C51: 05F1 | D51: 24-3 | E51: TRANSF. BARRA AT | F51: =CONCATENATE($O$5,".",$P$5,".",$O$2,".",$S$5+49) -> 10.39.16.50 | G51: {=_xlfn.IFS($Q$5=26,"255.255.255.192",$Q$5=27,"255.255.255.224")} -> 255.255.255.192 | H51: =CONCATENATE($O$5,".",$P$5,".",$O$2,".",$S$5) -> 10.39.16.1 | L51: ="0x" & DEC2HEX(M51,3) -> 0x000
A52: =CONCATENATE("SE - ",$S$2) -> SE - IMIGRANTE | B52: PNL 15 | C52: 06F1 | D52: 52-6 | E52: DIF / GERAL DE AT | F52: =CONCATENATE($O$5,".",$P$5,".",$O$2,".",$S$5+50) -> 10.39.16.51 | G52: {=_xlfn.IFS($Q$5=26,"255.255.255.192",$Q$5=27,"255.255.255.224")} -> 255.255.255.192 | H52: =CONCATENATE($O$5,".",$P$5,".",$O$2,".",$S$5) -> 10.39.16.1 | L52: ="0x" & DEC2HEX(M52,3) -> 0x000
A53: =CONCATENATE("SE - ",$S$2) -> SE - IMIGRANTE | B53: PNL 15 | C53: 06F2 | D53: 52-19 | E53: DIF / GERAL DE BT | F53: =CONCATENATE($O$5,".",$P$5,".",$O$2,".",$S$5+51) -> 10.39.16.52 | G53: {=_xlfn.IFS($Q$5=26,"255.255.255.192",$Q$5=27,"255.255.255.224")} -> 255.255.255.192 | H53: =CONCATENATE($O$5,".",$P$5,".",$O$2,".",$S$5) -> 10.39.16.1 | L53: ="0x" & DEC2HEX(M53,3) -> 0x000
A54: =CONCATENATE("SE - ",$S$2) -> SE - IMIGRANTE | B54: TR1 | C54: 06F3 | D54: TR1 | E54: 2414 | F54: =CONCATENATE($O$5,".",$P$5,".",$O$2,".",$S$5+52) -> 10.39.16.53 | G54: {=_xlfn.IFS($Q$5=26,"255.255.255.192",$Q$5=27,"255.255.255.224")} -> 255.255.255.192 | H54: =CONCATENATE($O$5,".",$P$5,".",$O$2,".",$S$5) -> 10.39.16.1 | L54: ="0x" & DEC2HEX(M54,3) -> 0x000
A55: =CONCATENATE("SE - ",$S$2) -> SE - IMIGRANTE | B55: PNL 17 | C55: 07F1 | D55: 52-7 | E55: DIF / GERAL DE AT | F55: =CONCATENATE($O$5,".",$P$5,".",$O$2,".",$S$5+53) -> 10.39.16.54 | G55: {=_xlfn.IFS($Q$5=26,"255.255.255.192",$Q$5=27,"255.255.255.224")} -> 255.255.255.192 | H55: =CONCATENATE($O$5,".",$P$5,".",$O$2,".",$S$5) -> 10.39.16.1 | L55: ="0x" & DEC2HEX(M55,3) -> 0x000
A56: =CONCATENATE("SE - ",$S$2) -> SE - IMIGRANTE | B56: PNL 17 | C56: 07F2 | D56: 52-29 | E56: DIF / GERAL DE BT | F56: =CONCATENATE($O$5,".",$P$5,".",$O$2,".",$S$5+54) -> 10.39.16.55 | G56: {=_xlfn.IFS($Q$5=26,"255.255.255.192",$Q$5=27,"255.255.255.224")} -> 255.255.255.192 | H56: =CONCATENATE($O$5,".",$P$5,".",$O$2,".",$S$5) -> 10.39.16.1 | L56: ="0x" & DEC2HEX(M56,3) -> 0x000
A57: =CONCATENATE("SE - ",$S$2) -> SE - IMIGRANTE | B57: TR2 | C57: 07F3 | D57: TR2 | E57: 2414 | F57: =CONCATENATE($O$5,".",$P$5,".",$O$2,".",$S$5+55) -> 10.39.16.56 | G57: {=_xlfn.IFS($Q$5=26,"255.255.255.192",$Q$5=27,"255.255.255.224")} -> 255.255.255.192 | H57: =CONCATENATE($O$5,".",$P$5,".",$O$2,".",$S$5) -> 10.39.16.1 | L57: ="0x" & DEC2HEX(M57,3) -> 0x000
A58: =CONCATENATE("SE - ",$S$2) -> SE - IMIGRANTE | B58: DISPONIVEL | C58: - | D58: - | E58: - | F58: =CONCATENATE($O$5,".",$P$5,".",$O$2,".",$S$5+56) -> 10.39.16.57 | G58: {=_xlfn.IFS($Q$5=26,"255.255.255.192",$Q$5=27,"255.255.255.224")} -> 255.255.255.192 | H58: =CONCATENATE($O$5,".",$P$5,".",$O$2,".",$S$5) -> 10.39.16.1 | L58: ="0x" & DEC2HEX(M58,3) -> 0x000
A60: Rede Automação
A61: SUBESTAÇÃO | B61: PAINEL | C61: IED | D61: TAG | E61: DESCRIÇÃO | F61: IP | G61: MASCARA | H61: GATEWAY | I61: GOOSE MAC | J61: GOOSE ID | K61: APP ID | L61: VLANID HEX | M61: VLAN ID (DEC)
A62: =CONCATENATE("SE - ",$S$2) -> SE - IMIGRANTE | B62: SSD - PNL 0 | C62: CTR | D62: CTR ETH1/ETH2 | E62: CTR | F62: =CONCATENATE($O$8,".",$P$8,".",$O$2,".",$S$8+1) -> 10.34.16.2 | G62: {=_xlfn.IFS($Q$8=26,"255.255.255.192",$Q$8=27,"255.255.255.224")} -> 255.255.255.224 | H62: =CONCATENATE($O$8,".",$P$8,".",$O$2,".",$S$8) -> 10.34.16.1 | M62: 2
A63: =CONCATENATE("SE - ",$S$2) -> SE - IMIGRANTE | B63: SSD - PNL 0 | C63: SOL | D63: SOL ETH1/ETH2 | E63: SOL | F63: =CONCATENATE($O$8,".",$P$8,".",$O$2,".",$S$8+2) -> 10.34.16.3 | G63: {=_xlfn.IFS($Q$8=26,"255.255.255.192",$Q$8=27,"255.255.255.224")} -> 255.255.255.224 | H63: =CONCATENATE($O$8,".",$P$8,".",$O$2,".",$S$8) -> 10.34.16.1 | M63: 2
A64: =CONCATENATE("SE - ",$S$2) -> SE - IMIGRANTE | B64: SSD - PNL 0 | C64: UAC1 | D64: UAC ETH1/ETH2 | E64: UAC | F64: =CONCATENATE($O$8,".",$P$8,".",$O$2,".",$S$8+3) -> 10.34.16.4 | G64: {=_xlfn.IFS($Q$8=26,"255.255.255.192",$Q$8=27,"255.255.255.224")} -> 255.255.255.224 | H64: =CONCATENATE($O$8,".",$P$8,".",$O$2,".",$S$8) -> 10.34.16.1 | J64: UAC1 | K64: 0x05 | L64: ="0x" & DEC2HEX(M64,3) -> 0x002 | M64: 2
A65: =CONCATENATE("SE - ",$S$2) -> SE - IMIGRANTE | B65: SSD - PNL 0 | C65: UAC2 | D65: UAC ETH1/ETH2 | E65: UAC | F65: =CONCATENATE($O$8,".",$P$8,".",$O$2,".",$S$8+4) -> 10.34.16.5 | G65: {=_xlfn.IFS($Q$8=26,"255.255.255.192",$Q$8=27,"255.255.255.224")} -> 255.255.255.224 | H65: =CONCATENATE($O$8,".",$P$8,".",$O$2,".",$S$8) -> 10.34.16.1 | J65: UAC2 | K65: 0x06 | L65: ="0x" & DEC2HEX(M65,3) -> 0x002 | M65: 2
A66: =CONCATENATE("SE - ",$S$2) -> SE - IMIGRANTE | B66: SSD - PNL 0 | C66: GPS | D66: GPS ETH1/ETH2 | E66: GPS | F66: =CONCATENATE($O$8,".",$P$8,".",$O$2,".",$S$8+5) -> 10.34.16.6 | G66: {=_xlfn.IFS($Q$8=26,"255.255.255.192",$Q$8=27,"255.255.255.224")} -> 255.255.255.224 | H66: =CONCATENATE($O$8,".",$P$8,".",$O$2,".",$S$8) -> 10.34.16.1 | M66: 2
A67: =CONCATENATE("SE - ",$S$2) -> SE - IMIGRANTE | B67: SSD - PNL 0 | C67: SW1 | D67: SW1 | E67: SW1 | F67: =CONCATENATE($O$8,".",$P$8,".",$O$2,".",$S$8+6) -> 10.34.16.7 | G67: {=_xlfn.IFS($Q$8=26,"255.255.255.192",$Q$8=27,"255.255.255.224")} -> 255.255.255.224 | H67: =CONCATENATE($O$8,".",$P$8,".",$O$2,".",$S$8) -> 10.34.16.1 | M67: 2
A68: =CONCATENATE("SE - ",$S$2) -> SE - IMIGRANTE | B68: SSD - PNL 0 | C68: SW2 | D68: SW2 | E68: SW2 | F68: =CONCATENATE($O$8,".",$P$8,".",$O$2,".",$S$8+7) -> 10.34.16.8 | G68: {=_xlfn.IFS($Q$8=26,"255.255.255.192",$Q$8=27,"255.255.255.224")} -> 255.255.255.224 | H68: =CONCATENATE($O$8,".",$P$8,".",$O$2,".",$S$8) -> 10.34.16.1 | M68: 2
A69: =CONCATENATE("SE - ",$S$2) -> SE - IMIGRANTE | B69: SSD - PNL 0 | C69: SW3 | D69: SW3 | E69: SW3 | F69: =CONCATENATE($O$8,".",$P$8,".",$O$2,".",$S$8+8) -> 10.34.16.9 | G69: {=_xlfn.IFS($Q$8=26,"255.255.255.192",$Q$8=27,"255.255.255.224")} -> 255.255.255.224 | H69: =CONCATENATE($O$8,".",$P$8,".",$O$2,".",$S$8) -> 10.34.16.1 | M69: 2
A70: =CONCATENATE("SE - ",$S$2) -> SE - IMIGRANTE | B70: SSD - PNL 0 | C70: SMA | D70: SMA ETH1/ETH2 | E70: SMA | F70: =CONCATENATE($O$8,".",$P$8,".",$O$2,".",$S$8+9) -> 10.34.16.10 | G70: {=_xlfn.IFS($Q$8=26,"255.255.255.192",$Q$8=27,"255.255.255.224")} -> 255.255.255.224 | H70: =CONCATENATE($O$8,".",$P$8,".",$O$2,".",$S$8) -> 10.34.16.1 | M70: 2
A71: =CONCATENATE("SE - ",$S$2) -> SE - IMIGRANTE | F71: =CONCATENATE($O$8,".",$P$8,".",$O$2,".",$S$8+10) -> 10.34.16.11 | G71: {=_xlfn.IFS($Q$8=26,"255.255.255.192",$Q$8=27,"255.255.255.224")} -> 255.255.255.224 | H71: =CONCATENATE($O$8,".",$P$8,".",$O$2,".",$S$8) -> 10.34.16.1 | M71: 2
A72: =CONCATENATE("SE - ",$S$2) -> SE - IMIGRANTE | F72: =CONCATENATE($O$8,".",$P$8,".",$O$2,".",$S$8+11) -> 10.34.16.12 | G72: {=_xlfn.IFS($Q$8=26,"255.255.255.192",$Q$8=27,"255.255.255.224")} -> 255.255.255.224 | H72: =CONCATENATE($O$8,".",$P$8,".",$O$2,".",$S$8) -> 10.34.16.1
A73: =CONCATENATE("SE - ",$S$2) -> SE - IMIGRANTE | F73: =CONCATENATE($O$8,".",$P$8,".",$O$2,".",$S$8+12) -> 10.34.16.13 | G73: {=_xlfn.IFS($Q$8=26,"255.255.255.192",$Q$8=27,"255.255.255.224")} -> 255.255.255.224 | H73: =CONCATENATE($O$8,".",$P$8,".",$O$2,".",$S$8) -> 10.34.16.1
A74: =CONCATENATE("SE - ",$S$2) -> SE - IMIGRANTE | F74: =CONCATENATE($O$8,".",$P$8,".",$O$2,".",$S$8+13) -> 10.34.16.14 | G74: {=_xlfn.IFS($Q$8=26,"255.255.255.192",$Q$8=27,"255.255.255.224")} -> 255.255.255.224 | H74: =CONCATENATE($O$8,".",$P$8,".",$O$2,".",$S$8) -> 10.34.16.1
A75: =CONCATENATE("SE - ",$S$2) -> SE - IMIGRANTE | F75: =CONCATENATE($O$8,".",$P$8,".",$O$2,".",$S$8+14) -> 10.34.16.15 | G75: {=_xlfn.IFS($Q$8=26,"255.255.255.192",$Q$8=27,"255.255.255.224")} -> 255.255.255.224 | H75: =CONCATENATE($O$8,".",$P$8,".",$O$2,".",$S$8) -> 10.34.16.1
A76: =CONCATENATE("SE - ",$S$2) -> SE - IMIGRANTE | F76: =CONCATENATE($O$8,".",$P$8,".",$O$2,".",$S$8+15) -> 10.34.16.16 | G76: {=_xlfn.IFS($Q$8=26,"255.255.255.192",$Q$8=27,"255.255.255.224")} -> 255.255.255.224 | H76: =CONCATENATE($O$8,".",$P$8,".",$O$2,".",$S$8) -> 10.34.16.1
A77: =CONCATENATE("SE - ",$S$2) -> SE - IMIGRANTE | F77: =CONCATENATE($O$8,".",$P$8,".",$O$2,".",$S$8+16) -> 10.34.16.17 | G77: {=_xlfn.IFS($Q$8=26,"255.255.255.192",$Q$8=27,"255.255.255.224")} -> 255.255.255.224 | H77: =CONCATENATE($O$8,".",$P$8,".",$O$2,".",$S$8) -> 10.34.16.1
A78: =CONCATENATE("SE - ",$S$2) -> SE - IMIGRANTE | F78: =CONCATENATE($O$8,".",$P$8,".",$O$2,".",$S$8+17) -> 10.34.16.18 | G78: {=_xlfn.IFS($Q$8=26,"255.255.255.192",$Q$8=27,"255.255.255.224")} -> 255.255.255.224 | H78: =CONCATENATE($O$8,".",$P$8,".",$O$2,".",$S$8) -> 10.34.16.1
A79: =CONCATENATE("SE - ",$S$2) -> SE - IMIGRANTE | F79: =CONCATENATE($O$8,".",$P$8,".",$O$2,".",$S$8+18) -> 10.34.16.19 | G79: {=_xlfn.IFS($Q$8=26,"255.255.255.192",$Q$8=27,"255.255.255.224")} -> 255.255.255.224 | H79: =CONCATENATE($O$8,".",$P$8,".",$O$2,".",$S$8) -> 10.34.16.1
A80: =CONCATENATE("SE - ",$S$2) -> SE - IMIGRANTE | F80: =CONCATENATE($O$8,".",$P$8,".",$O$2,".",$S$8+19) -> 10.34.16.20 | G80: {=_xlfn.IFS($Q$8=26,"255.255.255.192",$Q$8=27,"255.255.255.224")} -> 255.255.255.224 | H80: =CONCATENATE($O$8,".",$P$8,".",$O$2,".",$S$8) -> 10.34.16.1
A81: =CONCATENATE("SE - ",$S$2) -> SE - IMIGRANTE | F81: =CONCATENATE($O$8,".",$P$8,".",$O$2,".",$S$8+20) -> 10.34.16.21 | G81: {=_xlfn.IFS($Q$8=26,"255.255.255.192",$Q$8=27,"255.255.255.224")} -> 255.255.255.224 | H81: =CONCATENATE($O$8,".",$P$8,".",$O$2,".",$S$8) -> 10.34.16.1
A82: =CONCATENATE("SE - ",$S$2) -> SE - IMIGRANTE | F82: =CONCATENATE($O$8,".",$P$8,".",$O$2,".",$S$8+21) -> 10.34.16.22 | G82: {=_xlfn.IFS($Q$8=26,"255.255.255.192",$Q$8=27,"255.255.255.224")} -> 255.255.255.224 | H82: =CONCATENATE($O$8,".",$P$8,".",$O$2,".",$S$8) -> 10.34.16.1
A83: =CONCATENATE("SE - ",$S$2) -> SE - IMIGRANTE | F83: =CONCATENATE($O$8,".",$P$8,".",$O$2,".",$S$8+22) -> 10.34.16.23 | G83: {=_xlfn.IFS($Q$8=26,"255.255.255.192",$Q$8=27,"255.255.255.224")} -> 255.255.255.224 | H83: =CONCATENATE($O$8,".",$P$8,".",$O$2,".",$S$8) -> 10.34.16.1
A84: =CONCATENATE("SE - ",$S$2) -> SE - IMIGRANTE | F84: =CONCATENATE($O$8,".",$P$8,".",$O$2,".",$S$8+23) -> 10.34.16.24 | G84: {=_xlfn.IFS($Q$8=26,"255.255.255.192",$Q$8=27,"255.255.255.224")} -> 255.255.255.224 | H84: =CONCATENATE($O$8,".",$P$8,".",$O$2,".",$S$8) -> 10.34.16.1
